#include "io.h"
#include <stdio.h>
#include <stdint.h>
#include "sys/alt_irq.h"
#include "altera_avalon_timer_regs.h"
#include "system.h"
#include "image_DMA.h"


#define LCD_WIDTH  240
#define LCD_HEIGHT 320

#define LCD_RESET_n 0x01
//#define LCD_CS_n 0x02
#define LCD_IM0 0x04

#define IMAGE_SIZE (2*240*320) // 2 bytes, 240x320

#define GPIO_REG_CS (4*6)

enum DMA_LCD_REG {
	DMA_LCD_COMMANDE = 0,
	DMA_LCD_DATA = 4,
	DMA_LCD_PTR = 8,
	DMA_LCD_SIZE = 12,
	DMA_LCD_CTRL = 16,
};

enum GPIO_REG {
	GPIO_REG_DIR = 0,
	GPIO_REG_PORT = 8,
	GPIO_REG_SET = 12,
	GPIO_REG_CLR = 16,
};

enum GPIO_REG_LCD {
	GPIO_REG_DIR_LCD = 0,
	GPIO_REG_PORT_LCD = 2,
	GPIO_REG_SET_LCD = 3,
	GPIO_REG_CLR_LCD = 4,
};



///////////////////
// Theorie Timer //
///////////////////

/*
 * Quand timer generer une interruption, il met un bit de statut IRQ pending à 1
 * Quand le controleur d'interruption de Nios II voit ce bit, il appelle ISR
 * ISR doit effacer ce bit pour dire qu'il a traité l'interruption (acknowledge)
*/

/*
 * Le compteur décompte d'une valeur à 0. Dès qu'il atteint 0, il set à 1 le bit0 (TO) du status register (à clear nous meme).
 * Qunad le bit0 du status register est actif, et le bit0 du control register est actif ==> interval timer genere une IRQ
 *
 * --> bit0 du control register => active les interruptions du timer & lance une interruption quand compteur atteint 0
 * --> bit0 du status register => s'active lorsque le compteur atteint 0
 *
 * */

static int img_transfered = 0;
static int img_select = 0;
static uint32_t counter;

void delay(uint32_t ticks) {
    counter = 0;
    while (counter < ticks);
}

void timer_interrupt(void *context)
{
	counter++;
	// write counter value on the parallel port
	//IOWR_32DIRECT(PARALLELPORT_0_BASE,GPIO_REG_PORT,counter); // -->regport

	//clear pending interrupt
	IOWR_16DIRECT(TIMER_0_BASE, 0, 0);
}

void dma_interrupt(void *context)
{
	// Clear IRQ flag by writing 0x04 to the control register
	IOWR_32DIRECT(DMA_LCD_CTRL_0_BASE, DMA_LCD_CTRL, 0x0004);
	img_transfered = 1;
}

void LCD_Write_Command(int command) {
    IOWR_16DIRECT(DMA_LCD_CTRL_0_BASE,DMA_LCD_COMMANDE,command);
}

void LCD_Write_Data(int data) {
    IOWR_16DIRECT(DMA_LCD_CTRL_0_BASE,DMA_LCD_DATA,data);
}


void init_LCD() {

	//IOWR_8DIRECT(GPIO_LCD_0_BASE, GPIO_REG_SET_LCD, LCD_RDn);
	IOWR_32DIRECT(DMA_LCD_CTRL_0_BASE,GPIO_REG_CS, 1); // cs_n off
	IOWR_8DIRECT(GPIO_LCD_0_BASE, GPIO_REG_CLR_LCD, LCD_RESET_n|LCD_IM0);
	delay(200);
	//IOWR_8DIRECT(GPIO_LCD_0_BASE, GPIO_REG_CLR_LCD, LCD_CS_n); // set reset off and 16 bits mode and enable LED_CS
	IOWR_8DIRECT(GPIO_LCD_0_BASE, GPIO_REG_SET_LCD, LCD_RESET_n);
	IOWR_32DIRECT(DMA_LCD_CTRL_0_BASE,GPIO_REG_CS, 0); // cs_n on
	delay(200);

	LCD_Write_Command(0x0028);     //display OFF
	LCD_Write_Command(0x0011);     //exit SLEEP mode
	LCD_Write_Data(0x0000);

	LCD_Write_Command(0x00CB);     //Power Control A
	LCD_Write_Data(0x0039);     //always 0x39
	LCD_Write_Data(0x002C);     //always 0x2C
	LCD_Write_Data(0x0000);     //always 0x00
	LCD_Write_Data(0x0034);     //Vcore = 1.6V
	LCD_Write_Data(0x0002);     //DDVDH = 5.6V

	LCD_Write_Command(0x00CF);     //Power Control B
	LCD_Write_Data(0x0000);     //always 0x00
	LCD_Write_Data(0x0081);     //PCEQ off
	LCD_Write_Data(0x0030);     //ESD protection

	LCD_Write_Command(0x00E8);     //Driver timing control A
	LCD_Write_Data(0x0085);     //non - overlap
	LCD_Write_Data(0x0001);     //EQ timing
	LCD_Write_Data(0x0079);     //Pre-charge timing


	LCD_Write_Command(0x00EA);     //Driver timing control B
	LCD_Write_Data(0x0000);        //Gate driver timing
	LCD_Write_Data(0x0000);        //always 0x00

	LCD_Write_Command(0x00ED); //Power‐On sequence control
	LCD_Write_Data(0x0064);        //soft start
	LCD_Write_Data(0x0003);        //power on sequence
	LCD_Write_Data(0x0012);        //power on sequence
	LCD_Write_Data(0x0081);        //DDVDH enhance on

	LCD_Write_Command(0x00F7);     //Pump ratio control
	LCD_Write_Data(0x0020);     //DDVDH=2xVCI

	LCD_Write_Command(0x00C0);    //power control 1
	LCD_Write_Data(0x0026);
	LCD_Write_Data(0x0004);     //second parameter for ILI9340 (ignored by ILI9341)

	LCD_Write_Command(0x00C1);     //power control 2
	LCD_Write_Data(0x0011);

	LCD_Write_Command(0x00C5);     //VCOM control 1
	LCD_Write_Data(0x0035);
	LCD_Write_Data(0x003E);

	LCD_Write_Command(0x00C7);     //VCOM control 2
	LCD_Write_Data(0x00BE);

	LCD_Write_Command(0x00B1);     //frame rate control
	LCD_Write_Data(0x0000);
	LCD_Write_Data(0x0010);

	LCD_Write_Command(0x003A);    //pixel format = 16 bit per pixel
	LCD_Write_Data(0x0055);

	LCD_Write_Command(0x00B6);     //display function control
	LCD_Write_Data(0x000A);
	LCD_Write_Data(0x00A2);

	LCD_Write_Command(0x00F2);     //3G Gamma control
	LCD_Write_Data(0x0002);         //off

	LCD_Write_Command(0x0026);     //Gamma curve 3
	LCD_Write_Data(0x0001);

	LCD_Write_Command(0x0036);     //memory access control = BGR
	LCD_Write_Data(0x0000);

	LCD_Write_Command(0x002A);     //column address set
	LCD_Write_Data(0x0000);
	LCD_Write_Data(0x0000);        //start 0x0000
	LCD_Write_Data(0x0000);
	LCD_Write_Data(0x00EF);        //end 0x00EF

	LCD_Write_Command(0x002B);    //page address set
	LCD_Write_Data(0x0000);
	LCD_Write_Data(0x0000);        //start 0x0000
	LCD_Write_Data(0x0001);
	LCD_Write_Data(0x003F);        //end 0x013F

	LCD_Write_Command(0x0029);
	printf("Finished the init of the LCD\n");

  }

void init_transfer_img_DMA(int index_img)
{
	//int addresse_source_img = (int)(IMAGE_SIZE*index_img + (int)&image1[0]);

	//LCD_Write_Command(0x002C); //indicates that we are going to write a series of data

	//Ask DMA to read 240x360x16bits in SDRAM
	//IOWR_32DIRECT(DMA_LCD_CTRL_0_BASE, DMA_LCD_PTR, image1);
	//IOWR_32DIRECT(DMA_LCD_CTRL_0_BASE, DMA_LCD_SIZE, LCD_HEIGHT*LCD_WIDTH);

	//Start DMA transfer by writing 0x01 to control register
	//IOWR_32DIRECT(DMA_LCD_CTRL_0_BASE, DMA_LCD_CTRL, 0x01);
}

static const alt_u16 image_MSE[]  = {
      0xffff, 0xffff, 0xffff, 0xffff, 0xffff, 0xffff, 0xffff, 0xffff, 0xffff, 0xffff, 0xffff, 0xffff, 0xffff, 0xffff, 0xffff, 0xffff, 0xffff, 0xffff, 0xffff, 0xffff, 0xffff, 0xffff, 0xffff, 0xffff, 0xffff, 0xffff, 0xffff, 0xffff, 0xffff, 0xffff, 0xffff, 0xffff, 0xffff, 0xffff, 0xffff, 0xffff, 0xffff, 0xffff, 0xffff, 0xffff, 0xffff, 0xffff, 0xffff, 0xffff, 0xffff, 0xffff, 0xffff, 0xffff, 0xffff, 0xffff, 0xffff, 0xffff, 0xffff, 0xffff, 0xffff, 0xffff, 0xffff, 0xffff, 0xffff, 0xffff, 0xffff, 0xffff, 0xffff, 0xffff, 0xffff, 0xffff, 0xffff, 0xffff, 0xffff, 0xffff, 0xffff, 0xffff, 0xffff, 0xffff, 0xffff, 0xffff, 0xffff, 0xffff, 0xffff, 0xffff, 0xffff, 0xffff, 0xffff, 0xffff, 0xffff, 0xffff, 0xffff, 0xffff, 0xffff, 0xffff, 0xffff, 0xffff, 0xffff, 0xffff, 0xffff, 0xffff, 0xffff, 0xffff, 0xffff, 0xffff, 0xffff, 0xffff, 0xffff, 0xffff, 0xffff, 0xffff, 0xffff, 0xffff, 0xffff, 0xffff, 0xffff, 0xffff, 0xffff, 0xffff, 0xffff, 0xffff, 0xffff, 0xffff, 0xffff, 0xffff, 0xffff, 0xffff, 0xffff, 0xffff, 0xffff, 0xffff, 0xffff, 0xffff, 0xffff, 0xffff, 0xffff, 0xffff, 0xffff, 0xffff, 0xffff, 0xffff, 0xffff, 0xffff, 0xffff, 0xffff, 0xffff, 0xffff, 0xffff, 0xffff, 0xffff, 0xffff, 0xffff, 0xffff, 0xffff, 0xffff, 0xffff, 0xffff, 0xffff, 0xffff, 0xffff, 0xffff, 0xffff, 0xffff, 0xffff, 0xffff, 0xffff, 0xffff, 0xffff, 0xffff, 0xffff, 0xffff, 0xffff, 0xffff, 0xffff, 0xffff, 0xffff, 0xffff, 0xffff, 0xffff, 0xffff, 0xffff, 0xffff, 0xffff, 0xffff, 0xffff, 0xffff, 0xffff, 0xffff, 0xffff, 0xffff, 0xffff, 0xffff, 0xffff, 0xffff, 0xffff, 0xffff, 0xffff, 0xffff, 0xffff, 0xffff, 0xffff, 0xffff, 0xffff, 0xffff, 0xffff, 0xffff, 0xffff, 0xffff, 0xffff, 0xffff, 0xffff, 0xffff, 0xffff, 0xffff, 0xffff, 0xffff, 0xffff, 0xffff, 0xffff, 0xffff, 0xffff, 0xffff, 0xffff, 0xffff, 0xffff, 0xffff, 0xffff, 0xffff, 0xffff, 0xffff, 0xffff, 0xffff, 0xffff, 0xffff, 0xffff, 0xffff, 0xffff, 0xffff, 0xffff, 0xffff, 0xffff, 0xffff, 0xffff, 0xffff, 0xffff, 0xffff, 0xffff, 0xffff, 0xffff, 0xffff, 0xffff, 0xffff, 0xffff, 0xffff, 0xffff, 0xffff, 0xffff, 0xffff, 0xffff, 0xffff, 0xffff, 0xffff, 0xffff, 0xffff, 0xffff, 0xffff, 0xffff, 0xffff, 0xffff, 0xffff, 0xffff, 0xffff, 0xffff, 0xffff, 0xffff, 0xffff, 0xffff, 0xffff, 0xffff, 0xffff, 0xffff, 0xffff, 0xffff, 0xffff, 0xffff, 0xffff, 0xffff, 0xffff, 0xffff, 0xffff, 0xffff, 0xffff, 0xffff, 0xffff, 0xffff, 0xffff, 0xffff, 0xffff, 0xffff, 0xffff, 0xffff, 0xffff, 0xffff, 0xffff, 0xffff, 0xffff, 0xffff, 0xffff, 0xffff, 0xffff, 0xffff, 0xffff, 0xffff, 0xffff, 0xffff, 0xffff, 0xffff, 0xffff, 0xffff, 0xffff, 0xffff, 0xffff, 0xffff, 0xffff, 0xffff, 0xffff, 0xffff, 0xffff, 0xffff, 0xffff, 0xffff, 0xffff, 0xffff, 0xffff, 0xffff, 0xffff, 0xffff, 0xffff, 0xffff, 0xffff, 0xffff, 0xffff, 0xffff, 0xffff, 0xffff, 0xffff, 0xffff, 0xffff, 0xffff, 0xffff, 0xffff, 0xffff, 0xffff, 0xffff, 0xffff, 0xffff, 0xffff, 0xffff, 0xffff, 0xffff, 0xffff, 0xffff, 0xffff, 0xffff, 0xffff, 0xffff, 0xffff, 0xffff, 0xffff, 0xffff, 0xffff, 0xffff, 0xffff, 0xffff, 0xffff, 0xffff, 0xffff, 0xffff, 0xffff, 0xffff, 0xffff, 0xffff, 0xffff, 0xffff, 0xffff, 0xffff, 0xffff, 0xffff, 0xffff, 0xffff, 0xffff, 0xffff, 0xffff, 0xffff, 0xffff, 0xffff, 0xffff, 0xffff, 0xffff, 0xffff, 0xffff, 0xffff, 0xffff, 0xffff, 0xffff, 0xffff, 0xffff, 0xffff, 0xffff, 0xffff, 0xffff, 0xffff, 0xffff, 0xffff, 0xffff, 0xffff, 0xffff, 0xffff, 0xffff, 0xffff, 0xffff, 0xffff, 0xffff, 0xffff, 0xffff, 0xffff, 0xffff, 0xffff, 0xffff, 0xffff, 0xffff, 0xffff, 0xffff, 0xffff, 0xffff, 0xffff, 0xffff, 0xffff, 0xffff, 0xffff, 0xffff, 0xffff, 0xffff, 0xffff, 0xffff, 0xffff, 0xffff, 0xffff, 0xffff, 0xffff, 0xffff, 0xffff, 0xffff, 0xffff, 0xffff, 0xffff, 0xffff, 0xffff, 0xffff, 0xffff, 0xffff, 0xffff, 0xffff, 0xffff, 0xffff, 0xffff, 0xffff, 0xffff, 0xffff, 0xffff, 0xffff, 0xffff, 0xffff, 0xffff, 0xffff, 0xffff, 0xffff, 0xffff, 0xffff, 0xffff, 0xffff, 0xffff, 0xffff, 0xffff, 0xffff, 0xffff, 0xffff, 0xffff, 0xffff, 0xffff, 0xffff, 0xffff, 0xffff, 0xffff, 0xffff, 0xffff, 0xffff, 0xffff, 0xffff, 0xffff, 0xffff, 0xffff, 0xffff, 0xffff, 0xffff, 0xffff, 0xffff, 0xffff, 0xffff, 0xffff, 0xffff, 0xffff, 0xffff, 0xffff, 0xffff, 0xffff, 0xffff, 0xffff, 0xffff, 0xffff, 0xffff, 0xffff, 0xffff, 0xffff, 0xffff, 0xffff, 0xffff, 0xffff, 0xffff, 0xffff, 0xffff, 0xffff, 0xffff, 0xffff, 0xffff, 0xffff, 0xffff, 0xffff, 0xffff, 0xffff, 0xffff, 0xffff, 0xffff, 0xffff, 0xffff, 0xffff, 0xffff, 0xffff, 0xffff, 0xffff, 0xffff, 0xffff, 0xffff, 0xffff, 0xffff, 0xffff, 0xffff, 0xffff, 0xffff, 0xffff, 0xffff, 0xffff, 0xffff, 0xffff, 0xffff, 0xffff, 0xffff, 0xffff, 0xffff, 0xffff, 0xffff, 0xffff, 0xffff, 0xffff, 0xffff, 0xffff, 0xffff, 0xffff, 0xffff, 0xffff, 0xffff, 0xffff, 0xffff, 0xffff, 0xffff, 0xffff, 0xffff, 0xffff, 0xffff, 0xffff, 0xffff, 0xffff, 0xffff, 0xffff, 0xffff, 0xffff, 0xffff, 0xffff, 0xffff, 0xffff, 0xffff, 0xffff, 0xffff, 0xffff, 0xffff, 0xffff, 0xffff, 0xffff, 0xffff, 0xffff, 0xffff, 0xffff, 0xffff, 0xffff, 0xffff, 0xffff, 0xffff, 0xffff, 0xffff, 0xffff, 0xffff, 0xffff, 0xffff, 0xffff, 0xffff, 0xffff, 0xffff, 0xffff, 0xffff, 0xffff, 0xffff, 0xffff, 0xffff, 0xffff, 0xffff, 0xffff, 0xffff, 0xffff, 0xffff, 0xffff, 0xffff, 0xffff, 0xffff, 0xffff, 0xffff, 0xffff, 0xffff, 0xffff, 0xffff, 0xffff, 0xffff, 0xffff, 0xffff, 0xffff, 0xffff, 0xffff, 0xffff, 0xffff, 0xffff, 0xffff, 0xffff, 0xffff, 0xffff, 0xffff, 0xffff, 0xffff, 0xffff, 0xffff, 0xffff, 0xffff, 0xffff, 0xffff, 0xffff, 0xffff, 0xffff, 0xffff, 0xffff, 0xffff, 0xffff, 0xffff, 0xffff, 0xffff, 0xffff, 0xffff, 0xffff, 0xffff, 0xffff, 0xffff, 0xffff, 0xffff, 0xffff, 0xffff, 0xffff, 0xffff, 0xffff, 0xffff, 0xffff, 0xffff, 0xffff, 0xffff, 0xffff, 0xffff, 0xffff, 0xffff, 0xffff, 0xffff, 0xffff, 0xffff, 0xffff, 0xffff, 0xffff, 0xffff, 0xffff, 0xffff, 0xffff, 0xffff, 0xffff, 0xffff, 0xffff, 0xffff, 0xffff, 0xffff, 0xffff, 0xffff, 0xffff, 0xffff, 0xffff, 0xffff, 0xffff, 0xffff, 0xffff, 0xffff, 0xffff, 0xffff, 0xffff, 0xffff, 0xffff, 0xffff, 0xffff, 0xffff, 0xffff, 0xffff, 0xffff, 0xffff, 0xffff, 0xffff, 0xffff, 0xffff, 0xffff, 0xffff, 0xffff, 0xffff, 0xffff, 0xffff, 0xffff, 0xffff, 0xffff, 0xffff, 0xffff, 0xffff, 0xffff, 0xffff, 0xffff, 0xffff, 0xffff, 0xffff, 0xffff, 0xffff, 0xffff, 0xffff, 0xffff, 0xffff, 0xffff, 0xffff, 0xffff, 0xffff, 0xffff, 0xffff, 0xffff, 0xffff, 0xffff, 0xffff, 0xffff, 0xffff, 0xffff, 0xffff, 0xffff, 0xffff, 0xffff, 0xffff, 0xffff, 0xffff, 0xffff, 0xffff, 0xffff, 0xffff, 0xffff, 0xffff, 0xffff, 0xffff, 0xffff, 0xffff, 0xffff, 0xffff, 0xffff, 0xffff, 0xffff, 0xffff, 0xffff, 0xffff, 0xffff, 0xffff, 0xffff, 0xffff, 0xffff, 0xffff, 0xffff, 0xffff, 0xffff, 0xffff, 0xffff, 0xffff, 0xffff, 0xffff, 0xffff, 0xffff, 0xffff, 0xffff, 0xffff, 0xffff, 0xffff, 0xffff, 0xffff, 0xffff, 0xffff, 0xffff, 0xffff, 0xffff, 0xffff, 0xffff, 0xffff, 0xffff, 0xffff, 0xffff, 0xffff, 0xffff, 0xffff, 0xffff, 0xffff, 0xffff, 0xffff, 0xffff, 0xffff, 0xffff, 0xffff, 0xffff, 0xffff, 0xffff, 0xffff, 0xffff, 0xffff, 0xffff, 0xffff, 0xffff, 0xffff, 0xffff, 0xffff, 0xffff, 0xffff, 0xffff, 0xffff, 0xffff, 0xffff, 0xffff, 0xffff, 0xffff, 0xffff, 0xffff, 0xffff, 0xffff, 0xffff, 0xffff, 0xffff, 0xffff, 0xffff, 0xffff, 0xffff, 0xffff, 0xffff, 0xffff, 0xffff, 0xffff, 0xffff, 0xffff, 0xffff, 0xffff, 0xffff, 0xffff, 0xffff, 0xffff, 0xffff, 0xffff, 0xffff, 0xffff, 0xffff, 0xffff, 0xffff, 0xffff, 0xffff, 0xffff, 0xffff, 0xffff, 0xffff, 0xffff, 0xffff, 0xffff, 0xffff, 0xffff, 0xffff, 0xffff, 0xffff, 0xffff, 0xffff, 0xffff, 0xffff, 0xffff, 0xffff, 0xffff, 0xffff, 0xffff, 0xffff, 0xffff, 0xffff, 0xffff, 0xffff, 0xffff, 0xffff, 0xffff, 0xffff, 0xffff, 0xffff, 0xffff, 0xffff, 0xffff, 0xffff, 0xffff, 0xffff, 0xffff, 0xffff, 0xffff, 0xffff, 0xffff, 0xffff, 0xffff, 0xffff, 0xffff, 0xffff, 0xffff, 0xffff, 0xffff, 0xffff, 0xffff, 0xffff, 0xffff, 0xffff, 0xffff, 0xffff, 0xffff, 0xffff, 0xffff, 0xffff, 0xffff, 0xffff, 0xffff, 0xffff, 0xffff, 0xffff, 0xffff, 0xffff, 0xffff, 0xffff, 0xffff, 0xffff, 0xffff, 0xffff, 0xffff, 0xffff, 0xffff, 0xffff, 0xffff, 0xffff, 0xffff, 0xffff, 0xffff, 0xffff, 0xffff, 0xffff, 0xffff, 0xffff, 0xffff, 0xffff, 0xffff, 0xffff, 0xffff, 0xffff, 0xffff, 0xffff, 0xffff, 0xffff, 0xffff, 0xffff, 0xffff, 0xffff, 0xffff, 0xffff, 0xffff, 0xffff, 0xffff, 0xffff, 0xffff, 0xffff, 0xffff, 0xffff, 0xffff, 0xffff, 0xffff, 0xffff, 0xffff, 0xffff, 0xffff, 0xffff, 0xffff, 0xffff, 0xffff, 0xffff, 0xffff, 0xffff, 0xffff, 0xffff, 0xffff, 0xffff, 0xffff, 0xffff, 0xffff, 0xffff, 0xffff, 0xffff, 0xffff, 0xffff, 0xffff, 0xffff, 0xffff, 0xffff, 0xffff, 0xffff, 0xffff, 0xffff, 0xffff, 0xffff, 0xffff, 0xffff, 0xffff, 0xffff, 0xffff, 0xffff, 0xffff, 0xffff, 0xffff, 0xffff, 0xffff, 0xffff, 0xffff, 0xffff, 0xffff, 0xffff, 0xffff, 0xffff, 0xffff, 0xffff, 0xffff, 0xffff, 0xffff, 0xffff, 0xffff, 0xffff, 0xffff, 0xffff, 0xffff, 0xffff, 0xffff, 0xffff, 0xffff, 0xffff, 0xffff, 0xffff, 0xffff, 0xffff, 0xffff, 0xffff, 0xffff, 0xffff, 0xffff, 0xffff, 0xffff, 0xffff, 0xffff, 0xffff, 0xffff, 0xffff, 0xffff, 0xffff, 0xffff, 0xffff, 0xffff, 0xffff, 0xffff, 0xffff, 0xffff, 0xffff, 0xffff, 0xffff, 0xffff, 0xffff, 0xffff, 0xffff, 0xffff, 0xffff, 0xffff, 0xffff, 0xffff, 0xffff, 0xffff, 0xffff, 0xffff, 0xffff, 0xffff, 0xffff, 0xffff, 0xffff, 0xffff, 0xffff, 0xffff, 0xffff, 0xffff, 0xffff, 0xffff, 0xffff, 0xffff, 0xffff, 0xffff, 0xffff, 0xffff, 0xffff, 0xffff, 0xffff, 0xffff, 0xffff, 0xffff, 0xffff, 0xffff, 0xffff, 0xffff, 0xffff, 0xffff, 0xffff, 0xffff, 0xffff, 0xffff, 0xffff, 0xffff, 0xffff, 0xffff, 0xffff, 0xffff, 0xffff, 0xffff, 0xffff, 0xffff, 0xffff, 0xffff, 0xffff, 0xffff, 0xffff, 0xffff, 0xffff, 0xffff, 0xffff, 0xffff, 0xffff, 0xffff, 0xffff, 0xffff, 0xffff, 0xffff, 0xffff, 0xffff, 0xffff, 0xffff, 0xffff, 0xffff, 0xffff, 0xffff, 0xffff, 0xffff, 0xffff, 0xffff, 0xffff, 0xffff, 0xffff, 0xffff, 0xffff, 0xffff, 0xffff, 0xffff, 0xffff, 0xffff, 0xffff, 0xffff, 0xffff, 0xffff, 0xffff, 0xffff, 0xffff, 0xffff, 0xffff, 0xffff, 0xffff, 0xffff, 0xffff, 0xffff, 0xffff, 0xffff, 0xffff, 0xffff, 0xffff, 0xffff, 0xffff, 0xffff, 0xffff, 0xffff, 0xffff, 0xffff, 0xffff, 0xffff, 0xffff, 0xffff, 0xffff, 0xffff, 0xffff, 0xffff, 0xffff, 0xffff, 0xffff, 0xffff, 0xffff, 0xffff, 0xffff, 0xffff, 0xffff, 0xffff, 0xffff, 0xffff, 0xffff, 0xffff, 0xffff, 0xffff, 0xffff, 0xffff, 0xffff, 0xffff, 0xffff, 0xffff, 0xffff, 0xffff, 0xffff, 0xffff, 0xffff, 0xffff, 0xffff, 0xffff, 0xffff, 0xffff, 0xffff, 0xffff, 0xffff, 0xffff, 0xffff, 0xffff, 0xffff, 0xffff, 0xffff, 0xffff, 0xffff, 0xffff, 0xffff, 0xffff, 0xffff, 0xffff, 0xffff, 0xffff, 0xffff, 0xffff, 0xffff, 0xffff, 0xffff, 0xffff, 0xffff, 0xffff, 0xffff, 0xffff, 0xffff, 0xffff, 0xffff, 0xffff, 0xffff, 0xffff, 0xffff, 0xffff, 0xffff, 0xffff, 0xffff, 0xffff, 0xffff, 0xffff, 0xffff, 0xffff, 0xffff, 0xffff, 0xffff, 0xffff, 0xffff, 0xffff, 0xffff, 0xffff, 0xffff, 0xffff, 0xffff, 0xffff, 0xffff, 0xffff, 0xffff, 0xffff, 0xffff, 0xffff, 0xffff, 0xffff, 0xffff, 0xffff, 0xffff, 0xffff, 0xffff, 0xffff, 0xffff, 0xffff, 0xffff, 0xffff, 0xffff, 0xffff, 0xffff, 0xffff, 0xffff, 0xffff, 0xffff, 0xffff, 0xffff, 0xffff, 0xffff, 0xffff, 0xffff, 0xffff, 0xffff, 0xffff, 0xffff, 0xffff, 0xffff, 0xffff, 0xffff, 0xffff, 0xffff, 0xffff, 0xffff, 0xffff, 0xffff, 0xffff, 0xffff, 0xffff, 0xffff, 0xffff, 0xffff, 0xffff, 0xffff, 0xffff, 0xffff, 0xffff, 0xffff, 0xffff, 0xffff, 0xffff, 0xffff, 0xffff, 0xffff, 0xffff, 0xffff, 0xffff, 0xffff, 0xffff, 0xffff, 0xffff, 0xffff, 0xffff, 0xffff, 0xffff, 0xffff, 0xffff, 0xffff, 0xffff, 0xffff, 0xffff, 0xffff, 0xffff, 0xffff, 0xffff, 0xffff, 0xffff, 0xffff, 0xffff, 0xffff, 0xffff, 0xffff, 0xffff, 0xffff, 0xffff, 0xffff, 0xffff, 0xffff, 0xffff, 0xffff, 0xffff, 0xffff, 0xffff, 0xffff, 0xffff, 0xffff, 0xffff, 0xffff, 0xffff, 0xffff, 0xffff, 0xffff, 0xffff, 0xffff, 0xffff, 0xffff, 0xffff, 0xffff, 0xffff, 0xffff, 0xffff, 0xffff, 0xffff, 0xffff, 0xffff, 0xffff, 0xffff, 0xffff, 0xffff, 0xffff, 0xffff, 0xffff, 0xffff, 0xffff, 0xffff, 0xffff, 0xffff, 0xffff, 0xffff, 0xffff, 0xffff, 0xffff, 0xffff, 0xffff, 0xffff, 0xffff, 0xffff, 0xffff, 0xffff, 0xffff, 0xffff, 0xffff, 0xffff, 0xffff, 0xffff, 0xffff, 0xffff, 0xffff, 0xffff, 0xffff, 0xffff, 0xffff, 0xffff, 0xffff, 0xffff, 0xffff, 0xffff, 0xffff, 0xffff, 0xffff, 0xffff, 0xffff, 0xffff, 0xffff, 0xffff, 0xffff, 0xffff, 0xffff, 0xffff, 0xffff, 0xffff, 0xffff, 0xffff, 0xffff, 0xffff, 0xffff, 0xffff, 0xffff, 0xffff, 0xffff, 0xffff, 0xffff, 0xffff, 0xffff, 0xffff, 0xffff, 0xffff, 0xffff, 0xffff, 0xffff, 0xffff, 0xffff, 0xffff, 0xffff, 0xffff, 0xffff, 0xffff, 0xffff, 0xffff, 0xffff, 0xffff, 0xffff, 0xffff, 0xffff, 0xffff, 0xffff, 0xffff, 0xffff, 0xffff, 0xffff, 0xffff, 0xffff, 0xffff, 0xffff, 0xffff, 0xffff, 0xffff, 0xffff, 0xffff, 0xffff, 0xffff, 0xffff, 0xffff, 0xffff, 0xffff, 0xffff, 0xffff, 0xffff, 0xffff, 0xffff, 0xffff, 0xffff, 0xffff, 0xffff, 0xffff, 0xffff, 0xffff, 0xffff, 0xffff, 0xffff, 0xffff, 0xffff, 0xffff, 0xffff, 0xffff, 0xffff, 0xffff, 0xffff, 0xffff, 0xffff, 0xffff, 0xffff, 0xffff, 0xffff, 0xffff, 0xffff, 0xffff, 0xffff, 0xffff, 0xffff, 0xffff, 0xffff, 0xffff, 0xffff, 0xffff, 0xffff, 0xffff, 0xffff, 0xffff, 0xffff, 0xffff, 0xffff, 0xffff, 0xffff, 0xffff, 0xffff, 0xffff, 0xffff, 0xffff, 0xffff, 0xffff, 0xffff, 0xffff, 0xffff, 0xffff, 0xffff, 0xffff, 0xffff, 0xffff, 0xffff, 0xffff, 0xffff, 0xffff, 0xffff, 0xffff, 0xffff, 0xffff, 0xffff, 0xffff, 0xffff, 0xffff, 0xffff, 0xffff, 0xffff, 0xffff, 0xffff, 0xffff, 0xffff, 0xffff, 0xffff, 0xffff, 0xffff, 0xffff, 0xffff, 0xffff, 0xffff, 0xffff, 0xffff, 0xffff, 0xffff, 0xffff, 0xffff, 0xffff, 0xffff, 0xffff, 0xffff, 0xffff, 0xffff, 0xffff, 0xffff, 0xffff, 0xffff, 0xffff, 0xffff, 0xffff, 0xffff, 0xffff, 0xffff, 0xffff, 0xffff, 0xffff, 0xffff, 0xffff, 0xffff, 0xffff, 0xffff, 0xffff, 0xffff, 0xffff, 0xffff, 0xffff, 0xffff, 0xffff, 0xffff, 0xffff, 0xffff, 0xffff, 0xffff, 0xffff, 0xffff, 0xffff, 0xffff, 0xffff, 0xffff, 0xffff, 0xffff, 0xffff, 0xffff, 0xffff, 0xffff, 0xffff, 0xffff, 0xffff, 0xffff, 0xffff, 0xffff, 0xffff, 0xffff, 0xffff, 0xffff, 0xffff, 0xffff, 0xffff, 0xffff, 0xffff, 0xffff, 0xffff, 0xffff, 0xffff, 0xffff, 0xffff, 0xffff, 0xffff, 0xffff, 0xffff, 0xffff, 0xffff, 0xffff, 0xffff, 0xffff, 0xffff, 0xffff, 0xffff, 0xffff, 0xffff, 0xffff, 0xffff, 0xffff, 0xffff, 0xffff, 0xffff, 0xffff, 0xffff, 0xffff, 0xffff, 0xffff, 0xffff, 0xffff, 0xffff, 0xffff, 0xffff, 0xffff, 0xffff, 0xffff, 0xffff, 0xffff, 0xffff, 0xffff, 0xffff, 0xffff, 0xffff, 0xffff, 0xffff, 0xffff, 0xffff, 0xffff, 0xffff, 0xffff, 0xffff, 0xffff, 0xffff, 0xffff, 0xffff, 0xffff, 0xffff, 0xffff, 0xffff, 0xffff, 0xffff, 0xffff, 0xffff, 0xffff, 0xffff, 0xffff, 0xffff, 0xffff, 0xffff, 0xffff, 0xffff, 0xffff, 0xffff, 0xffff, 0xffff, 0xffff, 0xffff, 0xffff, 0xffff, 0xffff, 0xffff, 0xffff, 0xffff, 0xffff, 0xffff, 0xffff, 0xffff, 0xffff, 0xffff, 0xffff, 0xffff, 0xffff, 0xffff, 0xffff, 0xffff, 0xffff, 0xffff, 0xffff, 0xffff, 0xffff, 0xffff, 0xffff, 0xffff, 0xffff, 0xffff, 0xffff, 0xffff, 0xffff, 0xffff, 0xffff, 0xffff, 0xffff, 0xffff, 0xffff, 0xffff, 0xffff, 0xffff, 0xffff, 0xffff, 0xffff, 0xffff, 0xffff, 0xffff, 0xffff, 0xffff, 0xffff, 0xffff, 0xffff, 0xffff, 0xffff, 0xffff, 0xffff, 0xffff, 0xffff, 0xffff, 0xffff, 0xffff, 0xffff, 0xffff, 0xffff, 0xffff, 0xffff, 0xffff, 0xffff, 0xffff, 0xffff, 0xffff, 0xffff, 0xffff, 0xffff, 0xffff, 0xffff, 0xffff, 0xffff, 0xffff, 0xffff, 0xffff, 0xffff, 0xffff, 0xffff, 0xffff, 0xffff, 0xffff, 0xffff, 0xffff, 0xffff, 0xffff, 0xffff, 0xffff, 0xffff, 0xffff, 0xffff, 0xffff, 0xffff, 0xffff, 0xffff, 0xffff, 0xffff, 0xffff, 0xffff, 0xffff, 0xffff, 0xffff, 0xffff, 0xffff, 0xffff, 0xffff, 0xffff, 0xffff, 0xffff, 0xffff, 0xffff, 0xffff, 0xffff, 0xffff, 0xffff, 0xffff, 0xffff, 0xffff, 0xffff, 0xffff, 0xffff, 0xffff, 0xffff, 0xffff, 0xffff, 0xffff, 0xffff, 0xffff, 0xffff, 0xffff, 0xffff, 0xffff, 0xffff, 0xffff, 0xffff, 0xffff, 0xffff, 0xffff, 0xffff, 0xffff, 0xffff, 0xffff, 0xffff, 0xffff, 0xffff, 0xffff, 0xffff, 0xffff, 0xffff, 0xffff, 0xffff, 0xffff, 0xffff, 0xffff, 0xffff, 0xffff, 0xffff, 0xffff, 0xffff, 0xffff, 0xffff, 0xffff, 0xffff, 0xffff, 0xffff, 0xffff, 0xffff, 0xffff, 0xffff, 0xffff, 0xffff, 0xffff, 0xffff, 0xffff, 0xffff, 0xffff, 0xffff, 0xffff, 0xffff, 0xffff, 0xffff, 0xffff, 0xffff, 0xffff, 0xffff, 0xffff, 0xffff, 0xffff, 0xffff, 0xffff, 0xffff, 0xffff, 0xffff, 0xffff, 0xffff, 0xffff, 0xffff, 0xffff, 0xffff, 0xffff, 0xffff, 0xffff, 0xffff, 0xffff, 0xffff, 0xffff, 0xffff, 0xffff, 0xffff, 0xffff, 0xffff, 0xffff, 0xffff, 0xffff, 0xffff, 0xffff, 0xffff, 0xffff, 0xffff, 0xffff, 0xffff, 0xffff, 0xffff, 0xffff, 0xffff, 0xffff, 0xffff, 0xffff, 0xffff, 0xffff, 0xffff, 0xffff, 0xffff, 0xffff, 0xffff, 0xffff, 0xffff, 0xffff, 0xffff, 0xffff, 0xffff, 0xffff, 0xffff, 0xffff, 0xffff, 0xffff, 0xffff, 0xffff, 0xffff, 0xffff, 0xffff, 0xffff, 0xffff, 0xffff, 0xffff, 0xffff, 0xffff, 0xffff, 0xffff, 0xffff, 0xffff, 0xffff, 0xffff, 0xffff, 0xffff, 0xffff, 0xffff, 0xffff, 0xffff, 0xffff, 0xffff, 0xffff, 0xffff, 0xffff, 0xffff, 0xffff, 0xffff, 0xffff, 0xffff, 0xffff, 0xffff, 0xffff, 0xffff, 0xffff, 0xffff, 0xffff, 0xffff, 0xffff, 0xffff, 0xffff, 0xffff, 0xffff, 0xffff, 0xffff, 0xffff, 0xffff, 0xffff, 0xffff, 0xffff, 0xffff, 0xffff, 0xffff, 0xffff, 0xffff, 0xffff, 0xffff, 0xffff, 0xffff, 0xffff, 0xffff, 0xffff, 0xffff, 0xffff, 0xffff, 0xffff, 0xffff, 0xffff, 0xffff, 0xffff, 0xffff, 0xffff, 0xffff, 0xffff, 0xffff, 0xffff, 0xffff, 0xffff, 0xffff, 0xffff, 0xffff, 0xffff, 0xffff, 0xffff, 0xffff, 0xffff, 0xffff, 0xffff, 0xffff, 0xffff, 0xffff, 0xffff, 0xffff, 0xffff, 0xffff, 0xffff, 0xffff, 0xffff, 0xffff, 0xffff, 0xffff, 0xffff, 0xffff, 0xffff, 0xffff, 0xffff, 0xffff, 0xffff, 0xffff, 0xffff, 0xffff, 0xffff, 0xffff, 0xffff, 0xffff, 0xffff, 0xffff, 0xffff, 0xffff, 0xffff, 0xffff, 0xffff, 0xffff, 0xffff, 0xffff, 0xffff, 0xffff, 0xffff, 0xffff, 0xffff, 0xffff, 0xffff, 0xffff, 0xffff, 0xffff, 0xffff, 0xffff, 0xffff, 0xffff, 0xffff, 0xffff, 0xffff, 0xffff, 0xffff, 0xffff, 0xffff, 0xffff, 0xffff, 0xffff, 0xffff, 0xffff, 0xffff, 0xffff, 0xffff, 0xffff, 0xffff, 0xffff, 0xffff, 0xffff, 0xffff, 0xffff, 0xffff, 0xffff, 0xffff, 0xffff, 0xffff, 0xffff, 0xffff, 0xffff, 0xffff, 0xffff, 0xffff, 0xffff, 0xffff, 0xffff, 0xffff, 0xffff, 0xffff, 0xffff, 0xffff, 0xffff, 0xffff, 0xffff, 0xffff, 0xffff, 0xffff, 0xffff, 0xffff, 0xffff, 0xffff, 0xffff, 0xffff, 0xffff, 0xffff, 0xffff, 0xffff, 0xffff, 0xffff, 0xffff, 0xffff, 0xffff, 0xffff, 0xffff, 0xffff, 0xffff, 0xffff, 0xffff, 0xffff, 0xffff, 0xffff, 0xffff, 0xffff, 0xffff, 0xffff, 0xffff, 0xffff, 0xffff, 0xffff, 0xffff, 0xffff, 0xffff, 0xffff, 0xffff, 0xffff, 0xffff, 0xffff, 0xffff, 0xffff, 0xffff, 0xffff, 0xffff, 0xffff, 0xffff, 0xffff, 0xffff, 0xffff, 0xffff, 0xffff, 0xffff, 0xffff, 0xffff, 0xffff, 0xffff, 0xffff, 0xffff, 0xffff, 0xffff, 0xffff, 0xffff, 0xffff, 0xffff, 0xffff, 0xffff, 0xffff, 0xffff, 0xffff, 0xffff, 0xffff, 0xffff, 0xffff, 0xffff, 0xffff, 0xffff, 0xffff, 0xffff, 0xffff, 0xffff, 0xffff, 0xffff, 0xffff, 0xffff, 0xffff, 0xffff, 0xffff, 0xffff, 0xffff, 0xffff, 0xffff, 0xffff, 0xffff, 0xffff, 0xffff, 0xffff, 0xffff, 0xffff, 0xffff, 0xffff, 0xffff, 0xffff, 0xffff, 0xffff, 0xffff, 0xffff, 0xffff, 0xffff, 0xffff, 0xffff, 0xffff, 0xffff, 0xffff, 0xffff, 0xffff, 0xffff, 0xffff, 0xffff, 0xffff, 0xffff, 0xffff, 0xffff, 0xffff, 0xffff, 0xffff, 0xffff, 0xffff, 0xffff, 0xffff, 0xffff, 0xffff, 0xffff, 0xffff, 0xffff, 0xffff, 0xffff, 0xffff, 0xffff, 0xffff, 0xffff, 0xffff, 0xffff, 0xffff, 0xffff, 0xffff, 0xffff, 0xffff, 0xffff, 0xffff, 0xffff, 0xffff, 0xffff, 0xffff, 0xffff, 0xffff, 0xffff, 0xffff, 0xffff, 0xffff, 0xffff, 0xffff, 0xffff, 0xffff, 0xffff, 0xffff, 0xffff, 0xffff, 0xffff, 0xffff, 0xffff, 0xffff, 0xffff, 0xffff, 0xffff, 0xffff, 0xffff, 0xffff, 0xffff, 0xffff, 0xffff, 0xffff, 0xffff, 0xffff, 0xffff, 0xffff, 0xffff, 0xffff, 0xffff, 0xffff, 0xffff, 0xffff, 0xffff, 0xffff, 0xffff, 0xffff, 0xffff, 0xffff, 0xffff, 0xffff, 0xffff, 0xffff, 0xffff, 0xffff, 0xffff, 0xffff, 0xffff, 0xffff, 0xffff, 0xffff, 0xffff, 0xffff, 0xffff, 0xffff, 0xffff, 0xffff, 0xffff, 0xffff, 0xffff, 0xffff, 0xffff, 0xffff, 0xffff, 0xffff, 0xffff, 0xffff, 0xffff, 0xffff, 0xffff, 0xffff, 0xffff, 0xffff, 0xffff, 0xffff, 0xffff, 0xffff, 0xffff, 0xffff, 0xffff, 0xffff, 0xffff, 0xffff, 0xffff, 0xffff, 0xffff, 0xffff, 0xffff, 0xffff, 0xffff, 0xffff, 0xffff, 0xffff, 0xffff, 0xffff, 0xffff, 0xffff, 0xffff, 0xffff, 0xffff, 0xffff, 0xffff, 0xffff, 0xffff, 0xffff, 0xffff, 0xffff, 0xffff, 0xffff, 0xffff, 0xffff, 0xffff, 0xffff, 0xffff, 0xffff, 0xffff, 0xffff, 0xffff, 0xffff, 0xffff, 0xffff, 0xffff, 0xffff, 0xffff, 0xffff, 0xffff, 0xffff, 0xffff, 0xffff, 0xffff, 0xffff, 0xffff, 0xffff, 0xffff, 0xffff, 0xffff, 0xffff, 0xffff, 0xffff, 0xffff, 0xffff, 0xffff, 0xffff, 0xffff, 0xffff, 0xffff, 0xffff, 0xffff, 0xffff, 0xffff, 0xffff, 0xffff, 0xffff, 0xffff, 0xffff, 0xffff, 0xffff, 0xffff, 0xffff, 0xffff, 0xffff, 0xffff, 0xffff, 0xffff, 0xffff, 0xffff, 0xffff, 0xffff, 0xffff, 0xffff, 0xffff, 0xffff, 0xffff, 0xffff, 0xffff, 0xffff, 0xffff, 0xffff, 0xffff, 0xffff, 0xffff, 0xffff, 0xffff, 0xffff, 0xffff, 0xffff, 0xffff, 0xffff, 0xffff, 0xffff, 0xffff, 0xffff, 0xffff, 0xffff, 0xffff, 0xffff, 0xffff, 0xffff, 0xffff, 0xffff, 0xffff, 0xffff, 0xffff, 0xffff, 0xffff, 0xffff, 0xffff, 0xffff, 0xffff, 0xffff, 0xffff, 0xffff, 0xffff, 0xffff, 0xffff, 0xffff, 0xffff, 0xffff, 0xffff, 0xffff, 0xffff, 0xffff, 0xffff, 0xffff, 0xffff, 0xffff, 0xffff, 0xffff, 0xffff, 0xffff, 0xffff, 0xffff, 0xffff, 0xffff, 0xffff, 0xffff, 0xffff, 0xffff, 0xffff, 0xffff, 0xffff, 0xffff, 0xffff, 0xffff, 0xffff, 0xffff, 0xffff, 0xffff, 0xffff, 0xffff, 0xffff, 0xffff, 0xffff, 0xffff, 0xffff, 0xffff, 0xffff, 0xffff, 0xffff, 0xffff, 0xffff, 0xffff, 0xffff, 0xffff, 0xffff, 0xffff, 0xffff, 0xffff, 0xffff, 0xffff, 0xffff, 0xffff, 0xffff, 0xffff, 0xffff, 0xffff, 0xffff, 0xffff, 0xffff, 0xffff, 0xffff, 0xffff, 0xffff, 0xffff, 0xffff, 0xffff, 0xffff, 0xffff, 0xffff, 0xffff, 0xffff, 0xffff, 0xffff, 0xffff, 0xffff, 0xffff, 0xffff, 0xffff, 0xffff, 0xffff, 0xffff, 0xffff, 0xffff, 0xffff, 0xffff, 0xffff, 0xffff, 0xffff, 0xffff, 0xffff, 0xffff, 0xffff, 0xffff, 0xffff, 0xffff, 0xffff, 0xffff, 0xffff, 0xffff, 0xffff, 0xffff, 0xffff, 0xffff, 0xffff, 0xffff, 0xffff, 0xffff, 0xffff, 0xffff, 0xffff, 0xffff, 0xffff, 0xffff, 0xffff, 0xffff, 0xffff, 0xffff, 0xffff, 0xffff, 0xffff, 0xffff, 0xffff, 0xffff, 0xffff, 0xffff, 0xffff, 0xffff, 0xffff, 0xffff, 0xffff, 0xffff, 0xffff, 0xffff, 0xffff, 0xffff, 0xffff, 0xffff, 0xffff, 0xffff, 0xffff, 0xffff, 0xffff, 0xffff, 0xffff, 0xffff, 0xffff, 0xffff, 0xffff, 0xffff, 0xffff, 0xffff, 0xffff, 0xffff, 0xffff, 0xffff, 0xffff, 0xffff, 0xffff, 0xffff, 0xffff, 0xffff, 0xffff, 0xffff, 0xffff, 0xffff, 0xffff, 0xffff, 0xffff, 0xffff, 0xffff, 0xffff, 0xffff, 0xffff, 0xffff, 0xffff, 0xffff, 0xffff, 0xffff, 0xffff, 0xffff, 0xffff, 0xffff, 0xffff, 0xffff, 0xffff, 0xffff, 0xffff, 0xffff, 0xffff, 0xffff, 0xffff, 0xffff, 0xffff, 0xffff, 0xffff, 0xffff, 0xffff, 0xffff, 0xffff, 0xffff, 0xffff, 0xffff, 0xffff, 0xffff, 0xffff, 0xffff, 0xffff, 0xffff, 0xffff, 0xffff, 0xffff, 0xffff, 0xffff, 0xffff, 0xffff, 0xffff, 0xffff, 0xffff, 0xffff, 0xffff, 0xffff, 0xffff, 0xffff, 0xffff, 0xffff, 0xffff, 0xffff, 0xffff, 0xffff, 0xffff, 0xffff, 0xffff, 0xffff, 0xffff, 0xffff, 0xffff, 0xffff, 0xffff, 0xffff, 0xffff, 0xffff, 0xffff, 0xffff, 0xffff, 0xffff, 0xffff, 0xffff, 0xffff, 0xffff, 0xffff, 0xffff, 0xffff, 0xffff, 0xffff, 0xffff, 0xffff, 0xffff, 0xffff, 0xffff, 0xffff, 0xffff, 0xffff, 0xffff, 0xffff, 0xffff, 0xffff, 0xffff, 0xffff, 0xffff, 0xffff, 0xffff, 0xffff, 0xffff, 0xffff, 0xffff, 0xffff, 0xffff, 0xffff, 0xffff, 0xffff, 0xffff, 0xffff, 0xffff, 0xffff, 0xffff, 0xffff, 0xffff, 0xffff, 0xffff, 0xffff, 0xffff, 0xffff, 0xffff, 0xffff, 0xffff, 0xffff, 0xffff, 0xffff, 0xffff, 0xffff, 0xffff, 0xffff, 0xffff, 0xffff, 0xffff, 0xffff, 0xf7be, 0xf79e, 0xef5d, 0xe73c, 0xe73c, 0xe73c, 0xe73c, 0xe73c, 0xe73c, 0xe73c, 0xe73c, 0xe73c, 0xe73c, 0xe73c, 0xe73c, 0xe73c, 0xe73c, 0xe73c, 0xe73c, 0xe73c, 0xe73c, 0xe73c, 0xe73c, 0xe73c, 0xe73c, 0xe73c, 0xe73c, 0xe73c, 0xe73c, 0xe73c, 0xe73c, 0xe73c, 0xe73c, 0xe73c, 0xe73c, 0xe73c, 0xe73c, 0xe73c, 0xe73c, 0xe73c, 0xe73c, 0xe73c, 0xe73c, 0xe73c, 0xe73c, 0xe73c, 0xe73c, 0xe73c, 0xe73c, 0xe73c, 0xe73c, 0xe73c, 0xe73c, 0xe73c, 0xe73c, 0xe73c, 0xe73c, 0xe73c, 0xe73c, 0xe73c, 0xe73c, 0xe73c, 0xe73c, 0xe73c, 0xe73c, 0xe73c, 0xe73c, 0xe73c, 0xe73c, 0xe73c, 0xe73c, 0xe73c, 0xe73c, 0xe73c, 0xe73c, 0xe73c, 0xe73c, 0xe73c, 0xe73c, 0xe73c, 0xe73c, 0xe73c, 0xe73c, 0xe73c, 0xe73c, 0xe73c, 0xe73c, 0xe73c, 0xe73c, 0xe73c, 0xe73c, 0xe73c, 0xe73c, 0xe73c, 0xe73c, 0xe73c, 0xe73c, 0xe73c, 0xe73c, 0xe73c, 0xe73c, 0xe73c, 0xe73c, 0xe73c, 0xe73c, 0xe73c, 0xe73c, 0xef3c, 0xef7d, 0xf79e, 0xf7be, 0xf7be, 0xffdf, 0xffff, 0xffff, 0xffff, 0xffff, 0xffff, 0xffff, 0xffff, 0xffff, 0xffff, 0xffff, 0xffff, 0xffff, 0xffff, 0xffff, 0xffff, 0xffff, 0xffff, 0xffff, 0xffff, 0xffff, 0xffff, 0xffff, 0xffff, 0xffff, 0xffff, 0xffff, 0xffff, 0xffff, 0xffff, 0xffff, 0xffff, 0xffff, 0xffff, 0xffff, 0xffff, 0xffff, 0xffff, 0xffff, 0xffff, 0xffff, 0xffff, 0xffff, 0xffff, 0xffff, 0xffff, 0xffff, 0xffff, 0xffff, 0xffff, 0xffff, 0xffff, 0xffff, 0xffff, 0xffff, 0xffff, 0xffff, 0xffff, 0xffff, 0xffff, 0xffff, 0xffff, 0xffff, 0xffff, 0xffff, 0xffff, 0xffff, 0xffff, 0xffff, 0xffff, 0xffff, 0xffff, 0xffff, 0xffff, 0xffff, 0xffff, 0xffff, 0xffff, 0xffff, 0xffff, 0xffff, 0xffff, 0xffff, 0xffff, 0xffff, 0xffff, 0xffff, 0xffff, 0xffff, 0xffff, 0xffff, 0xffff, 0xffff, 0xffff, 0xffff, 0xffff, 0xffff, 0xffff, 0xffff, 0xffff, 0xffff, 0xffff, 0xffff, 0xffff, 0xffff, 0xffff, 0xffff, 0xffff, 0xffff, 0xffff, 0xffff, 0xffff, 0xffff, 0xffff, 0xffff, 0xffff, 0xffff, 0xffff, 0xffff, 0xffff, 0xffff, 0xffff, 0xffff, 0xffff, 0xffff, 0xffdf, 0xffbe, 0xf7be, 0xe73c, 0xce79, 0xbdd7, 0xad34, 0xa534, 0xad34, 0xad34, 0xad54, 0xad55, 0xad55, 0xad55, 0xad55, 0xad55, 0xad55, 0xad55, 0xad55, 0xad55, 0xad55, 0xad55, 0xad55, 0xad55, 0xad55, 0xad55, 0xad55, 0xad55, 0xad55, 0xad55, 0xad55, 0xad55, 0xad55, 0xad55, 0xad55, 0xad55, 0xad55, 0xad55, 0xad55, 0xad55, 0xad55, 0xad55, 0xad55, 0xad55, 0xad55, 0xad55, 0xad55, 0xad55, 0xad55, 0xad55, 0xad55, 0xad55, 0xad55, 0xad55, 0xad55, 0xad55, 0xad55, 0xad55, 0xad55, 0xad55, 0xad55, 0xad55, 0xad55, 0xad55, 0xad55, 0xad55, 0xad55, 0xad55, 0xad55, 0xad55, 0xad55, 0xad55, 0xad55, 0xad55, 0xad55, 0xad55, 0xad55, 0xad55, 0xad55, 0xad55, 0xad55, 0xad55, 0xad55, 0xad55, 0xad55, 0xad55, 0xad55, 0xad55, 0xad55, 0xad55, 0xad55, 0xad55, 0xad55, 0xad55, 0xad55, 0xad55, 0xad55, 0xad55, 0xad55, 0xad55, 0xad55, 0xad55, 0xad55, 0xad55, 0xad55, 0xad55, 0xad55, 0xad55, 0xad55, 0xad55, 0xb575, 0xc5f7, 0xd679, 0xdedb, 0xe73c, 0xef7d, 0xf7be, 0xffff, 0xffff, 0xffff, 0xffff, 0xffff, 0xffff, 0xffff, 0xffff, 0xffff, 0xffff, 0xffff, 0xffff, 0xffff, 0xffff, 0xffff, 0xffff, 0xffff, 0xffff, 0xffff, 0xffff, 0xffff, 0xffff, 0xffff, 0xffff, 0xffff, 0xffff, 0xffff, 0xffff, 0xffff, 0xffff, 0xffff, 0xffff, 0xffff, 0xffff, 0xffff, 0xffff, 0xffff, 0xffff, 0xffff, 0xffff, 0xffff, 0xffff, 0xffff, 0xffff, 0xffff, 0xffff, 0xffff, 0xffff, 0xffff, 0xffff, 0xffff, 0xffff, 0xffff, 0xffff, 0xffff, 0xffff, 0xffff, 0xffff, 0xffff, 0xffff, 0xffff, 0xffff, 0xffff, 0xffff, 0xffff, 0xffff, 0xffff, 0xffff, 0xffff, 0xffff, 0xffff, 0xffff, 0xffff, 0xffff, 0xffff, 0xffff, 0xffff, 0xffff, 0xffff, 0xffff, 0xffff, 0xffff, 0xffff, 0xffff, 0xffff, 0xffff, 0xffff, 0xffff, 0xffff, 0xffff, 0xffff, 0xffff, 0xffff, 0xffff, 0xffff, 0xffff, 0xffff, 0xffff, 0xffff, 0xffff, 0xffff, 0xffff, 0xffff, 0xffff, 0xffff, 0xffff, 0xffff, 0xffff, 0xffff, 0xffff, 0xffff, 0xffff, 0xffff, 0xffff, 0xffff, 0xffff, 0xffff, 0xffff, 0xffff, 0xffff, 0xffff, 0xffff, 0xffff, 0xffdf, 0xf7be, 0xf79e, 0xdefb, 0xc5f7, 0xa514, 0x8c51, 0x8c30, 0x8c50, 0x9451, 0x9471, 0x9471, 0x9471, 0x9471, 0x9471, 0x9471, 0x9471, 0x9471, 0x9471, 0x9471, 0x9471, 0x9471, 0x9471, 0x9471, 0x9471, 0x9471, 0x9471, 0x9471, 0x9471, 0x9471, 0x9471, 0x9471, 0x9471, 0x9471, 0x9471, 0x9471, 0x9471, 0x9471, 0x9471, 0x9471, 0x9471, 0x9471, 0x9471, 0x9471, 0x9471, 0x9471, 0x9471, 0x9471, 0x9471, 0x9471, 0x9471, 0x9471, 0x9471, 0x9471, 0x9471, 0x9471, 0x9471, 0x9471, 0x9471, 0x9471, 0x9471, 0x9471, 0x9471, 0x9471, 0x9471, 0x9471, 0x9471, 0x9471, 0x9471, 0x9471, 0x9471, 0x9471, 0x9471, 0x9471, 0x9471, 0x9471, 0x9471, 0x9471, 0x9471, 0x9471, 0x9471, 0x9471, 0x9471, 0x9471, 0x9471, 0x9471, 0x9471, 0x9471, 0x9471, 0x9471, 0x9471, 0x9471, 0x9471, 0x9471, 0x9471, 0x9471, 0x9471, 0x9471, 0x9471, 0x9471, 0x9471, 0x9471, 0x9471, 0x9471, 0x9471, 0x9471, 0x9471, 0x9471, 0x9471, 0x9471, 0x9492, 0xad55, 0xc617, 0xce79, 0xdedb, 0xef5d, 0xf7be, 0xffdf, 0xffff, 0xffff, 0xffff, 0xffff, 0xffff, 0xffff, 0xffff, 0xffff, 0xffff, 0xffff, 0xffff, 0xffff, 0xffff, 0xffff, 0xffff, 0xffff, 0xffff, 0xffff, 0xffff, 0xffff, 0xffff, 0xffff, 0xffff, 0xffff, 0xffff, 0xffff, 0xffff, 0xffff, 0xffff, 0xffff, 0xffff, 0xffff, 0xffff, 0xffff, 0xffff, 0xffff, 0xffff, 0xffff, 0xffff, 0xffff, 0xffff, 0xffff, 0xffff, 0xffff, 0xffff, 0xffff, 0xffff, 0xffff, 0xffff, 0xffff, 0xffff, 0xffff, 0xffff, 0xffff, 0xffff, 0xffff, 0xffff, 0xffff, 0xffff, 0xffff, 0xffff, 0xffff, 0xffff, 0xffff, 0xffff, 0xffff, 0xffff, 0xffff, 0xffff, 0xffff, 0xffff, 0xffff, 0xffff, 0xffff, 0xffff, 0xffff, 0xffff, 0xffff, 0xffff, 0xffff, 0xffff, 0xffff, 0xffff, 0xffff, 0xffff, 0xffff, 0xffff, 0xffff, 0xffff, 0xffff, 0xffff, 0xffff, 0xffff, 0xffff, 0xffff, 0xffff, 0xffff, 0xffff, 0xffff, 0xffff, 0xffff, 0xffff, 0xffff, 0xffff, 0xffff, 0xffff, 0xffff, 0xffff, 0xffff, 0xffff, 0xffff, 0xffff, 0xffff, 0xffff, 0xffff, 0xffff, 0xffff, 0xffff, 0xffff, 0xffff, 0xffff, 0xffff, 0xffdf, 0xf7be, 0xf79e, 0xd6ba, 0xad54, 0x8c30, 0x6b0b, 0x62eb, 0x630b, 0x6b0b, 0x6b2c, 0x6b2c, 0x6b2c, 0x6b2c, 0x6b4c, 0x6b4c, 0x6b4c, 0x6b4c, 0x6b4c, 0x6b4c, 0x6b4c, 0x6b4c, 0x6b4c, 0x6b4c, 0x6b4c, 0x6b4c, 0x6b4c, 0x6b4c, 0x6b4c, 0x6b4c, 0x6b4c, 0x6b4c, 0x6b4c, 0x6b4c, 0x6b4c, 0x6b4c, 0x6b4c, 0x6b4c, 0x6b4c, 0x6b4c, 0x6b4c, 0x6b4c, 0x6b4c, 0x6b4c, 0x6b4c, 0x6b4c, 0x6b4c, 0x6b4c, 0x6b4c, 0x6b4c, 0x6b4c, 0x6b4c, 0x6b4c, 0x6b4c, 0x6b4c, 0x6b4c, 0x6b4c, 0x6b4c, 0x6b4c, 0x6b4c, 0x6b4c, 0x6b4c, 0x6b4c, 0x6b4c, 0x6b4c, 0x6b4c, 0x6b4c, 0x6b4c, 0x6b4c, 0x6b4c, 0x6b4c, 0x6b4c, 0x6b4c, 0x6b4c, 0x6b4c, 0x6b4c, 0x6b4c, 0x6b4c, 0x6b4c, 0x6b4c, 0x6b4c, 0x6b4c, 0x6b4c, 0x6b4c, 0x6b4c, 0x6b4c, 0x6b4c, 0x6b4c, 0x6b4c, 0x6b4c, 0x6b4c, 0x6b4c, 0x6b4c, 0x6b4c, 0x6b4c, 0x6b4c, 0x6b4c, 0x6b4c, 0x6b4c, 0x6b4c, 0x6b4c, 0x6b4c, 0x6b4c, 0x6b4c, 0x6b4c, 0x6b4c, 0x6b4c, 0x6b2c, 0x6b2c, 0x6b2c, 0x734c, 0x8c51, 0xad54, 0xbdf7, 0xd679, 0xe71c, 0xf79e, 0xffdf, 0xffff, 0xffff, 0xffff, 0xffff, 0xffff, 0xffff, 0xffff, 0xffff, 0xffff, 0xffff, 0xffff, 0xffff, 0xffff, 0xffff, 0xffff, 0xffff, 0xffff, 0xffff, 0xffff, 0xffff, 0xffff, 0xffff, 0xffff, 0xffff, 0xffff, 0xffff, 0xffff, 0xffff, 0xffff, 0xffff, 0xffff, 0xffff, 0xffff, 0xffff, 0xffff, 0xffff, 0xffff, 0xffff, 0xffff, 0xffff, 0xffff, 0xffff, 0xffff, 0xffff, 0xffff, 0xffff, 0xffff, 0xffff, 0xffff, 0xffff, 0xffff, 0xffff, 0xffff, 0xffff, 0xffff, 0xffff, 0xffff, 0xffff, 0xffff, 0xffff, 0xffff, 0xffff, 0xffff, 0xffff, 0xffff, 0xffff, 0xffff, 0xffff, 0xffff, 0xffff, 0xffff, 0xffff, 0xffff, 0xffff, 0xffff, 0xffff, 0xffff, 0xffff, 0xffff, 0xffff, 0xffff, 0xffff, 0xffff, 0xffff, 0xffff, 0xffff, 0xffff, 0xffff, 0xffff, 0xffff, 0xffff, 0xffff, 0xffff, 0xffff, 0xffff, 0xffff, 0xffff, 0xffff, 0xffff, 0xffff, 0xffff, 0xffff, 0xffff, 0xffff, 0xffff, 0xffff, 0xffff, 0xffff, 0xffff, 0xffff, 0xffff, 0xffff, 0xffff, 0xffff, 0xffff, 0xffff, 0xffff, 0xffff, 0xffff, 0xffff, 0xffff, 0xffff, 0xffdf, 0xf7be, 0xf79e, 0xd6ba, 0xad54, 0x8c30, 0x6b0b, 0x62eb, 0x62eb, 0x6b0b, 0x6b0c, 0x6b2c, 0x6b2c, 0x6b2c, 0x6b2c, 0x6b2c, 0x6b2c, 0x6b2c, 0x6b2c, 0x6b2c, 0x6b2c, 0x6b2c, 0x6b2c, 0x6b2c, 0x6b2c, 0x6b2c, 0x6b2c, 0x6b2c, 0x6b2c, 0x6b2c, 0x6b2c, 0x6b2c, 0x6b2c, 0x6b2c, 0x6b2c, 0x6b2c, 0x6b2c, 0x6b2c, 0x6b2c, 0x6b2c, 0x6b2c, 0x6b2c, 0x6b2c, 0x6b2c, 0x6b2c, 0x6b2c, 0x6b2c, 0x6b2c, 0x6b2c, 0x6b2c, 0x6b2c, 0x6b2c, 0x6b2c, 0x6b2c, 0x6b2c, 0x6b2c, 0x6b2c, 0x6b2c, 0x6b2c, 0x6b2c, 0x6b2c, 0x6b2c, 0x6b2c, 0x6b2c, 0x6b2c, 0x6b2c, 0x6b2c, 0x6b2c, 0x6b2c, 0x6b2c, 0x6b2c, 0x6b2c, 0x6b2c, 0x6b2c, 0x6b2c, 0x6b2c, 0x6b2c, 0x6b2c, 0x6b2c, 0x6b2c, 0x6b2c, 0x6b2c, 0x6b2c, 0x6b2c, 0x6b2c, 0x6b2c, 0x6b2c, 0x6b2c, 0x6b2c, 0x6b2c, 0x6b2c, 0x6b2c, 0x6b2c, 0x6b2c, 0x6b2c, 0x6b2c, 0x6b2c, 0x6b2c, 0x6b2c, 0x6b2c, 0x6b2c, 0x6b2c, 0x6b2c, 0x6b2c, 0x6b2c, 0x6b2c, 0x6b2c, 0x6b2c, 0x6b0b, 0x6b0c, 0x6b4c, 0x8c50, 0xad34, 0xbdd7, 0xce79, 0xe71c, 0xf79e, 0xffdf, 0xffff, 0xffff, 0xffff, 0xffff, 0xffff, 0xffff, 0xffff, 0xffff, 0xffff, 0xffff, 0xffff, 0xffff, 0xffff, 0xffff, 0xffff, 0xffff, 0xffff, 0xffff, 0xffff, 0xffff, 0xffff, 0xffff, 0xffff, 0xffff, 0xffff, 0xffff, 0xffff, 0xffff, 0xffff, 0xffff, 0xffff, 0xffff, 0xffff, 0xffff, 0xffff, 0xffff, 0xffff, 0xffff, 0xffff, 0xffff, 0xffff, 0xffff, 0xffff, 0xffff, 0xffff, 0xffff, 0xffff, 0xffff, 0xffff, 0xffff, 0xffff, 0xffff, 0xffff, 0xffff, 0xffff, 0xffff, 0xffff, 0xffff, 0xffff, 0xffff, 0xffff, 0xffff, 0xffff, 0xffff, 0xffff, 0xffff, 0xffff, 0xffff, 0xffff, 0xffff, 0xffff, 0xffff, 0xffff, 0xffff, 0xffff, 0xffff, 0xffff, 0xffff, 0xffff, 0xffff, 0xffff, 0xffff, 0xffff, 0xffff, 0xffff, 0xffff, 0xffff, 0xffff, 0xffff, 0xffff, 0xffff, 0xffff, 0xffff, 0xffff, 0xffff, 0xffff, 0xffff, 0xffff, 0xffff, 0xffff, 0xffff, 0xffff, 0xffff, 0xffff, 0xffff, 0xffff, 0xffff, 0xffff, 0xffff, 0xffff, 0xffff, 0xffff, 0xffff, 0xffff, 0xffff, 0xffff, 0xffff, 0xffff, 0xffff, 0xffff, 0xffff, 0xffff, 0xffdf, 0xf7be, 0xf79e, 0xd6ba, 0xad55, 0x8c30, 0x6b2c, 0x630b, 0x6b2c, 0x6b2c, 0x6b4c, 0x6b4c, 0x6b4c, 0x6b4c, 0x6b4c, 0x6b4c, 0x6b4c, 0x6b4c, 0x6b4c, 0x6b4c, 0x6b4c, 0x6b4c, 0x6b4c, 0x6b4c, 0x6b4c, 0x6b4c, 0x6b4c, 0x6b4c, 0x6b4c, 0x6b4c, 0x6b4c, 0x6b4c, 0x6b4c, 0x6b4c, 0x6b4c, 0x6b4c, 0x6b4c, 0x6b4c, 0x6b4c, 0x6b4c, 0x6b4c, 0x6b4c, 0x6b4c, 0x6b4c, 0x6b4c, 0x6b4c, 0x6b4c, 0x6b4c, 0x6b4c, 0x6b4c, 0x6b4c, 0x6b4c, 0x6b4c, 0x6b4c, 0x6b4c, 0x6b4c, 0x6b4c, 0x6b4c, 0x6b4c, 0x6b4c, 0x6b4c, 0x6b4c, 0x6b4c, 0x6b4c, 0x6b4c, 0x6b4c, 0x6b4c, 0x6b4c, 0x6b4c, 0x6b4c, 0x6b4c, 0x6b4c, 0x6b4c, 0x6b4c, 0x6b4c, 0x6b4c, 0x6b4c, 0x6b4c, 0x6b4c, 0x6b4c, 0x6b4c, 0x6b4c, 0x6b4c, 0x6b4c, 0x6b4c, 0x6b4c, 0x6b4c, 0x6b4c, 0x6b4c, 0x6b4c, 0x6b4c, 0x6b4c, 0x6b4c, 0x6b4c, 0x6b4c, 0x6b4c, 0x6b4c, 0x6b4c, 0x6b4c, 0x6b4c, 0x6b4c, 0x6b4c, 0x6b4c, 0x6b4c, 0x6b4c, 0x6b4c, 0x6b4c, 0x6b2c, 0x6b2c, 0x6b2c, 0x6b4c, 0x8c50, 0xad34, 0xbdd7, 0xce79, 0xe71c, 0xf79e, 0xffdf, 0xffff, 0xffff, 0xffff, 0xffff, 0xffff, 0xffff, 0xffff, 0xffff, 0xffff, 0xffff, 0xffff, 0xffff, 0xffff, 0xffff, 0xffff, 0xffff, 0xffff, 0xffff, 0xffff, 0xffff, 0xffff, 0xffff, 0xffff, 0xffff, 0xffff, 0xffff, 0xffff, 0xffff, 0xffff, 0xffff, 0xffff, 0xffff, 0xffff, 0xffff, 0xffff, 0xffff, 0xffff, 0xffff, 0xffff, 0xffff, 0xffff, 0xffff, 0xffff, 0xffff, 0xffff, 0xffff, 0xffff, 0xffff, 0xffff, 0xffff, 0xffff, 0xffff, 0xffff, 0xffff, 0xffff, 0xffff, 0xffff, 0xffff, 0xffff, 0xffff, 0xffff, 0xffff, 0xffff, 0xffff, 0xffff, 0xffff, 0xffff, 0xffff, 0xffff, 0xffff, 0xffff, 0xffff, 0xffff, 0xffff, 0xffff, 0xffff, 0xffff, 0xffff, 0xffff, 0xffff, 0xffff, 0xffff, 0xffff, 0xffff, 0xffff, 0xffff, 0xffff, 0xffff, 0xffff, 0xffff, 0xffff, 0xffff, 0xffff, 0xffff, 0xffff, 0xffff, 0xffff, 0xffff, 0xffff, 0xffff, 0xffff, 0xffff, 0xffff, 0xffff, 0xffff, 0xffff, 0xffff, 0xffff, 0xffff, 0xffff, 0xffff, 0xffff, 0xffff, 0xffff, 0xffff, 0xffff, 0xffff, 0xffff, 0xffff, 0xffff, 0xffff, 0xffff, 0xffdf, 0xf7be, 0xf79e, 0xd6ba, 0xad55, 0x8c30, 0x6b2c, 0x630b, 0x6b2c, 0x6b2c, 0x6b4c, 0x6b4c, 0x6b4c, 0x6b4c, 0x6b4c, 0x6b4c, 0x6b4c, 0x6b4c, 0x6b4c, 0x6b4c, 0x6b4c, 0x6b4c, 0x6b4c, 0x6b4c, 0x6b4c, 0x6b4c, 0x6b4c, 0x6b4c, 0x6b4c, 0x6b4c, 0x6b4c, 0x6b4c, 0x6b4c, 0x6b4c, 0x6b4c, 0x6b4c, 0x6b4c, 0x6b4c, 0x6b4c, 0x6b4c, 0x6b4c, 0x6b4c, 0x6b4c, 0x6b4c, 0x6b4c, 0x6b4c, 0x6b4c, 0x6b4c, 0x6b4c, 0x6b4c, 0x6b4c, 0x6b4c, 0x6b4c, 0x6b4c, 0x6b4c, 0x6b4c, 0x6b4c, 0x6b4c, 0x6b4c, 0x6b4c, 0x6b4c, 0x6b4c, 0x6b4c, 0x6b4c, 0x6b4c, 0x6b4c, 0x6b4c, 0x6b4c, 0x6b4c, 0x6b4c, 0x6b4c, 0x6b4c, 0x6b4c, 0x6b4c, 0x6b4c, 0x6b4c, 0x6b4c, 0x6b4c, 0x6b4c, 0x6b4c, 0x6b4c, 0x6b4c, 0x6b4c, 0x6b4c, 0x6b4c, 0x6b4c, 0x6b4c, 0x6b4c, 0x6b4c, 0x6b4c, 0x6b4c, 0x6b4c, 0x6b4c, 0x6b4c, 0x6b4c, 0x6b4c, 0x6b4c, 0x6b4c, 0x6b4c, 0x6b4c, 0x6b4c, 0x6b4c, 0x6b4c, 0x6b4c, 0x6b4c, 0x6b4c, 0x6b4c, 0x6b2c, 0x6b2c, 0x6b2c, 0x6b4c, 0x8c50, 0xad34, 0xbdd7, 0xce79, 0xe71c, 0xf79e, 0xffdf, 0xffff, 0xffff, 0xffff, 0xffff, 0xffff, 0xffff, 0xffff, 0xffff, 0xffff, 0xffff, 0xffff, 0xffff, 0xffff, 0xffff, 0xffff, 0xffff, 0xffff, 0xffff, 0xffff, 0xffff, 0xffff, 0xffff, 0xffff, 0xffff, 0xffff, 0xffff, 0xffff, 0xffff, 0xffff, 0xffff, 0xffff, 0xffff, 0xffff, 0xffff, 0xffff, 0xffff, 0xffff, 0xffff, 0xffff, 0xffff, 0xffff, 0xffff, 0xffff, 0xffff, 0xffff, 0xffff, 0xffff, 0xffff, 0xffff, 0xffff, 0xffff, 0xffff, 0xffff, 0xffff, 0xffff, 0xffff, 0xffff, 0xffff, 0xffff, 0xffff, 0xffff, 0xffff, 0xffff, 0xffff, 0xffff, 0xffff, 0xffff, 0xffff, 0xffff, 0xffff, 0xffff, 0xffff, 0xffff, 0xffff, 0xffff, 0xffff, 0xffff, 0xffff, 0xffff, 0xffff, 0xffff, 0xffff, 0xffff, 0xffff, 0xffff, 0xffff, 0xffff, 0xffff, 0xffff, 0xffff, 0xffff, 0xffff, 0xffff, 0xffff, 0xffff, 0xffff, 0xffff, 0xffff, 0xffff, 0xffff, 0xffff, 0xffff, 0xffff, 0xffff, 0xffff, 0xffff, 0xffff, 0xffff, 0xffff, 0xffff, 0xffff, 0xffff, 0xffff, 0xffff, 0xffff, 0xffff, 0xffff, 0xffff, 0xffff, 0xffff, 0xffff, 0xffff, 0xffdf, 0xf7be, 0xf79e, 0xd6ba, 0xad55, 0x8c30, 0x6b2c, 0x630b, 0x6b2c, 0x6b2c, 0x6b4c, 0x6b4c, 0x6b4c, 0x6b4c, 0x6b4c, 0x6b4c, 0x6b4c, 0x6b4c, 0x6b4c, 0x6b4c, 0x6b4c, 0x6b4c, 0x6b4c, 0x6b4c, 0x6b4c, 0x6b4c, 0x6b4c, 0x6b4c, 0x6b4c, 0x6b4c, 0x6b4c, 0x6b4c, 0x6b4c, 0x6b4c, 0x6b4c, 0x6b4c, 0x6b4c, 0x6b4c, 0x6b4c, 0x6b4c, 0x6b4c, 0x6b4c, 0x6b4c, 0x6b4c, 0x6b4c, 0x6b4c, 0x6b4c, 0x6b4c, 0x6b4c, 0x6b4c, 0x6b4c, 0x6b4c, 0x6b4c, 0x6b4c, 0x6b4c, 0x6b4c, 0x6b4c, 0x6b4c, 0x6b4c, 0x6b4c, 0x6b4c, 0x6b4c, 0x6b4c, 0x6b4c, 0x6b4c, 0x6b4c, 0x6b4c, 0x6b4c, 0x6b4c, 0x6b4c, 0x6b4c, 0x6b4c, 0x6b4c, 0x6b4c, 0x6b4c, 0x6b4c, 0x6b4c, 0x6b4c, 0x6b4c, 0x6b4c, 0x6b4c, 0x6b4c, 0x6b4c, 0x6b4c, 0x6b4c, 0x6b4c, 0x6b4c, 0x6b4c, 0x6b4c, 0x6b4c, 0x6b4c, 0x6b4c, 0x6b4c, 0x6b4c, 0x6b4c, 0x6b4c, 0x6b4c, 0x6b4c, 0x6b4c, 0x6b4c, 0x6b4c, 0x6b4c, 0x6b4c, 0x6b4c, 0x6b4c, 0x6b4c, 0x6b4c, 0x6b2c, 0x6b2c, 0x6b2c, 0x6b4c, 0x8c50, 0xad34, 0xbdd7, 0xce79, 0xe71c, 0xf79e, 0xffdf, 0xffff, 0xffff, 0xffff, 0xffff, 0xffff, 0xffff, 0xffff, 0xffff, 0xffff, 0xffff, 0xffff, 0xffff, 0xffff, 0xffff, 0xffff, 0xffff, 0xffff, 0xffff, 0xffff, 0xffff, 0xffff, 0xffff, 0xffff, 0xffff, 0xffff, 0xffff, 0xffff, 0xffff, 0xffff, 0xffff, 0xffff, 0xffff, 0xffff, 0xffff, 0xffff, 0xffff, 0xffff, 0xffff, 0xffff, 0xffff, 0xffff, 0xffff, 0xffff, 0xffff, 0xffff, 0xffff, 0xffff, 0xffff, 0xffff, 0xffff, 0xffff, 0xffff, 0xffff, 0xffff, 0xffff, 0xffff, 0xffff, 0xffff, 0xffff, 0xffff, 0xffff, 0xffff, 0xffff, 0xffff, 0xffff, 0xffff, 0xffff, 0xffff, 0xffff, 0xffff, 0xffff, 0xffff, 0xffff, 0xffff, 0xffff, 0xffff, 0xffff, 0xffff, 0xffff, 0xffff, 0xffff, 0xffff, 0xffff, 0xffff, 0xffff, 0xffff, 0xffff, 0xffff, 0xffff, 0xffff, 0xffff, 0xffff, 0xffff, 0xffff, 0xffff, 0xffff, 0xffff, 0xffff, 0xffff, 0xffff, 0xffff, 0xffff, 0xffff, 0xffff, 0xffff, 0xffff, 0xffff, 0xffff, 0xffff, 0xffff, 0xffff, 0xffff, 0xffff, 0xffff, 0xffff, 0xffff, 0xffff, 0xffff, 0xffff, 0xffff, 0xffff, 0xffff, 0xffdf, 0xf7be, 0xf79e, 0xd6ba, 0xad55, 0x8c30, 0x6b2c, 0x630b, 0x6b2c, 0x6b2c, 0x6b4c, 0x6b4c, 0x6b4c, 0x6b4c, 0x6b4c, 0x6b4c, 0x6b4c, 0x6b4c, 0x6b4c, 0x6b4c, 0x6b4c, 0x6b4c, 0x6b4c, 0x6b4c, 0x6b4c, 0x6b4c, 0x6b4c, 0x6b4c, 0x6b4c, 0x6b4c, 0x6b4c, 0x6b4c, 0x6b4c, 0x6b4c, 0x6b4c, 0x6b4c, 0x6b4c, 0x6b4c, 0x6b4c, 0x6b4c, 0x6b4c, 0x6b4c, 0x6b4c, 0x6b4c, 0x6b4c, 0x6b4c, 0x6b4c, 0x6b4c, 0x6b4c, 0x6b4c, 0x6b4c, 0x6b4c, 0x6b4c, 0x6b4c, 0x6b4c, 0x6b4c, 0x6b4c, 0x6b4c, 0x6b4c, 0x6b4c, 0x6b4c, 0x6b4c, 0x6b4c, 0x6b4c, 0x6b4c, 0x6b4c, 0x6b4c, 0x6b4c, 0x6b4c, 0x6b4c, 0x6b4c, 0x6b4c, 0x6b4c, 0x6b4c, 0x6b4c, 0x6b4c, 0x6b4c, 0x6b4c, 0x6b4c, 0x6b4c, 0x6b4c, 0x6b4c, 0x6b4c, 0x6b4c, 0x6b4c, 0x6b4c, 0x6b4c, 0x6b4c, 0x6b4c, 0x6b4c, 0x6b4c, 0x6b4c, 0x6b4c, 0x6b4c, 0x6b4c, 0x6b4c, 0x6b4c, 0x6b4c, 0x6b4c, 0x6b4c, 0x6b4c, 0x6b4c, 0x6b4c, 0x6b4c, 0x6b4c, 0x6b4c, 0x6b4c, 0x6b2c, 0x6b2c, 0x6b2c, 0x6b4c, 0x8c50, 0xad34, 0xbdd7, 0xce79, 0xe71c, 0xf79e, 0xffdf, 0xffff, 0xffff, 0xffff, 0xffff, 0xffff, 0xffff, 0xffff, 0xffff, 0xffff, 0xffff, 0xffff, 0xffff, 0xffff, 0xffff, 0xffff, 0xffff, 0xffff, 0xffff, 0xffff, 0xffff, 0xffff, 0xffff, 0xffff, 0xffff, 0xffff, 0xffff, 0xffff, 0xffff, 0xffff, 0xffff, 0xffff, 0xffff, 0xffff, 0xffff, 0xffff, 0xffff, 0xffff, 0xffff, 0xffff, 0xffff, 0xffff, 0xffff, 0xffff, 0xffff, 0xffff, 0xffff, 0xffff, 0xffff, 0xffff, 0xffff, 0xffff, 0xffff, 0xffff, 0xffff, 0xffff, 0xffff, 0xffff, 0xffff, 0xffff, 0xffff, 0xffff, 0xffff, 0xffff, 0xffff, 0xffff, 0xffff, 0xffff, 0xffff, 0xffff, 0xffff, 0xffff, 0xffff, 0xffff, 0xffff, 0xffff, 0xffff, 0xffff, 0xffff, 0xffff, 0xffff, 0xffff, 0xffff, 0xffff, 0xffff, 0xffff, 0xffff, 0xffff, 0xffff, 0xffff, 0xffff, 0xffff, 0xffff, 0xffff, 0xffff, 0xffff, 0xffff, 0xffff, 0xffff, 0xffff, 0xffff, 0xffff, 0xffff, 0xffff, 0xffff, 0xffff, 0xffff, 0xffff, 0xffff, 0xffff, 0xffff, 0xffff, 0xffff, 0xffff, 0xffff, 0xffff, 0xffff, 0xffff, 0xffff, 0xffff, 0xffff, 0xffff, 0xffff, 0xffdf, 0xf7be, 0xf79e, 0xd6ba, 0xad55, 0x8c30, 0x6b2c, 0x630b, 0x6b2c, 0x6b2c, 0x6b4c, 0x6b4c, 0x6b4c, 0x6b4c, 0x6b4c, 0x6b4c, 0x6b4c, 0x6b4c, 0x6b4c, 0x6b4c, 0x6b4c, 0x6b4c, 0x6b4c, 0x6b4c, 0x6b4c, 0x6b4c, 0x6b4c, 0x6b4c, 0x6b4c, 0x6b4c, 0x6b4c, 0x6b4c, 0x6b4c, 0x6b4c, 0x6b4c, 0x6b4c, 0x6b4c, 0x6b4c, 0x6b4c, 0x6b4c, 0x6b4c, 0x6b4c, 0x6b4c, 0x6b4c, 0x6b4c, 0x6b4c, 0x6b4c, 0x6b4c, 0x6b4c, 0x6b4c, 0x6b4c, 0x6b4c, 0x6b4c, 0x6b4c, 0x6b4c, 0x6b4c, 0x6b4c, 0x6b4c, 0x6b4c, 0x6b4c, 0x6b4c, 0x6b4c, 0x6b4c, 0x6b4c, 0x6b4c, 0x6b4c, 0x6b4c, 0x6b4c, 0x6b4c, 0x6b4c, 0x6b4c, 0x6b4c, 0x6b4c, 0x6b4c, 0x6b4c, 0x6b4c, 0x6b4c, 0x6b4c, 0x6b4c, 0x6b4c, 0x6b4c, 0x6b4c, 0x6b4c, 0x6b4c, 0x6b4c, 0x6b4c, 0x6b4c, 0x6b4c, 0x6b4c, 0x6b4c, 0x6b4c, 0x6b4c, 0x6b4c, 0x6b4c, 0x6b4c, 0x6b4c, 0x6b4c, 0x6b4c, 0x6b4c, 0x6b4c, 0x6b4c, 0x6b4c, 0x6b4c, 0x6b4c, 0x6b4c, 0x6b4c, 0x6b4c, 0x6b2c, 0x6b2c, 0x6b2c, 0x6b4c, 0x8c50, 0xad34, 0xbdd7, 0xce79, 0xe71c, 0xf79e, 0xffdf, 0xffff, 0xffff, 0xffff, 0xffff, 0xffff, 0xffff, 0xffff, 0xffff, 0xffff, 0xffff, 0xffff, 0xffff, 0xffff, 0xffff, 0xffff, 0xffff, 0xffff, 0xffff, 0xffff, 0xffff, 0xffff, 0xffff, 0xffff, 0xffff, 0xffff, 0xffff, 0xffff, 0xffff, 0xffff, 0xffff, 0xffff, 0xffff, 0xffff, 0xffff, 0xffff, 0xffff, 0xffff, 0xffff, 0xffff, 0xffff, 0xffff, 0xffff, 0xffff, 0xffff, 0xffff, 0xffff, 0xffff, 0xffff, 0xffff, 0xffff, 0xffff, 0xffff, 0xffff, 0xffff, 0xffff, 0xffff, 0xffff, 0xffff, 0xffff, 0xffff, 0xffff, 0xffff, 0xffff, 0xffff, 0xffff, 0xffff, 0xffff, 0xffff, 0xffff, 0xffff, 0xffff, 0xffff, 0xffff, 0xffff, 0xffff, 0xffff, 0xffff, 0xffff, 0xffff, 0xffff, 0xffff, 0xffff, 0xffff, 0xffff, 0xffff, 0xffff, 0xffff, 0xffff, 0xffff, 0xffff, 0xffff, 0xffff, 0xffff, 0xffff, 0xffff, 0xffff, 0xffff, 0xffff, 0xffff, 0xffff, 0xffff, 0xffff, 0xffff, 0xffff, 0xffff, 0xffff, 0xffff, 0xffff, 0xffff, 0xffff, 0xffff, 0xffff, 0xffff, 0xffff, 0xffff, 0xffff, 0xffff, 0xffff, 0xffff, 0xffff, 0xffff, 0xffff, 0xffdf, 0xf7be, 0xf79e, 0xd6ba, 0xad55, 0x8c30, 0x6b2c, 0x630b, 0x6b2c, 0x6b2c, 0x6b4c, 0x6b4c, 0x6b4c, 0x6b4c, 0x6b4c, 0x6b4c, 0x6b4c, 0x6b4c, 0x6b4c, 0x6b4c, 0x6b4c, 0x6b4c, 0x6b4c, 0x6b4c, 0x6b4c, 0x6b4c, 0x6b4c, 0x6b4c, 0x6b4c, 0x6b4c, 0x6b4c, 0x6b4c, 0x6b4c, 0x6b4c, 0x6b4c, 0x6b4c, 0x6b4c, 0x6b4c, 0x6b4c, 0x6b4c, 0x6b4c, 0x6b4c, 0x6b4c, 0x6b4c, 0x6b4c, 0x6b4c, 0x6b4c, 0x6b4c, 0x6b4c, 0x6b4c, 0x6b4c, 0x6b4c, 0x6b4c, 0x6b4c, 0x6b4c, 0x6b4c, 0x6b4c, 0x6b4c, 0x6b4c, 0x6b4c, 0x6b4c, 0x6b4c, 0x6b4c, 0x6b4c, 0x6b4c, 0x6b4c, 0x6b4c, 0x6b4c, 0x6b4c, 0x6b4c, 0x6b4c, 0x6b4c, 0x6b4c, 0x6b4c, 0x6b4c, 0x6b4c, 0x6b4c, 0x6b4c, 0x6b4c, 0x6b4c, 0x6b4c, 0x6b4c, 0x6b4c, 0x6b4c, 0x6b4c, 0x6b4c, 0x6b4c, 0x6b4c, 0x6b4c, 0x6b4c, 0x6b4c, 0x6b4c, 0x6b4c, 0x6b4c, 0x6b4c, 0x6b4c, 0x6b4c, 0x6b4c, 0x6b4c, 0x6b4c, 0x6b4c, 0x6b4c, 0x6b4c, 0x6b4c, 0x6b4c, 0x6b4c, 0x6b4c, 0x6b2c, 0x6b2c, 0x6b2c, 0x6b4c, 0x8c50, 0xad34, 0xbdd7, 0xce79, 0xe71c, 0xf79e, 0xffdf, 0xffff, 0xffff, 0xffff, 0xffff, 0xffff, 0xffff, 0xffff, 0xffff, 0xffff, 0xffff, 0xffff, 0xffff, 0xffff, 0xffff, 0xffff, 0xffff, 0xffff, 0xffff, 0xffff, 0xffff, 0xffff, 0xffff, 0xffff, 0xffff, 0xffff, 0xffff, 0xffff, 0xffff, 0xffff, 0xffff, 0xffff, 0xffff, 0xffff, 0xffff, 0xffff, 0xffff, 0xffff, 0xffff, 0xffff, 0xffff, 0xffff, 0xffff, 0xffff, 0xffff, 0xffff, 0xffff, 0xffff, 0xffff, 0xffff, 0xffff, 0xffff, 0xffff, 0xffff, 0xffff, 0xffff, 0xffff, 0xffff, 0xffff, 0xffff, 0xffff, 0xffff, 0xffff, 0xffff, 0xffff, 0xffff, 0xffff, 0xffff, 0xffff, 0xffff, 0xffff, 0xffff, 0xffff, 0xffff, 0xffff, 0xffff, 0xffff, 0xffff, 0xffff, 0xffff, 0xffff, 0xffff, 0xffff, 0xffff, 0xffff, 0xffff, 0xffff, 0xffff, 0xffff, 0xffff, 0xffff, 0xffff, 0xffff, 0xffff, 0xffff, 0xffff, 0xffff, 0xffff, 0xffff, 0xffff, 0xffff, 0xffff, 0xffff, 0xffff, 0xffff, 0xffff, 0xffff, 0xffff, 0xffff, 0xffff, 0xffff, 0xffff, 0xffff, 0xffff, 0xffff, 0xffff, 0xffff, 0xffff, 0xffff, 0xffff, 0xffff, 0xffff, 0xffff, 0xffdf, 0xf7be, 0xf79e, 0xd6ba, 0xad55, 0x8c30, 0x6b2c, 0x630b, 0x6b2c, 0x6b2c, 0x6b4c, 0x6b4c, 0x6b4c, 0x6b4c, 0x6b4c, 0x6b4c, 0x6b4c, 0x6b4c, 0x6b4c, 0x6b4c, 0x6b4c, 0x6b4c, 0x6b4c, 0x6b4c, 0x6b4c, 0x6b4c, 0x6b4c, 0x6b4c, 0x6b4c, 0x6b4c, 0x6b4c, 0x6b4c, 0x6b4c, 0x6b4c, 0x6b4c, 0x6b4c, 0x6b4c, 0x6b4c, 0x6b4c, 0x6b4c, 0x6b4c, 0x6b4c, 0x6b4c, 0x6b4c, 0x6b4c, 0x6b4c, 0x6b4c, 0x6b4c, 0x6b4c, 0x6b4c, 0x6b4c, 0x6b4c, 0x6b4c, 0x6b4c, 0x6b4c, 0x6b4c, 0x6b4c, 0x6b4c, 0x6b4c, 0x6b4c, 0x6b4c, 0x6b4c, 0x6b4c, 0x6b4c, 0x6b4c, 0x6b4c, 0x6b4c, 0x6b4c, 0x6b4c, 0x6b4c, 0x6b4c, 0x6b4c, 0x6b4c, 0x6b4c, 0x6b4c, 0x6b4c, 0x6b4c, 0x6b4c, 0x6b4c, 0x6b4c, 0x6b4c, 0x6b4c, 0x6b4c, 0x6b4c, 0x6b4c, 0x6b4c, 0x6b4c, 0x6b4c, 0x6b4c, 0x6b4c, 0x6b4c, 0x6b4c, 0x6b4c, 0x6b4c, 0x6b4c, 0x6b4c, 0x6b4c, 0x6b4c, 0x6b4c, 0x6b4c, 0x6b4c, 0x6b4c, 0x6b4c, 0x6b4c, 0x6b4c, 0x6b4c, 0x6b4c, 0x6b2c, 0x6b2c, 0x6b2c, 0x6b4c, 0x8c50, 0xad34, 0xbdd7, 0xce79, 0xe71c, 0xf79e, 0xffdf, 0xffff, 0xffff, 0xffff, 0xffff, 0xffff, 0xffff, 0xffff, 0xffff, 0xffff, 0xffff, 0xffff, 0xffff, 0xffff, 0xffff, 0xffff, 0xffff, 0xffff, 0xffff, 0xffff, 0xffff, 0xffff, 0xffff, 0xffff, 0xffff, 0xffff, 0xffff, 0xffff, 0xffff, 0xffff, 0xffff, 0xffff, 0xffff, 0xffff, 0xffff, 0xffff, 0xffff, 0xffff, 0xffff, 0xffff, 0xffff, 0xffff, 0xffff, 0xffff, 0xffff, 0xffff, 0xffff, 0xffff, 0xffff, 0xffff, 0xffff, 0xffff, 0xffff, 0xffff, 0xffff, 0xffff, 0xffff, 0xffff, 0xffff, 0xffff, 0xffff, 0xffff, 0xffff, 0xffff, 0xffff, 0xffff, 0xffff, 0xffff, 0xffff, 0xffff, 0xffff, 0xffff, 0xffff, 0xffff, 0xffff, 0xffff, 0xffff, 0xffff, 0xffff, 0xffff, 0xffff, 0xffff, 0xffff, 0xffff, 0xffff, 0xffff, 0xffff, 0xffff, 0xffff, 0xffff, 0xffff, 0xffff, 0xffff, 0xffff, 0xffff, 0xffff, 0xffff, 0xffff, 0xffff, 0xffff, 0xffff, 0xffff, 0xffff, 0xffff, 0xffff, 0xffff, 0xffff, 0xffff, 0xffff, 0xffff, 0xffff, 0xffff, 0xffff, 0xffff, 0xffff, 0xffff, 0xffff, 0xffff, 0xffff, 0xffff, 0xffff, 0xffff, 0xffff, 0xffdf, 0xf7be, 0xf79e, 0xd6ba, 0xad55, 0x8c30, 0x6b2c, 0x630b, 0x6b2c, 0x6b2c, 0x6b4c, 0x6b4c, 0x6b4c, 0x6b4c, 0x6b4c, 0x6b4c, 0x6b4c, 0x6b4c, 0x6b4c, 0x6b4c, 0x6b4c, 0x6b4c, 0x6b4c, 0x6b4c, 0x6b4c, 0x6b4c, 0x6b4c, 0x6b4c, 0x6b4c, 0x6b4c, 0x6b4c, 0x6b4c, 0x6b4c, 0x6b4c, 0x6b4c, 0x6b4c, 0x6b4c, 0x6b4c, 0x6b4c, 0x6b4c, 0x6b4c, 0x6b4c, 0x6b4c, 0x6b4c, 0x6b4c, 0x6b4c, 0x6b4c, 0x6b4c, 0x6b4c, 0x6b4c, 0x6b4c, 0x6b4c, 0x6b4c, 0x6b4c, 0x6b4c, 0x6b4c, 0x6b4c, 0x6b4c, 0x6b4c, 0x6b4c, 0x6b4c, 0x6b4c, 0x6b4c, 0x6b4c, 0x6b4c, 0x6b4c, 0x6b4c, 0x6b4c, 0x6b4c, 0x6b4c, 0x6b4c, 0x6b4c, 0x6b4c, 0x6b4c, 0x6b4c, 0x6b4c, 0x6b4c, 0x6b4c, 0x6b4c, 0x6b4c, 0x6b4c, 0x6b4c, 0x6b4c, 0x6b4c, 0x6b4c, 0x6b4c, 0x6b4c, 0x6b4c, 0x6b4c, 0x6b4c, 0x6b4c, 0x6b4c, 0x6b4c, 0x6b4c, 0x6b4c, 0x6b4c, 0x6b4c, 0x6b4c, 0x6b4c, 0x6b4c, 0x6b4c, 0x6b4c, 0x6b4c, 0x6b4c, 0x6b4c, 0x6b4c, 0x6b4c, 0x6b2c, 0x6b2c, 0x6b2c, 0x6b4c, 0x8c50, 0xad34, 0xbdd7, 0xce79, 0xe71c, 0xf79e, 0xffdf, 0xffff, 0xffff, 0xffff, 0xffff, 0xffff, 0xffff, 0xffff, 0xffff, 0xffff, 0xffff, 0xffff, 0xffff, 0xffff, 0xffff, 0xffff, 0xffff, 0xffff, 0xffff, 0xffff, 0xffff, 0xffff, 0xffff, 0xffff, 0xffff, 0xffff, 0xffff, 0xffff, 0xffff, 0xffff, 0xffff, 0xffff, 0xffff, 0xffff, 0xffff, 0xffff, 0xffff, 0xffff, 0xffff, 0xffff, 0xffff, 0xffff, 0xffff, 0xffff, 0xffff, 0xffff, 0xffff, 0xffff, 0xffff, 0xffff, 0xffff, 0xffff, 0xffff, 0xffff, 0xffff, 0xffff, 0xffff, 0xffff, 0xffff, 0xffff, 0xffff, 0xffff, 0xffff, 0xffff, 0xffff, 0xffff, 0xffff, 0xffff, 0xffff, 0xffff, 0xffff, 0xffff, 0xffff, 0xffff, 0xffff, 0xffff, 0xffff, 0xffff, 0xffff, 0xffff, 0xffff, 0xffff, 0xffff, 0xffff, 0xffff, 0xffff, 0xffff, 0xffff, 0xffff, 0xffff, 0xffff, 0xffff, 0xffff, 0xffff, 0xffff, 0xffff, 0xffff, 0xffff, 0xffff, 0xffff, 0xffff, 0xffff, 0xffff, 0xffff, 0xffff, 0xffff, 0xffff, 0xffff, 0xffff, 0xffff, 0xffff, 0xffff, 0xffff, 0xffff, 0xffff, 0xffff, 0xffff, 0xffff, 0xffff, 0xffff, 0xffff, 0xffff, 0xffff, 0xffdf, 0xf7be, 0xf79e, 0xd6ba, 0xad55, 0x8c30, 0x6b2c, 0x630b, 0x6b2c, 0x6b2c, 0x6b4c, 0x6b4c, 0x6b4c, 0x6b4c, 0x6b4c, 0x6b4c, 0x6b4c, 0x6b4c, 0x6b4c, 0x6b4c, 0x6b4c, 0x6b4c, 0x6b4c, 0x6b4c, 0x6b4c, 0x6b4c, 0x6b4c, 0x6b4c, 0x6b4c, 0x6b4c, 0x6b4c, 0x6b4c, 0x6b4c, 0x6b4c, 0x6b4c, 0x6b4c, 0x6b4c, 0x6b4c, 0x6b4c, 0x6b4c, 0x6b4c, 0x6b4c, 0x6b4c, 0x6b4c, 0x6b4c, 0x6b4c, 0x6b4c, 0x6b4c, 0x6b4c, 0x6b4c, 0x6b4c, 0x6b4c, 0x6b4c, 0x6b4c, 0x6b4c, 0x6b4c, 0x6b4c, 0x6b4c, 0x6b4c, 0x6b4c, 0x6b4c, 0x6b4c, 0x6b4c, 0x6b4c, 0x6b4c, 0x6b4c, 0x6b4c, 0x6b4c, 0x6b4c, 0x6b4c, 0x6b4c, 0x6b4c, 0x6b4c, 0x6b4c, 0x6b4c, 0x6b4c, 0x6b4c, 0x6b4c, 0x6b4c, 0x6b4c, 0x6b4c, 0x6b4c, 0x6b4c, 0x6b4c, 0x6b4c, 0x6b4c, 0x6b4c, 0x6b4c, 0x6b4c, 0x6b4c, 0x6b4c, 0x6b4c, 0x6b4c, 0x6b4c, 0x6b4c, 0x6b4c, 0x6b4c, 0x6b4c, 0x6b4c, 0x6b4c, 0x6b4c, 0x6b4c, 0x6b4c, 0x6b4c, 0x6b4c, 0x6b4c, 0x6b4c, 0x6b2c, 0x6b2c, 0x6b2c, 0x6b4c, 0x8c50, 0xad34, 0xbdd7, 0xce79, 0xe71c, 0xf79e, 0xffdf, 0xffff, 0xffff, 0xffff, 0xffff, 0xffff, 0xffff, 0xffff, 0xffff, 0xffff, 0xffff, 0xffff, 0xffff, 0xffff, 0xffff, 0xffff, 0xffff, 0xffff, 0xffff, 0xffff, 0xffff, 0xffff, 0xffff, 0xffff, 0xffff, 0xffff, 0xffff, 0xffff, 0xffff, 0xffff, 0xffff, 0xffff, 0xffff, 0xffff, 0xffff, 0xffff, 0xffff, 0xffff, 0xffff, 0xffff, 0xffff, 0xffff, 0xffff, 0xffff, 0xffff, 0xffff, 0xffff, 0xffff, 0xffff, 0xffff, 0xffff, 0xffff, 0xffff, 0xffff, 0xffff, 0xffff, 0xffff, 0xffff, 0xffff, 0xffff, 0xffff, 0xffff, 0xffff, 0xffff, 0xffff, 0xffff, 0xffff, 0xffff, 0xffff, 0xffff, 0xffff, 0xffff, 0xffff, 0xffff, 0xffff, 0xffff, 0xffff, 0xffff, 0xffff, 0xffff, 0xffff, 0xffff, 0xffff, 0xffff, 0xffff, 0xffff, 0xffff, 0xffff, 0xffff, 0xffff, 0xffff, 0xffff, 0xffff, 0xffff, 0xffff, 0xffff, 0xffff, 0xffff, 0xffff, 0xffff, 0xffff, 0xffff, 0xffff, 0xffff, 0xffff, 0xffff, 0xffff, 0xffff, 0xffff, 0xffff, 0xffff, 0xffff, 0xffff, 0xffff, 0xffff, 0xffff, 0xffff, 0xffff, 0xffff, 0xffff, 0xffff, 0xffff, 0xffff, 0xffdf, 0xf7be, 0xf79e, 0xd6ba, 0xad75, 0x8c51, 0x6b4c, 0x6b2c, 0x6b4c, 0x734c, 0x736d, 0x736d, 0x736d, 0x736d, 0x736d, 0x736d, 0x736d, 0x736d, 0x736d, 0x736d, 0x736d, 0x736d, 0x736d, 0x736d, 0x736d, 0x736d, 0x736d, 0x736d, 0x736d, 0x736d, 0x736d, 0x736d, 0x736d, 0x736d, 0x736d, 0x736d, 0x736d, 0x736d, 0x736d, 0x736d, 0x736d, 0x736d, 0x736d, 0x736d, 0x736d, 0x736d, 0x736d, 0x736d, 0x736d, 0x736d, 0x736d, 0x736d, 0x736d, 0x736d, 0x736d, 0x736d, 0x736d, 0x736d, 0x736d, 0x736d, 0x736d, 0x736d, 0x736d, 0x736d, 0x736d, 0x736d, 0x736d, 0x736d, 0x736d, 0x736d, 0x736d, 0x736d, 0x736d, 0x736d, 0x736d, 0x736d, 0x736d, 0x736d, 0x736d, 0x736d, 0x738d, 0x738d, 0x736d, 0x736d, 0x736d, 0x734d, 0x734c, 0x6b4c, 0x6b4c, 0x6b4c, 0x6b4c, 0x6b4c, 0x6b4c, 0x6b4c, 0x6b4c, 0x6b4c, 0x6b4c, 0x6b4c, 0x6b4c, 0x6b4c, 0x6b4c, 0x6b4c, 0x6b4c, 0x6b4c, 0x6b4c, 0x6b4c, 0x6b4c, 0x6b2c, 0x6b2c, 0x6b2c, 0x6b4c, 0x8c50, 0xad34, 0xbdd7, 0xce79, 0xe71c, 0xf79e, 0xffdf, 0xffff, 0xffff, 0xffff, 0xffff, 0xffff, 0xffff, 0xffff, 0xffff, 0xffff, 0xffff, 0xffff, 0xffff, 0xffff, 0xffff, 0xffff, 0xffff, 0xffff, 0xffff, 0xffff, 0xffff, 0xffff, 0xffff, 0xffff, 0xffff, 0xffff, 0xffff, 0xffff, 0xffff, 0xffff, 0xffff, 0xffff, 0xffff, 0xffff, 0xffff, 0xffff, 0xffff, 0xffff, 0xffff, 0xffff, 0xffff, 0xffff, 0xffff, 0xffff, 0xffff, 0xffff, 0xffff, 0xffff, 0xffff, 0xffff, 0xffff, 0xffff, 0xffff, 0xffff, 0xffff, 0xffff, 0xffff, 0xffff, 0xffff, 0xffff, 0xffff, 0xffff, 0xffff, 0xffff, 0xffff, 0xffff, 0xffff, 0xffff, 0xffff, 0xffff, 0xffff, 0xffff, 0xffff, 0xffff, 0xffff, 0xffff, 0xffff, 0xffff, 0xffff, 0xffff, 0xffff, 0xffff, 0xffff, 0xffff, 0xffff, 0xffff, 0xffff, 0xffff, 0xffff, 0xffff, 0xffff, 0xffff, 0xffff, 0xffff, 0xffff, 0xffff, 0xffff, 0xffff, 0xffff, 0xffff, 0xffff, 0xffff, 0xffff, 0xffff, 0xffff, 0xffff, 0xffff, 0xffff, 0xffff, 0xffff, 0xffff, 0xffff, 0xffff, 0xffff, 0xffff, 0xffff, 0xffff, 0xffff, 0xffff, 0xffff, 0xffff, 0xffff, 0xffff, 0xffdf, 0xf7be, 0xf79e, 0xdedb, 0xb5b6, 0x9cb2, 0x7bce, 0x7bae, 0x7bae, 0x7bce, 0x7bce, 0x83cf, 0x83cf, 0x83cf, 0x83cf, 0x83cf, 0x83cf, 0x83cf, 0x83cf, 0x83cf, 0x83cf, 0x83cf, 0x83cf, 0x83cf, 0x83cf, 0x83cf, 0x83cf, 0x83cf, 0x83cf, 0x83cf, 0x83cf, 0x83cf, 0x83cf, 0x83cf, 0x83cf, 0x83cf, 0x83cf, 0x83cf, 0x83cf, 0x83cf, 0x83cf, 0x83cf, 0x83cf, 0x83cf, 0x83cf, 0x83cf, 0x83cf, 0x83cf, 0x83cf, 0x83cf, 0x83cf, 0x83cf, 0x83cf, 0x83cf, 0x83cf, 0x83cf, 0x83cf, 0x83cf, 0x83cf, 0x83cf, 0x83cf, 0x83cf, 0x83cf, 0x83cf, 0x83cf, 0x83cf, 0x83cf, 0x83cf, 0x83cf, 0x83cf, 0x83cf, 0x83cf, 0x83cf, 0x83cf, 0x83cf, 0x83cf, 0x83cf, 0x83cf, 0x83cf, 0x83ef, 0x83cf, 0x7bcf, 0x7bae, 0x738d, 0x736d, 0x736d, 0x734d, 0x6b4c, 0x6b4c, 0x6b4c, 0x6b4c, 0x6b4c, 0x6b4c, 0x6b4c, 0x6b4c, 0x6b4c, 0x6b4c, 0x6b4c, 0x6b4c, 0x6b4c, 0x6b4c, 0x6b4c, 0x6b4c, 0x6b4c, 0x6b4c, 0x6b4c, 0x6b4c, 0x6b2c, 0x6b2c, 0x6b2c, 0x6b4c, 0x8c50, 0xad34, 0xbdd7, 0xce79, 0xe71c, 0xf79e, 0xffdf, 0xffff, 0xffff, 0xffff, 0xffff, 0xffff, 0xffff, 0xffff, 0xffff, 0xffff, 0xffff, 0xffff, 0xffff, 0xffff, 0xffff, 0xffff, 0xffff, 0xffff, 0xffff, 0xffff, 0xffff, 0xffff, 0xffff, 0xffff, 0xffff, 0xffff, 0xffff, 0xffff, 0xffff, 0xffff, 0xffff, 0xffff, 0xffff, 0xffff, 0xffff, 0xffff, 0xffff, 0xffff, 0xffff, 0xffff, 0xffff, 0xffff, 0xffff, 0xffff, 0xffff, 0xffff, 0xffff, 0xffff, 0xffff, 0xffff, 0xffff, 0xffff, 0xffff, 0xffff, 0xffff, 0xffff, 0xffff, 0xffff, 0xffff, 0xffff, 0xffff, 0xffff, 0xffff, 0xffff, 0xffff, 0xffff, 0xffff, 0xffff, 0xffff, 0xffff, 0xffff, 0xffff, 0xffff, 0xffff, 0xffff, 0xffff, 0xffff, 0xffff, 0xffff, 0xffff, 0xffff, 0xffff, 0xffff, 0xffff, 0xffff, 0xffff, 0xffff, 0xffff, 0xffff, 0xffff, 0xffff, 0xffff, 0xffff, 0xffff, 0xffff, 0xffff, 0xffff, 0xffff, 0xffff, 0xffff, 0xffff, 0xffff, 0xffff, 0xffff, 0xffff, 0xffff, 0xffff, 0xffff, 0xffff, 0xffff, 0xffff, 0xffff, 0xffff, 0xffff, 0xffff, 0xffff, 0xffff, 0xffff, 0xffff, 0xffff, 0xffff, 0xffff, 0xffff, 0xffff, 0xffff, 0xffdf, 0xf79e, 0xe71c, 0xd6ba, 0xce59, 0xce38, 0xce58, 0xce59, 0xce59, 0xce59, 0xce59, 0xce59, 0xce59, 0xce59, 0xce59, 0xce59, 0xce59, 0xce59, 0xce59, 0xce59, 0xce59, 0xce59, 0xce59, 0xce59, 0xce59, 0xce59, 0xce59, 0xce59, 0xce59, 0xce59, 0xce59, 0xce59, 0xce59, 0xce59, 0xce59, 0xce59, 0xce59, 0xce59, 0xce59, 0xce59, 0xce59, 0xce59, 0xce59, 0xce59, 0xce59, 0xce59, 0xce59, 0xce59, 0xce59, 0xce59, 0xce59, 0xce59, 0xce59, 0xce59, 0xce59, 0xce59, 0xce59, 0xce59, 0xce59, 0xce59, 0xce59, 0xce59, 0xce59, 0xce59, 0xce59, 0xce59, 0xce59, 0xce59, 0xce59, 0xce59, 0xce59, 0xce59, 0xce59, 0xce59, 0xce59, 0xce58, 0xc618, 0xbdd7, 0xb575, 0xad34, 0x9491, 0x83cf, 0x7bae, 0x736d, 0x736d, 0x6b4c, 0x6b4c, 0x6b4c, 0x6b4c, 0x6b4c, 0x6b4c, 0x6b4c, 0x6b4c, 0x6b4c, 0x6b4c, 0x6b4c, 0x6b4c, 0x6b4c, 0x6b4c, 0x6b4c, 0x6b4c, 0x6b4c, 0x6b4c, 0x6b4c, 0x6b4c, 0x6b2c, 0x6b2c, 0x6b2c, 0x6b4c, 0x8c50, 0xad34, 0xbdd7, 0xce79, 0xe71c, 0xf79e, 0xffdf, 0xffff, 0xffff, 0xffff, 0xffff, 0xffff, 0xffff, 0xffff, 0xffff, 0xffff, 0xffff, 0xffff, 0xffff, 0xffff, 0xffff, 0xffff, 0xffff, 0xffff, 0xffff, 0xffff, 0xffff, 0xffff, 0xffff, 0xffff, 0xffff, 0xffff, 0xffff, 0xffff, 0xffff, 0xffff, 0xffff, 0xffff, 0xffff, 0xffff, 0xffff, 0xffff, 0xffff, 0xffff, 0xffff, 0xffff, 0xffff, 0xffff, 0xffff, 0xffff, 0xffff, 0xffff, 0xffff, 0xffff, 0xffff, 0xffff, 0xffff, 0xffff, 0xffff, 0xffff, 0xffff, 0xffff, 0xffff, 0xffff, 0xffff, 0xffff, 0xffff, 0xffff, 0xffff, 0xffff, 0xffff, 0xffff, 0xffff, 0xffff, 0xffff, 0xffff, 0xffff, 0xffff, 0xffff, 0xffff, 0xffff, 0xffff, 0xffff, 0xffff, 0xffff, 0xffff, 0xffff, 0xffff, 0xffff, 0xffff, 0xffff, 0xffff, 0xffff, 0xffff, 0xffff, 0xffff, 0xffff, 0xffff, 0xffff, 0xffff, 0xffff, 0xffff, 0xffff, 0xffff, 0xffff, 0xffff, 0xffff, 0xffff, 0xffff, 0xffff, 0xffff, 0xffff, 0xffff, 0xffff, 0xffff, 0xffff, 0xffff, 0xffff, 0xffff, 0xffff, 0xffff, 0xffff, 0xffff, 0xffff, 0xffff, 0xffff, 0xffff, 0xffff, 0xffff, 0xffff, 0xffff, 0xffff, 0xffff, 0xffdf, 0xf7be, 0xf79e, 0xf79e, 0xf79e, 0xf79e, 0xf79e, 0xf79e, 0xf79e, 0xf79e, 0xf79e, 0xf79e, 0xf79e, 0xf79e, 0xf79e, 0xf79e, 0xf79e, 0xf79e, 0xf79e, 0xf79e, 0xf79e, 0xf79e, 0xf79e, 0xf79e, 0xf79e, 0xf79e, 0xf79e, 0xf79e, 0xf79e, 0xf79e, 0xf79e, 0xf79e, 0xf79e, 0xf79e, 0xf79e, 0xf79e, 0xf79e, 0xf79e, 0xf79e, 0xf79e, 0xf79e, 0xf79e, 0xf79e, 0xf79e, 0xf79e, 0xf79e, 0xf79e, 0xf79e, 0xf79e, 0xf79e, 0xf79e, 0xf79e, 0xf79e, 0xf79e, 0xf79e, 0xf79e, 0xf79e, 0xf79e, 0xf79e, 0xf79e, 0xf79e, 0xf79e, 0xf79e, 0xf79e, 0xf79e, 0xf79e, 0xf79e, 0xf79e, 0xf79e, 0xf79e, 0xef7d, 0xef5d, 0xef3c, 0xe71c, 0xd6ba, 0xce58, 0xbdd7, 0xb575, 0x9cb2, 0x83ef, 0x7bae, 0x736d, 0x736d, 0x6b4c, 0x6b4c, 0x6b4c, 0x6b4c, 0x6b4c, 0x6b4c, 0x6b4c, 0x6b4c, 0x6b4c, 0x6b4c, 0x6b4c, 0x6b4c, 0x6b4c, 0x6b4c, 0x6b4c, 0x6b4c, 0x6b4c, 0x6b4c, 0x6b4c, 0x6b4c, 0x6b2c, 0x6b2c, 0x6b2c, 0x6b4c, 0x8c50, 0xad34, 0xbdd7, 0xce79, 0xe71c, 0xf79e, 0xffdf, 0xffff, 0xffff, 0xffff, 0xffff, 0xffff, 0xffff, 0xffff, 0xffff, 0xffff, 0xffff, 0xffff, 0xffff, 0xffff, 0xffff, 0xffff, 0xffff, 0xffff, 0xffff, 0xffff, 0xffff, 0xffff, 0xffff, 0xffff, 0xffff, 0xffff, 0xffff, 0xffff, 0xffff, 0xffff, 0xffff, 0xffff, 0xffff, 0xffff, 0xffff, 0xffff, 0xffff, 0xffff, 0xffff, 0xffff, 0xffff, 0xffff, 0xffff, 0xffff, 0xffff, 0xffff, 0xffff, 0xffff, 0xffff, 0xffff, 0xffff, 0xffff, 0xffff, 0xffff, 0xffff, 0xffff, 0xffff, 0xffff, 0xffff, 0xffff, 0xffff, 0xffff, 0xffff, 0xffff, 0xffff, 0xffff, 0xffff, 0xffff, 0xffff, 0xffff, 0xffff, 0xffff, 0xffff, 0xffff, 0xffff, 0xffff, 0xffff, 0xffff, 0xffff, 0xffff, 0xffff, 0xffff, 0xffff, 0xffff, 0xffff, 0xffff, 0xffff, 0xffff, 0xffff, 0xffff, 0xffff, 0xffff, 0xffff, 0xffff, 0xffff, 0xffff, 0xffff, 0xffff, 0xffff, 0xffff, 0xffff, 0xffff, 0xffff, 0xffff, 0xffff, 0xffff, 0xffff, 0xffff, 0xffff, 0xffff, 0xffff, 0xffff, 0xffff, 0xffff, 0xffff, 0xffff, 0xffff, 0xffff, 0xffff, 0xffff, 0xffff, 0xffff, 0xffff, 0xffff, 0xffff, 0xffff, 0xffff, 0xffff, 0xffff, 0xffdf, 0xffdf, 0xffdf, 0xffdf, 0xffdf, 0xffdf, 0xffdf, 0xffdf, 0xffdf, 0xffdf, 0xffdf, 0xffdf, 0xffdf, 0xffdf, 0xffdf, 0xffdf, 0xffdf, 0xffdf, 0xffdf, 0xffdf, 0xffdf, 0xffdf, 0xffdf, 0xffdf, 0xffdf, 0xffdf, 0xffdf, 0xffdf, 0xffdf, 0xffdf, 0xffdf, 0xffdf, 0xffdf, 0xffdf, 0xffdf, 0xffdf, 0xffdf, 0xffdf, 0xffdf, 0xffdf, 0xffdf, 0xffdf, 0xffdf, 0xffdf, 0xffdf, 0xffdf, 0xffdf, 0xffdf, 0xffdf, 0xffdf, 0xffdf, 0xffdf, 0xffdf, 0xffdf, 0xffdf, 0xffdf, 0xffdf, 0xffdf, 0xffdf, 0xffdf, 0xffdf, 0xffdf, 0xffdf, 0xffdf, 0xffdf, 0xffdf, 0xffdf, 0xf79e, 0xe73c, 0xce79, 0xbdf7, 0xb595, 0xa4f3, 0x8c50, 0x840f, 0x7bce, 0x7b8e, 0x736d, 0x736d, 0x734c, 0x6b4c, 0x6b4c, 0x6b4c, 0x6b4c, 0x6b4c, 0x6b4c, 0x6b4c, 0x6b4c, 0x6b4c, 0x6b4c, 0x6b4c, 0x6b4c, 0x6b4c, 0x6b4c, 0x6b4c, 0x6b4c, 0x6b4c, 0x6b4c, 0x6b4c, 0x6b4c, 0x6b4c, 0x6b2c, 0x6b2c, 0x6b2c, 0x6b4c, 0x8c50, 0xad34, 0xbdd7, 0xce79, 0xe71c, 0xf79e, 0xffdf, 0xffff, 0xffff, 0xffff, 0xffff, 0xffff, 0xffff, 0xffff, 0xffff, 0xffff, 0xffff, 0xffff, 0xffff, 0xffff, 0xffff, 0xffff, 0xffff, 0xffff, 0xffff, 0xffff, 0xffff, 0xffff, 0xffff, 0xffff, 0xffff, 0xffff, 0xffff, 0xffff, 0xffff, 0xffff, 0xffff, 0xffff, 0xffff, 0xffff, 0xffff, 0xffff, 0xffff, 0xffff, 0xffff, 0xffff, 0xffff, 0xffff, 0xffff, 0xffff, 0xffff, 0xffff, 0xffff, 0xffff, 0xffff, 0xffff, 0xffff, 0xffff, 0xffff, 0xffff, 0xffff, 0xffff, 0xffff, 0xffff, 0xffff, 0xffff, 0xffff, 0xffff, 0xffff, 0xffff, 0xffff, 0xffff, 0xffff, 0xffff, 0xffff, 0xffff, 0xffff, 0xffff, 0xffff, 0xffff, 0xffff, 0xffff, 0xffff, 0xffff, 0xffff, 0xffff, 0xffff, 0xffff, 0xffff, 0xffff, 0xffff, 0xffff, 0xffff, 0xffff, 0xffff, 0xffff, 0xffff, 0xffff, 0xffff, 0xffff, 0xffff, 0xffff, 0xffff, 0xffff, 0xffff, 0xffff, 0xffff, 0xffff, 0xffff, 0xffff, 0xffff, 0xffff, 0xffff, 0xffff, 0xffff, 0xffff, 0xffff, 0xffff, 0xffff, 0xffff, 0xffff, 0xffff, 0xffff, 0xffff, 0xffff, 0xffff, 0xffff, 0xffff, 0xffff, 0xffff, 0xffff, 0xffff, 0xffff, 0xffff, 0xffff, 0xffff, 0xffff, 0xffff, 0xffff, 0xffff, 0xffff, 0xffff, 0xffff, 0xffff, 0xffff, 0xffff, 0xffff, 0xffff, 0xffff, 0xffff, 0xffff, 0xffff, 0xffff, 0xffff, 0xffff, 0xffff, 0xffff, 0xffff, 0xffff, 0xffff, 0xffff, 0xffff, 0xffff, 0xffff, 0xffff, 0xffff, 0xffff, 0xffff, 0xffff, 0xffff, 0xffff, 0xffff, 0xffff, 0xffff, 0xffff, 0xffff, 0xffff, 0xffff, 0xffff, 0xffff, 0xffff, 0xffff, 0xffff, 0xffff, 0xffff, 0xffff, 0xffff, 0xffff, 0xffff, 0xffff, 0xffff, 0xffff, 0xffff, 0xffff, 0xffff, 0xffff, 0xffdf, 0xffdf, 0xf7be, 0xf79e, 0xef5d, 0xe73c, 0xdefb, 0xce59, 0xb596, 0xa513, 0x9cb2, 0x8c10, 0x738d, 0x734d, 0x6b2c, 0x6b2c, 0x6b4c, 0x6b4c, 0x6b4c, 0x6b4c, 0x6b4c, 0x6b4c, 0x6b4c, 0x6b4c, 0x6b4c, 0x6b4c, 0x6b4c, 0x6b4c, 0x6b4c, 0x6b4c, 0x6b4c, 0x6b4c, 0x6b4c, 0x6b4c, 0x6b4c, 0x6b4c, 0x6b4c, 0x6b4c, 0x6b4c, 0x6b4c, 0x6b2c, 0x6b0c, 0x6b0c, 0x6b2c, 0x8c50, 0xad54, 0xbdd7, 0xd679, 0xe71c, 0xf79e, 0xffdf, 0xffff, 0xffff, 0xffff, 0xffff, 0xffff, 0xffff, 0xffff, 0xffff, 0xffff, 0xffff, 0xffff, 0xffff, 0xffff, 0xffff, 0xffff, 0xffff, 0xffff, 0xffff, 0xffff, 0xffff, 0xffff, 0xffff, 0xffff, 0xffff, 0xffff, 0xffff, 0xffff, 0xffff, 0xffff, 0xffff, 0xffff, 0xffff, 0xffff, 0xffff, 0xffff, 0xffff, 0xffff, 0xffff, 0xffff, 0xffff, 0xffff, 0xffff, 0xffff, 0xffff, 0xffff, 0xffff, 0xffff, 0xffff, 0xffff, 0xffff, 0xffff, 0xffff, 0xffff, 0xffff, 0xffff, 0xffff, 0xffff, 0xffff, 0xffff, 0xffff, 0xffff, 0xffff, 0xffff, 0xffff, 0xffff, 0xffff, 0xffff, 0xffff, 0xffff, 0xffff, 0xffff, 0xffff, 0xffff, 0xffff, 0xffff, 0xffff, 0xffff, 0xffff, 0xffff, 0xffff, 0xffff, 0xffff, 0xffff, 0xffff, 0xffff, 0xffff, 0xffff, 0xffff, 0xffff, 0xffff, 0xffff, 0xffff, 0xffff, 0xffff, 0xffff, 0xffff, 0xffff, 0xffff, 0xffff, 0xffff, 0xffff, 0xffff, 0xffff, 0xffff, 0xffff, 0xffff, 0xffff, 0xffff, 0xffff, 0xffff, 0xffff, 0xffff, 0xffff, 0xffff, 0xffff, 0xffff, 0xffff, 0xffff, 0xffff, 0xffff, 0xffff, 0xffff, 0xffff, 0xffff, 0xffff, 0xffff, 0xffff, 0xffff, 0xffff, 0xffff, 0xffff, 0xffff, 0xffff, 0xffff, 0xffff, 0xffff, 0xffff, 0xffff, 0xffff, 0xffff, 0xffff, 0xffff, 0xffff, 0xffff, 0xffff, 0xffff, 0xffff, 0xffff, 0xffff, 0xffff, 0xffff, 0xffff, 0xffff, 0xffff, 0xffff, 0xffff, 0xffff, 0xffff, 0xffff, 0xffff, 0xffff, 0xffff, 0xffff, 0xffff, 0xffff, 0xffff, 0xffff, 0xffff, 0xffff, 0xffff, 0xffff, 0xffff, 0xffff, 0xffff, 0xffff, 0xffff, 0xffff, 0xffff, 0xffff, 0xffff, 0xffff, 0xffff, 0xffff, 0xffff, 0xffff, 0xffff, 0xffff, 0xffff, 0xffdf, 0xef5d, 0xdefb, 0xd6ba, 0xc618, 0xad54, 0x9cb2, 0x8c50, 0x83ef, 0x7bae, 0x738d, 0x736d, 0x734c, 0x6b4c, 0x6b4c, 0x6b4c, 0x6b4c, 0x6b4c, 0x6b4c, 0x6b4c, 0x6b4c, 0x6b4c, 0x6b4c, 0x6b4c, 0x6b4c, 0x6b4c, 0x6b4c, 0x6b4c, 0x6b4c, 0x6b4c, 0x6b4c, 0x6b4c, 0x6b4c, 0x6b4c, 0x6b4c, 0x6b4c, 0x6b4c, 0x6b4c, 0x6b4c, 0x6b4c, 0x6b4c, 0x6b2c, 0x62eb, 0x62eb, 0x6b0b, 0x8c50, 0xad55, 0xc617, 0xd6ba, 0xe73c, 0xf79e, 0xffdf, 0xffff, 0xffff, 0xffff, 0xffff, 0xffff, 0xffff, 0xffff, 0xffff, 0xffff, 0xffff, 0xffff, 0xffff, 0xffff, 0xffff, 0xffff, 0xffff, 0xffff, 0xffff, 0xffff, 0xffff, 0xffff, 0xffff, 0xffff, 0xffff, 0xffff, 0xffff, 0xffff, 0xffff, 0xffff, 0xffff, 0xffff, 0xffff, 0xffff, 0xffff, 0xffff, 0xffff, 0xffff, 0xffff, 0xffff, 0xffff, 0xffff, 0xffff, 0xffff, 0xffff, 0xffff, 0xffff, 0xffff, 0xffff, 0xffff, 0xffff, 0xffff, 0xffff, 0xffff, 0xffff, 0xffff, 0xffff, 0xffff, 0xffff, 0xffff, 0xffff, 0xffff, 0xffff, 0xffff, 0xffff, 0xffff, 0xffff, 0xffff, 0xffff, 0xffff, 0xffff, 0xffff, 0xffff, 0xffff, 0xffff, 0xffff, 0xffff, 0xffff, 0xffff, 0xffff, 0xffff, 0xffff, 0xffff, 0xffff, 0xffff, 0xffff, 0xffff, 0xffff, 0xffff, 0xffff, 0xffff, 0xffff, 0xffff, 0xffff, 0xffff, 0xffff, 0xffff, 0xffff, 0xffff, 0xffff, 0xffff, 0xffff, 0xffff, 0xffff, 0xffff, 0xffff, 0xffff, 0xffff, 0xffff, 0xffff, 0xffff, 0xffff, 0xffff, 0xffff, 0xffff, 0xffff, 0xffff, 0xffff, 0xffff, 0xffff, 0xffff, 0xffff, 0xffff, 0xffff, 0xffff, 0xffff, 0xffff, 0xffff, 0xffff, 0xffff, 0xffff, 0xffff, 0xffff, 0xffff, 0xffff, 0xffff, 0xffff, 0xffff, 0xffff, 0xffff, 0xffff, 0xffff, 0xffff, 0xffff, 0xffff, 0xffff, 0xffff, 0xffff, 0xffff, 0xffff, 0xffff, 0xffff, 0xffff, 0xffff, 0xffff, 0xffff, 0xffff, 0xffff, 0xffff, 0xffff, 0xffff, 0xffff, 0xffff, 0xffff, 0xffff, 0xffff, 0xffff, 0xffff, 0xffff, 0xffff, 0xffff, 0xffff, 0xffff, 0xffff, 0xffff, 0xffff, 0xffff, 0xffff, 0xffff, 0xffff, 0xffff, 0xffff, 0xffff, 0xffff, 0xffdf, 0xffdf, 0xf79e, 0xef7d, 0xef3c, 0xe6fb, 0xd679, 0xc617, 0xb5b6, 0xa534, 0x8c51, 0x7bce, 0x738d, 0x734c, 0x6b2c, 0x6b2c, 0x6b2c, 0x6b2c, 0x6b2c, 0x6b4c, 0x6b4c, 0x6b4c, 0x6b4c, 0x6b4c, 0x6b4c, 0x6b4c, 0x6b4c, 0x6b4c, 0x6b4c, 0x6b4c, 0x6b4c, 0x6b4c, 0x6b4c, 0x6b4c, 0x6b4c, 0x6b4c, 0x6b4c, 0x6b4c, 0x6b4c, 0x6b4c, 0x6b4c, 0x6b4c, 0x6b4c, 0x6b4c, 0x734c, 0x734d, 0x736d, 0x736d, 0x738d, 0x7bce, 0x9cd3, 0xbdd7, 0xce79, 0xe6fb, 0xef5d, 0xf7be, 0xffdf, 0xffff, 0xffff, 0xffff, 0xffff, 0xffff, 0xffff, 0xffff, 0xffff, 0xffff, 0xffff, 0xffff, 0xffff, 0xffff, 0xffff, 0xffff, 0xffff, 0xffff, 0xffff, 0xffff, 0xffff, 0xffff, 0xffff, 0xffff, 0xffff, 0xffff, 0xffff, 0xffff, 0xffff, 0xffff, 0xffff, 0xffff, 0xffff, 0xffff, 0xffff, 0xffff, 0xffff, 0xffff, 0xffff, 0xffff, 0xffff, 0xffff, 0xffff, 0xffff, 0xffff, 0xffff, 0xffff, 0xffff, 0xffff, 0xffff, 0xffff, 0xffff, 0xffff, 0xffff, 0xffff, 0xffff, 0xffff, 0xffff, 0xffff, 0xffff, 0xffff, 0xffff, 0xffff, 0xffff, 0xffff, 0xffff, 0xffff, 0xffff, 0xffff, 0xffff, 0xffff, 0xffff, 0xffff, 0xffff, 0xffff, 0xffff, 0xffff, 0xffff, 0xffff, 0xffff, 0xffff, 0xffff, 0xffff, 0xffff, 0xffff, 0xffff, 0xffff, 0xffff, 0xffff, 0xffff, 0xffff, 0xffff, 0xffff, 0xffff, 0xffff, 0xffff, 0xffff, 0xffff, 0xffff, 0xffff, 0xffff, 0xffff, 0xffff, 0xffff, 0xffff, 0xffff, 0xffff, 0xffff, 0xffff, 0xffff, 0xffff, 0xffff, 0xffff, 0xffff, 0xffff, 0xffff, 0xffff, 0xffff, 0xffff, 0xffff, 0xffff, 0xffff, 0xffff, 0xffff, 0xffff, 0xffff, 0xffff, 0xffff, 0xffff, 0xffff, 0xffff, 0xffff, 0xffff, 0xffff, 0xffff, 0xffff, 0xffff, 0xffff, 0xffff, 0xffff, 0xffff, 0xffff, 0xffff, 0xffff, 0xffff, 0xffff, 0xffff, 0xffff, 0xffff, 0xffff, 0xffff, 0xffff, 0xffff, 0xffff, 0xffff, 0xffff, 0xffff, 0xffff, 0xffff, 0xffff, 0xffff, 0xffff, 0xffff, 0xffff, 0xffff, 0xffff, 0xffff, 0xffff, 0xffff, 0xffff, 0xffff, 0xffff, 0xffff, 0xffff, 0xffff, 0xffff, 0xffff, 0xffff, 0xffff, 0xffff, 0xffff, 0xffff, 0xffdf, 0xf7be, 0xf79e, 0xef5d, 0xd699, 0xbdd6, 0xad55, 0x9cd3, 0x8c51, 0x83ef, 0x7bae, 0x736d, 0x736d, 0x734d, 0x734c, 0x6b4c, 0x6b4c, 0x6b4c, 0x6b4c, 0x6b4c, 0x6b4c, 0x6b4c, 0x6b4c, 0x6b4c, 0x6b4c, 0x6b4c, 0x6b4c, 0x6b4c, 0x6b4c, 0x6b4c, 0x6b4c, 0x6b4c, 0x6b4c, 0x6b4c, 0x6b4c, 0x6b4c, 0x6b4c, 0x6b4c, 0x6b4c, 0x6b4c, 0x6b4c, 0x6b2c, 0x6b2c, 0x6b2c, 0x6b4c, 0x736d, 0x738d, 0x7bae, 0x8c50, 0xa4f3, 0xad75, 0xbdf7, 0xd69a, 0xe73c, 0xf79e, 0xffdf, 0xffdf, 0xffff, 0xffff, 0xffff, 0xffff, 0xffff, 0xffff, 0xffff, 0xffff, 0xffff, 0xffff, 0xffff, 0xffff, 0xffff, 0xffff, 0xffff, 0xffff, 0xffff, 0xffff, 0xffff, 0xffff, 0xffff, 0xffff, 0xffff, 0xffff, 0xffff, 0xffff, 0xffff, 0xffff, 0xffff, 0xffff, 0xffff, 0xffff, 0xffff, 0xffff, 0xffff, 0xffff, 0xffff, 0xffff, 0xffff, 0xffff, 0xffff, 0xffff, 0xffff, 0xffff, 0xffff, 0xffff, 0xffff, 0xffff, 0xffff, 0xffff, 0xffff, 0xffff, 0xffff, 0xffff, 0xffff, 0xffff, 0xffff, 0xffff, 0xffff, 0xffff, 0xffff, 0xffff, 0xffff, 0xffff, 0xffff, 0xffff, 0xffff, 0xffff, 0xffff, 0xffff, 0xffff, 0xffff, 0xffff, 0xffff, 0xffff, 0xffff, 0xffff, 0xffff, 0xffff, 0xffff, 0xffff, 0xffff, 0xffff, 0xffff, 0xffff, 0xffff, 0xffff, 0xffff, 0xffff, 0xffff, 0xffff, 0xffff, 0xffff, 0xffff, 0xffff, 0xffff, 0xffff, 0xffff, 0xffff, 0xffff, 0xffff, 0xffff, 0xffff, 0xffff, 0xffff, 0xffff, 0xffff, 0xffff, 0xffff, 0xffff, 0xffff, 0xffff, 0xffff, 0xffff, 0xffff, 0xffff, 0xffff, 0xffff, 0xffff, 0xffff, 0xffff, 0xffff, 0xffff, 0xffff, 0xffff, 0xffff, 0xffff, 0xffff, 0xffff, 0xffff, 0xffff, 0xffff, 0xffff, 0xffff, 0xffff, 0xffff, 0xffff, 0xffff, 0xffff, 0xffff, 0xffff, 0xffff, 0xffff, 0xffff, 0xffff, 0xffff, 0xffff, 0xffff, 0xffff, 0xffff, 0xffff, 0xffff, 0xffff, 0xffff, 0xffff, 0xffff, 0xffff, 0xffff, 0xffff, 0xffff, 0xffff, 0xffff, 0xffff, 0xffff, 0xffff, 0xffff, 0xffff, 0xffff, 0xffff, 0xffff, 0xffff, 0xffff, 0xffff, 0xffff, 0xffff, 0xffff, 0xffff, 0xffff, 0xffff, 0xffdf, 0xf7be, 0xf79e, 0xef7d, 0xe71c, 0xdedb, 0xd69a, 0xce38, 0xb595, 0x9cd3, 0x9471, 0x840f, 0x7bae, 0x736d, 0x6b4c, 0x6b2c, 0x6b2c, 0x6b4c, 0x6b4c, 0x6b4c, 0x6b4c, 0x6b4c, 0x6b4c, 0x6b4c, 0x6b4c, 0x6b4c, 0x6b4c, 0x6b4c, 0x6b4c, 0x6b4c, 0x6b4c, 0x6b4c, 0x6b4c, 0x6b4c, 0x6b4c, 0x6b4c, 0x6b4c, 0x6b4c, 0x6b4c, 0x6b4c, 0x6b4c, 0x6b4c, 0x6b2c, 0x6b2c, 0x6b2c, 0x734c, 0x736d, 0x736d, 0x7bae, 0x8410, 0x9451, 0x9cb2, 0xad54, 0xbdf7, 0xce59, 0xdeba, 0xe73c, 0xf79e, 0xffdf, 0xffff, 0xffff, 0xffff, 0xffff, 0xffff, 0xffff, 0xffff, 0xffff, 0xffff, 0xffff, 0xffff, 0xffff, 0xffff, 0xffff, 0xffff, 0xffff, 0xffff, 0xffff, 0xffff, 0xffff, 0xffff, 0xffff, 0xffff, 0xffff, 0xffff, 0xffff, 0xffff, 0xffff, 0xffff, 0xffff, 0xffff, 0xffff, 0xffff, 0xffff, 0xffff, 0xffff, 0xffff, 0xffff, 0xffff, 0xffff, 0xffff, 0xffff, 0xffff, 0xffff, 0xffff, 0xffff, 0xffff, 0xffff, 0xffff, 0xffff, 0xffff, 0xffff, 0xffff, 0xffff, 0xffff, 0xffff, 0xffff, 0xffff, 0xffff, 0xffff, 0xffff, 0xffff, 0xffff, 0xffff, 0xffff, 0xffff, 0xffff, 0xffff, 0xffff, 0xffff, 0xffff, 0xffff, 0xffff, 0xffff, 0xffff, 0xffff, 0xffff, 0xffff, 0xffff, 0xffff, 0xffff, 0xffff, 0xffff, 0xffff, 0xffff, 0xffff, 0xffff, 0xffff, 0xffff, 0xffff, 0xffff, 0xffff, 0xffff, 0xffff, 0xffff, 0xffff, 0xffff, 0xffff, 0xffff, 0xffff, 0xffff, 0xffff, 0xffff, 0xffff, 0xffff, 0xffff, 0xffff, 0xffff, 0xffff, 0xffff, 0xffff, 0xffff, 0xffff, 0xffff, 0xffff, 0xffff, 0xffff, 0xffff, 0xffff, 0xffff, 0xffff, 0xffff, 0xffff, 0xffff, 0xffff, 0xffff, 0xffff, 0xffff, 0xffff, 0xffff, 0xffff, 0xffff, 0xffff, 0xffff, 0xffff, 0xffff, 0xffff, 0xffff, 0xffff, 0xffff, 0xffff, 0xffff, 0xffff, 0xffff, 0xffff, 0xffff, 0xffff, 0xffff, 0xffff, 0xffff, 0xffff, 0xffff, 0xffff, 0xffff, 0xffff, 0xffff, 0xffff, 0xffff, 0xffff, 0xffff, 0xffff, 0xffff, 0xffff, 0xffff, 0xffff, 0xffff, 0xffff, 0xffff, 0xffff, 0xffff, 0xffff, 0xffff, 0xffff, 0xffff, 0xffff, 0xffff, 0xffff, 0xffff, 0xffff, 0xffff, 0xffff, 0xf79e, 0xe71c, 0xd6ba, 0xce38, 0xb575, 0x9cb2, 0x8c30, 0x7bce, 0x7b8e, 0x736d, 0x734d, 0x6b4c, 0x6b4c, 0x6b4c, 0x6b4c, 0x6b4c, 0x6b4c, 0x6b4c, 0x6b4c, 0x6b4c, 0x6b4c, 0x6b4c, 0x6b4c, 0x6b4c, 0x6b4c, 0x6b4c, 0x6b4c, 0x6b4c, 0x6b4c, 0x6b4c, 0x6b4c, 0x6b4c, 0x6b4c, 0x6b4c, 0x6b4c, 0x6b4c, 0x6b4c, 0x6b4c, 0x6b4c, 0x6b4c, 0x6b2c, 0x6b2c, 0x6b0b, 0x630b, 0x6b2c, 0x738d, 0x83cf, 0x8c30, 0x9cd3, 0xbdb6, 0xce59, 0xdedb, 0xe73c, 0xf77d, 0xf7be, 0xffdf, 0xffdf, 0xffff, 0xffff, 0xffff, 0xffff, 0xffff, 0xffff, 0xffff, 0xffff, 0xffff, 0xffff, 0xffff, 0xffff, 0xffff, 0xffff, 0xffff, 0xffff, 0xffff, 0xffff, 0xffff, 0xffff, 0xffff, 0xffff, 0xffff, 0xffff, 0xffff, 0xffff, 0xffff, 0xffff, 0xffff, 0xffff, 0xffff, 0xffff, 0xffff, 0xffff, 0xffff, 0xffff, 0xffff, 0xffff, 0xffff, 0xffff, 0xffff, 0xffff, 0xffff, 0xffff, 0xffff, 0xffff, 0xffff, 0xffff, 0xffff, 0xffff, 0xffff, 0xffff, 0xffff, 0xffff, 0xffff, 0xffff, 0xffff, 0xffff, 0xffff, 0xffff, 0xffff, 0xffff, 0xffff, 0xffff, 0xffff, 0xffff, 0xffff, 0xffff, 0xffff, 0xffff, 0xffff, 0xffff, 0xffff, 0xffff, 0xffff, 0xffff, 0xffff, 0xffff, 0xffff, 0xffff, 0xffff, 0xffff, 0xffff, 0xffff, 0xffff, 0xffff, 0xffff, 0xffff, 0xffff, 0xffff, 0xffff, 0xffff, 0xffff, 0xffff, 0xffff, 0xffff, 0xffff, 0xffff, 0xffff, 0xffff, 0xffff, 0xffff, 0xffff, 0xffff, 0xffff, 0xffff, 0xffff, 0xffff, 0xffff, 0xffff, 0xffff, 0xffff, 0xffff, 0xffff, 0xffff, 0xffff, 0xffff, 0xffff, 0xffff, 0xffff, 0xffff, 0xffff, 0xffff, 0xffff, 0xffff, 0xffff, 0xffff, 0xffff, 0xffff, 0xffff, 0xffff, 0xffff, 0xffff, 0xffff, 0xffff, 0xffff, 0xffff, 0xffff, 0xffff, 0xffff, 0xffff, 0xffff, 0xffff, 0xffff, 0xffff, 0xffff, 0xffff, 0xffff, 0xffff, 0xffff, 0xffff, 0xffff, 0xffff, 0xffff, 0xffff, 0xffff, 0xffff, 0xffff, 0xffff, 0xffff, 0xffff, 0xffff, 0xffff, 0xffff, 0xffff, 0xffff, 0xffff, 0xffff, 0xffff, 0xffff, 0xffff, 0xffff, 0xffff, 0xffff, 0xffff, 0xffff, 0xffdf, 0xffdf, 0xf7be, 0xf79e, 0xef5c, 0xe71b, 0xdedb, 0xce59, 0xbdf7, 0xb575, 0xa514, 0x9491, 0x840f, 0x7bae, 0x736d, 0x734c, 0x6b2c, 0x6b2c, 0x6b2c, 0x6b2c, 0x6b4c, 0x6b4c, 0x6b4c, 0x6b4c, 0x6b4c, 0x6b4c, 0x6b4c, 0x6b4c, 0x6b4c, 0x6b4c, 0x6b4c, 0x6b4c, 0x6b4c, 0x6b4c, 0x6b4c, 0x6b4c, 0x6b4c, 0x6b4c, 0x6b4c, 0x6b4c, 0x6b4c, 0x6b2c, 0x6b2c, 0x6b2c, 0x6b2c, 0x6b4c, 0x6b4c, 0x734d, 0x738d, 0x7bae, 0x83cf, 0x8c30, 0x9492, 0xa4f3, 0xad55, 0xbdf7, 0xd69a, 0xe6fb, 0xef7d, 0xf79e, 0xffdf, 0xffff, 0xffff, 0xffff, 0xffff, 0xffff, 0xffff, 0xffff, 0xffff, 0xffff, 0xffff, 0xffff, 0xffff, 0xffff, 0xffff, 0xffff, 0xffff, 0xffff, 0xffff, 0xffff, 0xffff, 0xffff, 0xffff, 0xffff, 0xffff, 0xffff, 0xffff, 0xffff, 0xffff, 0xffff, 0xffff, 0xffff, 0xffff, 0xffff, 0xffff, 0xffff, 0xffff, 0xffff, 0xffff, 0xffff, 0xffff, 0xffff, 0xffff, 0xffff, 0xffff, 0xffff, 0xffff, 0xffff, 0xffff, 0xffff, 0xffff, 0xffff, 0xffff, 0xffff, 0xffff, 0xffff, 0xffff, 0xffff, 0xffff, 0xffff, 0xffff, 0xffff, 0xffff, 0xffff, 0xffff, 0xffff, 0xffff, 0xffff, 0xffff, 0xffff, 0xffff, 0xffff, 0xffff, 0xffff, 0xffff, 0xffff, 0xffff, 0xffff, 0xffff, 0xffff, 0xffff, 0xffff, 0xffff, 0xffff, 0xffff, 0xffff, 0xffff, 0xffff, 0xffff, 0xffff, 0xffff, 0xffff, 0xffff, 0xffff, 0xffff, 0xffff, 0xffff, 0xffff, 0xffff, 0xffff, 0xffff, 0xffff, 0xffff, 0xffff, 0xffff, 0xffff, 0xffff, 0xffff, 0xffff, 0xffff, 0xffff, 0xffff, 0xffff, 0xffff, 0xffff, 0xffff, 0xffff, 0xffff, 0xffff, 0xffff, 0xffff, 0xffff, 0xffff, 0xffff, 0xffff, 0xffff, 0xffff, 0xffff, 0xffff, 0xffff, 0xffff, 0xffff, 0xffff, 0xffff, 0xffff, 0xffff, 0xffff, 0xffff, 0xffff, 0xffff, 0xffff, 0xffff, 0xffff, 0xffff, 0xffff, 0xffff, 0xffff, 0xffff, 0xffff, 0xffff, 0xffff, 0xffff, 0xffff, 0xffff, 0xffff, 0xffff, 0xffff, 0xffff, 0xffff, 0xffff, 0xffff, 0xffff, 0xffff, 0xffff, 0xffff, 0xffff, 0xffff, 0xffff, 0xffff, 0xffff, 0xffff, 0xffff, 0xffff, 0xffff, 0xffff, 0xffff, 0xffff, 0xffff, 0xffff, 0xffdf, 0xf7be, 0xef7d, 0xef5d, 0xd6ba, 0xbdd7, 0xa514, 0x9471, 0x840f, 0x7bae, 0x736d, 0x6b2c, 0x6b2c, 0x6b4c, 0x6b4c, 0x6b4c, 0x6b4c, 0x6b4c, 0x6b4c, 0x6b4c, 0x6b4c, 0x6b4c, 0x6b4c, 0x6b4c, 0x6b4c, 0x6b4c, 0x6b4c, 0x6b4c, 0x6b4c, 0x6b4c, 0x6b4c, 0x6b4c, 0x6b4c, 0x6b4c, 0x6b4c, 0x6b4c, 0x6b4c, 0x6b4c, 0x6b4c, 0x6b4c, 0x6b4c, 0x6b2c, 0x6b2c, 0x6b0c, 0x6b0b, 0x6b2c, 0x6b2c, 0x6b2c, 0x7b8e, 0x8c50, 0xa4f3, 0xb596, 0xc638, 0xdeba, 0xe73c, 0xf7be, 0xffdf, 0xffdf, 0xffff, 0xffff, 0xffff, 0xffff, 0xffff, 0xffff, 0xffff, 0xffff, 0xffff, 0xffff, 0xffff, 0xffff, 0xffff, 0xffff, 0xffff, 0xffff, 0xffff, 0xffff, 0xffff, 0xffff, 0xffff, 0xffff, 0xffff, 0xffff, 0xffff, 0xffff, 0xffff, 0xffff, 0xffff, 0xffff, 0xffff, 0xffff, 0xffff, 0xffff, 0xffff, 0xffff, 0xffff, 0xffff, 0xffff, 0xffff, 0xffff, 0xffff, 0xffff, 0xffff, 0xffff, 0xffff, 0xffff, 0xffff, 0xffff, 0xffff, 0xffff, 0xffff, 0xffff, 0xffff, 0xffff, 0xffff, 0xffff, 0xffff, 0xffff, 0xffff, 0xffff, 0xffff, 0xffff, 0xffff, 0xffff, 0xffff, 0xffff, 0xffff, 0xffff, 0xffff, 0xffff, 0xffff, 0xffff, 0xffff, 0xffff, 0xffff, 0xffff, 0xffff, 0xffff, 0xffff, 0xffff, 0xffff, 0xffff, 0xffff, 0xffff, 0xffff, 0xffff, 0xffff, 0xffff, 0xffff, 0xffff, 0xffff, 0xffff, 0xffff, 0xffff, 0xffff, 0xffff, 0xffff, 0xffff, 0xffff, 0xffff, 0xffff, 0xffff, 0xffff, 0xffff, 0xffff, 0xffff, 0xffff, 0xffff, 0xffff, 0xffff, 0xffff, 0xffff, 0xffff, 0xffff, 0xffff, 0xffff, 0xffff, 0xffff, 0xffff, 0xffff, 0xffff, 0xffff, 0xffff, 0xffff, 0xffff, 0xffff, 0xffff, 0xffff, 0xffff, 0xffff, 0xffff, 0xffff, 0xffff, 0xffff, 0xffff, 0xffff, 0xffff, 0xffff, 0xffff, 0xffff, 0xffff, 0xffff, 0xffff, 0xffff, 0xffff, 0xffff, 0xffff, 0xffff, 0xffff, 0xffff, 0xffff, 0xffff, 0xffff, 0xffff, 0xffff, 0xffff, 0xffff, 0xffff, 0xffff, 0xffff, 0xffff, 0xffff, 0xffff, 0xffff, 0xffff, 0xffff, 0xffff, 0xffff, 0xffff, 0xffff, 0xffff, 0xffff, 0xffff, 0xffff, 0xffff, 0xffff, 0xffff, 0xffdf, 0xf7be, 0xef7d, 0xe73c, 0xdefb, 0xd69a, 0xce38, 0xbdf7, 0xb575, 0x9cd3, 0x8c51, 0x83cf, 0x7b8d, 0x734d, 0x6b2c, 0x6b0b, 0x6b2c, 0x6b2c, 0x6b4c, 0x6b4c, 0x6b4c, 0x6b4c, 0x6b4c, 0x6b4c, 0x6b4c, 0x6b4c, 0x6b4c, 0x6b4c, 0x6b4c, 0x6b4c, 0x6b4c, 0x6b4c, 0x6b4c, 0x6b4c, 0x6b4c, 0x6b4c, 0x6b4c, 0x6b4c, 0x6b4c, 0x6b4c, 0x6b4c, 0x6b4c, 0x6b2c, 0x6b2c, 0x6b2c, 0x6b4c, 0x734d, 0x738d, 0x7bae, 0x83ef, 0x8c30, 0x9492, 0xa4f3, 0xb595, 0xc617, 0xd699, 0xdefb, 0xef5d, 0xf79e, 0xffff, 0xffff, 0xffff, 0xffff, 0xffff, 0xffff, 0xffff, 0xffff, 0xffff, 0xffff, 0xffff, 0xffff, 0xffff, 0xffff, 0xffff, 0xffff, 0xffff, 0xffff, 0xffff, 0xffff, 0xffff, 0xffff, 0xffff, 0xffff, 0xffff, 0xffff, 0xffff, 0xffff, 0xffff, 0xffff, 0xffff, 0xffff, 0xffff, 0xffff, 0xffff, 0xffff, 0xffff, 0xffff, 0xffff, 0xffff, 0xffff, 0xffff, 0xffff, 0xffff, 0xffff, 0xffff, 0xffff, 0xffff, 0xffff, 0xffff, 0xffff, 0xffff, 0xffff, 0xffff, 0xffff, 0xffff, 0xffff, 0xffff, 0xffff, 0xffff, 0xffff, 0xffff, 0xffff, 0xffff, 0xffff, 0xffff, 0xffff, 0xffff, 0xffff, 0xffff, 0xffff, 0xffff, 0xffff, 0xffff, 0xffff, 0xffff, 0xffff, 0xffff, 0xffff, 0xffff, 0xffff, 0xffff, 0xffff, 0xffff, 0xffff, 0xffff, 0xffff, 0xffff, 0xffff, 0xffff, 0xffff, 0xffff, 0xffff, 0xffff, 0xffff, 0xffff, 0xffff, 0xffff, 0xffff, 0xffff, 0xffff, 0xffff, 0xffff, 0xffff, 0xffff, 0xffff, 0xffff, 0xffff, 0xffff, 0xffff, 0xffff, 0xffff, 0xffff, 0xffff, 0xffff, 0xffff, 0xffff, 0xffff, 0xffff, 0xffff, 0xffff, 0xffff, 0xffff, 0xffff, 0xffff, 0xffff, 0xffff, 0xffff, 0xffff, 0xffff, 0xffff, 0xffff, 0xffff, 0xffff, 0xffff, 0xffff, 0xffff, 0xffff, 0xffff, 0xffff, 0xffff, 0xffff, 0xffff, 0xffff, 0xffff, 0xffff, 0xffff, 0xffff, 0xffff, 0xffff, 0xffff, 0xffff, 0xffff, 0xffff, 0xffff, 0xffff, 0xffff, 0xffff, 0xffff, 0xffff, 0xffff, 0xffff, 0xffff, 0xffff, 0xffff, 0xffff, 0xffff, 0xffff, 0xffff, 0xffff, 0xffff, 0xffff, 0xffff, 0xffff, 0xffff, 0xffff, 0xffff, 0xffff, 0xffff, 0xffdf, 0xffdf, 0xf79e, 0xe71c, 0xd69a, 0xbdf7, 0xad54, 0x9cb2, 0x8c30, 0x7b8e, 0x734d, 0x6b4c, 0x6b2c, 0x6b2c, 0x6b2c, 0x6b2c, 0x6b4c, 0x6b4c, 0x6b4c, 0x6b4c, 0x6b4c, 0x6b4c, 0x6b4c, 0x6b4c, 0x6b4c, 0x6b4c, 0x6b4c, 0x6b4c, 0x6b4c, 0x6b4c, 0x6b4c, 0x6b4c, 0x6b4c, 0x6b4c, 0x6b4c, 0x6b4c, 0x6b4c, 0x6b4c, 0x6b4c, 0x6b4c, 0x6b4c, 0x6b4c, 0x6b4c, 0x6b2c, 0x6b2c, 0x6b2c, 0x6b0c, 0x736d, 0x7bae, 0x8c30, 0x9cb2, 0xb575, 0xc618, 0xdefb, 0xef7d, 0xf79e, 0xf7be, 0xffdf, 0xffff, 0xffff, 0xffff, 0xffff, 0xffff, 0xffff, 0xffff, 0xffff, 0xffff, 0xffff, 0xffff, 0xffff, 0xffff, 0xffff, 0xffff, 0xffff, 0xffff, 0xffff, 0xffff, 0xffff, 0xffff, 0xffff, 0xffff, 0xffff, 0xffff, 0xffff, 0xffff, 0xffff, 0xffff, 0xffff, 0xffff, 0xffff, 0xffff, 0xffff, 0xffff, 0xffff, 0xffff, 0xffff, 0xffff, 0xffff, 0xffff, 0xffff, 0xffff, 0xffff, 0xffff, 0xffff, 0xffff, 0xffff, 0xffff, 0xffff, 0xffff, 0xffff, 0xffff, 0xffff, 0xffff, 0xffff, 0xffff, 0xffff, 0xffff, 0xffff, 0xffff, 0xffff, 0xffff, 0xffff, 0xffff, 0xffff, 0xffff, 0xffff, 0xffff, 0xffff, 0xffff, 0xffff, 0xffff, 0xffff, 0xffff, 0xffff, 0xffff, 0xffff, 0xffff, 0xffff, 0xffff, 0xffff, 0xffff, 0xffff, 0xffff, 0xffff, 0xffff, 0xffff, 0xffff, 0xffff, 0xffff, 0xffff, 0xffff, 0xffff, 0xffff, 0xffff, 0xffff, 0xffff, 0xffff, 0xffff, 0xffff, 0xffff, 0xffff, 0xffff, 0xffff, 0xffff, 0xffff, 0xffff, 0xffff, 0xffff, 0xffff, 0xffff, 0xffff, 0xffff, 0xffff, 0xffff, 0xffff, 0xffff, 0xffff, 0xffff, 0xffff, 0xffff, 0xffff, 0xffff, 0xffff, 0xffff, 0xffff, 0xffff, 0xffff, 0xffff, 0xffff, 0xffff, 0xffff, 0xffff, 0xffff, 0xffff, 0xffff, 0xffff, 0xffff, 0xffff, 0xffff, 0xffff, 0xffff, 0xffff, 0xffff, 0xffff, 0xffff, 0xffff, 0xffff, 0xffff, 0xffff, 0xffff, 0xffff, 0xffff, 0xffff, 0xffff, 0xffff, 0xffff, 0xffff, 0xffff, 0xffff, 0xffff, 0xffff, 0xffff, 0xffff, 0xffff, 0xffff, 0xffff, 0xffff, 0xffff, 0xffff, 0xffff, 0xffff, 0xffff, 0xffff, 0xffff, 0xffff, 0xffff, 0xffdf, 0xf7be, 0xf79e, 0xef5d, 0xe6fb, 0xd69a, 0xce38, 0xbdd6, 0xad55, 0x9cd2, 0x9451, 0x840f, 0x7bae, 0x736d, 0x6b4c, 0x6b4c, 0x6b2c, 0x6b2c, 0x6b2c, 0x6b2c, 0x6b4c, 0x6b4c, 0x6b4c, 0x6b4c, 0x6b4c, 0x6b4c, 0x6b4c, 0x6b4c, 0x6b4c, 0x6b4c, 0x6b4c, 0x6b4c, 0x6b4c, 0x6b4c, 0x6b4c, 0x6b4c, 0x6b4c, 0x6b4c, 0x6b4c, 0x6b4c, 0x6b4c, 0x6b4c, 0x6b4c, 0x6b4c, 0x6b4c, 0x6b4c, 0x6b4c, 0x736d, 0x7b8d, 0x83cf, 0x8c30, 0x9492, 0xa4f3, 0xb595, 0xc618, 0xd679, 0xdefb, 0xef7d, 0xf7be, 0xffdf, 0xffdf, 0xffff, 0xffff, 0xffff, 0xffff, 0xffff, 0xffff, 0xffff, 0xffff, 0xffff, 0xffff, 0xffff, 0xffff, 0xffff, 0xffff, 0xffff, 0xffff, 0xffff, 0xffff, 0xffff, 0xffff, 0xffff, 0xffff, 0xffff, 0xffff, 0xffff, 0xffff, 0xffff, 0xffff, 0xffff, 0xffff, 0xffff, 0xffff, 0xffff, 0xffff, 0xffff, 0xffff, 0xffff, 0xffff, 0xffff, 0xffff, 0xffff, 0xffff, 0xffff, 0xffff, 0xffff, 0xffff, 0xffff, 0xffff, 0xffff, 0xffff, 0xffff, 0xffff, 0xffff, 0xffff, 0xffff, 0xffff, 0xffff, 0xffff, 0xffff, 0xffff, 0xffff, 0xffff, 0xffff, 0xffff, 0xffff, 0xffff, 0xffff, 0xffff, 0xffff, 0xffff, 0xffff, 0xffff, 0xffff, 0xffff, 0xffff, 0xffff, 0xffff, 0xffff, 0xffff, 0xffff, 0xffff, 0xffff, 0xffff, 0xffff, 0xffff, 0xffff, 0xffff, 0xffff, 0xffff, 0xffff, 0xffff, 0xffff, 0xffff, 0xffff, 0xffff, 0xffff, 0xffff, 0xffff, 0xffff, 0xffff, 0xffff, 0xffff, 0xffff, 0xffff, 0xffff, 0xffff, 0xffff, 0xffff, 0xffff, 0xffff, 0xffff, 0xffff, 0xffff, 0xffff, 0xffff, 0xffff, 0xffff, 0xffff, 0xffff, 0xffff, 0xffff, 0xffff, 0xffff, 0xffff, 0xffff, 0xffff, 0xffff, 0xffff, 0xffff, 0xffff, 0xffff, 0xffff, 0xffff, 0xffff, 0xffff, 0xffff, 0xffff, 0xffff, 0xffff, 0xffff, 0xffff, 0xffff, 0xffff, 0xffff, 0xffff, 0xffff, 0xffff, 0xffff, 0xffff, 0xffff, 0xffff, 0xffff, 0xffff, 0xffff, 0xffff, 0xffff, 0xffff, 0xffff, 0xffff, 0xffff, 0xffff, 0xffff, 0xffff, 0xffff, 0xffff, 0xffff, 0xffff, 0xffff, 0xffff, 0xffff, 0xffff, 0xffff, 0xffff, 0xffff, 0xffff, 0xffff, 0xffff, 0xffff, 0xffdf, 0xf79e, 0xef5c, 0xdefb, 0xce59, 0xbdb6, 0x9cd3, 0x8c30, 0x7bcf, 0x738d, 0x6b2c, 0x6b0b, 0x6b2c, 0x6b2c, 0x6b4c, 0x6b4c, 0x6b4c, 0x6b4c, 0x6b4c, 0x6b4c, 0x6b4c, 0x6b4c, 0x6b4c, 0x6b4c, 0x6b4c, 0x6b4c, 0x6b4c, 0x6b4c, 0x6b4c, 0x6b4c, 0x6b4c, 0x6b4c, 0x6b4c, 0x6b4c, 0x6b4c, 0x6b4c, 0x6b4c, 0x6b4c, 0x6b4c, 0x6b4c, 0x6b4c, 0x6b4c, 0x6b2c, 0x6b2c, 0x6b2c, 0x6b2c, 0x6b2c, 0x6b4c, 0x7bae, 0x8c30, 0xa513, 0xbdd7, 0xce59, 0xdedb, 0xef7d, 0xffdf, 0xffff, 0xffff, 0xffff, 0xffff, 0xffff, 0xffff, 0xffff, 0xffff, 0xffff, 0xffff, 0xffff, 0xffff, 0xffff, 0xffff, 0xffff, 0xffff, 0xffff, 0xffff, 0xffff, 0xffff, 0xffff, 0xffff, 0xffff, 0xffff, 0xffff, 0xffff, 0xffff, 0xffff, 0xffff, 0xffff, 0xffff, 0xffff, 0xffff, 0xffff, 0xffff, 0xffff, 0xffff, 0xffff, 0xffff, 0xffff, 0xffff, 0xffff, 0xffff, 0xffff, 0xffff, 0xffff, 0xffff, 0xffff, 0xffff, 0xffff, 0xffff, 0xffff, 0xffff, 0xffff, 0xffff, 0xffff, 0xffff, 0xffff, 0xffff, 0xffff, 0xffff, 0xffff, 0xffff, 0xffff, 0xffff, 0xffff, 0xffff, 0xffff, 0xffff, 0xffff, 0xffff, 0xffff, 0xffff, 0xffff, 0xffff, 0xffff, 0xffff, 0xffff, 0xffff, 0xffff, 0xffff, 0xffff, 0xffff, 0xffff, 0xffff, 0xffff, 0xffff, 0xffff, 0xffff, 0xffff, 0xffff, 0xffff, 0xffff, 0xffff, 0xffff, 0xffff, 0xffff, 0xffff, 0xffff, 0xffff, 0xffff, 0xffff, 0xffff, 0xffff, 0xffff, 0xffff, 0xffff, 0xffff, 0xffff, 0xffff, 0xffff, 0xffff, 0xffff, 0xffff, 0xffff, 0xffff, 0xffff, 0xffff, 0xffff, 0xffff, 0xffff, 0xffff, 0xffff, 0xffff, 0xffff, 0xffff, 0xffff, 0xffff, 0xffff, 0xffff, 0xffff, 0xffff, 0xffff, 0xffff, 0xffff, 0xffff, 0xffff, 0xffff, 0xffff, 0xffff, 0xffff, 0xffff, 0xffff, 0xffff, 0xffff, 0xffff, 0xffff, 0xffff, 0xffff, 0xffff, 0xffff, 0xffff, 0xffff, 0xffff, 0xffff, 0xffff, 0xffff, 0xffff, 0xffff, 0xffff, 0xffff, 0xffff, 0xffff, 0xffff, 0xffff, 0xffff, 0xffff, 0xffff, 0xffff, 0xffff, 0xffff, 0xffff, 0xffff, 0xffff, 0xffff, 0xffff, 0xffff, 0xffff, 0xffff, 0xffff, 0xffdf, 0xf79e, 0xef5d, 0xdefb, 0xd69a, 0xce58, 0xbdb6, 0xad34, 0x9cd3, 0x9471, 0x840f, 0x7bae, 0x738d, 0x736d, 0x6b2c, 0x6b2c, 0x6b2c, 0x6b2c, 0x6b4c, 0x6b4c, 0x6b4c, 0x6b4c, 0x6b4c, 0x6b4c, 0x6b4c, 0x6b4c, 0x6b4c, 0x6b4c, 0x6b4c, 0x6b4c, 0x6b4c, 0x6b4c, 0x6b4c, 0x6b4c, 0x6b4c, 0x6b4c, 0x6b4c, 0x6b4c, 0x6b4c, 0x6b4c, 0x6b4c, 0x6b4c, 0x6b2c, 0x6b2c, 0x6b2c, 0x6b2c, 0x736d, 0x7b8e, 0x7bce, 0x840f, 0x9471, 0x9cd3, 0xad34, 0xb596, 0xce38, 0xdeda, 0xe71c, 0xef5d, 0xf7be, 0xffff, 0xffff, 0xffff, 0xffff, 0xffff, 0xffff, 0xffff, 0xffff, 0xffff, 0xffff, 0xffff, 0xffff, 0xffff, 0xffff, 0xffff, 0xffff, 0xffff, 0xffff, 0xffff, 0xffff, 0xffff, 0xffff, 0xffff, 0xffff, 0xffff, 0xffff, 0xffff, 0xffff, 0xffff, 0xffff, 0xffff, 0xffff, 0xffff, 0xffff, 0xffff, 0xffff, 0xffff, 0xffff, 0xffff, 0xffff, 0xffff, 0xffff, 0xffff, 0xffff, 0xffff, 0xffff, 0xffff, 0xffff, 0xffff, 0xffff, 0xffff, 0xffff, 0xffff, 0xffff, 0xffff, 0xffff, 0xffff, 0xffff, 0xffff, 0xffff, 0xffff, 0xffff, 0xffff, 0xffff, 0xffff, 0xffff, 0xffff, 0xffff, 0xffff, 0xffff, 0xffff, 0xffff, 0xffff, 0xffff, 0xffff, 0xffff, 0xffff, 0xffff, 0xffff, 0xffff, 0xffff, 0xffff, 0xffff, 0xffff, 0xffff, 0xffff, 0xffff, 0xffff, 0xffff, 0xffff, 0xffff, 0xffff, 0xffff, 0xffff, 0xffff, 0xffff, 0xffff, 0xffff, 0xffff, 0xffff, 0xffff, 0xffff, 0xffff, 0xffff, 0xffff, 0xffff, 0xffff, 0xffff, 0xffff, 0xffff, 0xffff, 0xffff, 0xffff, 0xffff, 0xffff, 0xffff, 0xffff, 0xffff, 0xffff, 0xffff, 0xffff, 0xffff, 0xffff, 0xffff, 0xffff, 0xffff, 0xffff, 0xffff, 0xffff, 0xffff, 0xffff, 0xffff, 0xffff, 0xffff, 0xffff, 0xffff, 0xffff, 0xffff, 0xffff, 0xffff, 0xffff, 0xffff, 0xffff, 0xffff, 0xffff, 0xffff, 0xffff, 0xffff, 0xffff, 0xffff, 0xffff, 0xffff, 0xffff, 0xffff, 0xffff, 0xffff, 0xffff, 0xffff, 0xffff, 0xffff, 0xffff, 0xffff, 0xffff, 0xffff, 0xffff, 0xffff, 0xffff, 0xffff, 0xffff, 0xffff, 0xffff, 0xffff, 0xffff, 0xffff, 0xffff, 0xffff, 0xffff, 0xffff, 0xffff, 0xffff, 0xffdf, 0xf79e, 0xe73c, 0xce79, 0xb596, 0xa513, 0x9491, 0x7bce, 0x6b2c, 0x6b0b, 0x630b, 0x6b0c, 0x6b2c, 0x6b2c, 0x6b2c, 0x6b4c, 0x6b4c, 0x6b4c, 0x6b4c, 0x6b4c, 0x6b4c, 0x6b4c, 0x6b4c, 0x6b4c, 0x6b4c, 0x6b4c, 0x6b4c, 0x6b4c, 0x6b4c, 0x6b4c, 0x6b4c, 0x6b4c, 0x6b4c, 0x6b4c, 0x6b4c, 0x6b4c, 0x6b4c, 0x6b4c, 0x6b4c, 0x6b4c, 0x6b4c, 0x6b4c, 0x6b2c, 0x6b2c, 0x6b0b, 0x6b0b, 0x6b2c, 0x7bae, 0x8c30, 0x94b2, 0xa514, 0xc5f7, 0xdedb, 0xe71c, 0xef7d, 0xf7be, 0xffff, 0xffff, 0xffff, 0xffff, 0xffff, 0xffff, 0xffff, 0xffff, 0xffff, 0xffff, 0xffff, 0xffff, 0xffff, 0xffff, 0xffff, 0xffff, 0xffff, 0xffff, 0xffff, 0xffff, 0xffff, 0xffff, 0xffff, 0xffff, 0xffff, 0xffff, 0xffff, 0xffff, 0xffff, 0xffff, 0xffff, 0xffff, 0xffff, 0xffff, 0xffff, 0xffff, 0xffff, 0xffff, 0xffff, 0xffff, 0xffff, 0xffff, 0xffff, 0xffff, 0xffff, 0xffff, 0xffff, 0xffff, 0xffff, 0xffff, 0xffff, 0xffff, 0xffff, 0xffff, 0xffff, 0xffff, 0xffff, 0xffff, 0xffff, 0xffff, 0xffff, 0xffff, 0xffff, 0xffff, 0xffff, 0xffff, 0xffff, 0xffff, 0xffff, 0xffff, 0xffff, 0xffff, 0xffff, 0xffff, 0xffff, 0xffff, 0xffff, 0xffff, 0xffff, 0xffff, 0xffff, 0xffff, 0xffff, 0xffff, 0xffff, 0xffff, 0xffff, 0xffff, 0xffff, 0xffff, 0xffff, 0xffff, 0xffff, 0xffff, 0xffff, 0xffff, 0xffff, 0xffff, 0xffff, 0xffff, 0xffff, 0xffff, 0xffff, 0xffff, 0xffff, 0xffff, 0xffff, 0xffff, 0xffff, 0xffff, 0xffff, 0xffff, 0xffff, 0xffff, 0xffff, 0xffff, 0xffff, 0xffff, 0xffff, 0xffff, 0xffff, 0xffff, 0xffff, 0xffff, 0xffff, 0xffff, 0xffff, 0xffff, 0xffff, 0xffff, 0xffff, 0xffff, 0xffff, 0xffff, 0xffff, 0xffff, 0xffff, 0xffff, 0xffff, 0xffff, 0xffff, 0xffff, 0xffff, 0xffff, 0xffff, 0xffff, 0xffff, 0xffff, 0xffff, 0xffff, 0xffff, 0xffff, 0xffff, 0xffff, 0xffff, 0xffff, 0xffff, 0xffff, 0xffff, 0xffff, 0xffff, 0xffff, 0xffff, 0xffff, 0xffff, 0xffff, 0xffff, 0xffff, 0xffff, 0xffff, 0xffff, 0xffff, 0xffff, 0xffff, 0xffff, 0xffff, 0xffff, 0xffff, 0xffdf, 0xf7be, 0xef7d, 0xe73c, 0xdefb, 0xd699, 0xc617, 0xb5b6, 0xad55, 0x9cd3, 0x9451, 0x8410, 0x7bce, 0x736d, 0x6b2c, 0x6b2c, 0x6b2c, 0x6b2c, 0x6b2c, 0x6b2c, 0x6b4c, 0x6b4c, 0x6b4c, 0x6b4c, 0x6b4c, 0x6b4c, 0x6b4c, 0x6b4c, 0x6b4c, 0x6b4c, 0x6b4c, 0x6b4c, 0x6b4c, 0x6b4c, 0x6b4c, 0x6b4c, 0x6b4c, 0x6b4c, 0x6b4c, 0x6b4c, 0x6b4c, 0x6b4c, 0x6b4c, 0x6b4c, 0x6b4c, 0x6b4c, 0x734c, 0x736d, 0x736d, 0x7bae, 0x8c10, 0x9471, 0x9cb2, 0xad34, 0xbdd7, 0xce38, 0xd699, 0xdefb, 0xef7d, 0xf79e, 0xf7be, 0xffdf, 0xffff, 0xffff, 0xffff, 0xffff, 0xffff, 0xffff, 0xffff, 0xffff, 0xffff, 0xffff, 0xffff, 0xffff, 0xffff, 0xffff, 0xffff, 0xffff, 0xffff, 0xffff, 0xffff, 0xffff, 0xffff, 0xffff, 0xffff, 0xffff, 0xffff, 0xffff, 0xffff, 0xffff, 0xffff, 0xffff, 0xffff, 0xffff, 0xffff, 0xffff, 0xffff, 0xffff, 0xffff, 0xffff, 0xffff, 0xffff, 0xffff, 0xffff, 0xffff, 0xffff, 0xffff, 0xffff, 0xffff, 0xffff, 0xffff, 0xffff, 0xffff, 0xffff, 0xffff, 0xffff, 0xffff, 0xffff, 0xffff, 0xffff, 0xffff, 0xffff, 0xffff, 0xffff, 0xffff, 0xffff, 0xffff, 0xffff, 0xffff, 0xffff, 0xffff, 0xffff, 0xffff, 0xffff, 0xffff, 0xffff, 0xffff, 0xffff, 0xffff, 0xffff, 0xffff, 0xffff, 0xffff, 0xffff, 0xffff, 0xffff, 0xffff, 0xffff, 0xffff, 0xffff, 0xffff, 0xffff, 0xffff, 0xffff, 0xffff, 0xffff, 0xffff, 0xffff, 0xffff, 0xffff, 0xffff, 0xffff, 0xffff, 0xffff, 0xffff, 0xffff, 0xffff, 0xffff, 0xffff, 0xffff, 0xffff, 0xffff, 0xffff, 0xffff, 0xffff, 0xffff, 0xffff, 0xffff, 0xffff, 0xffff, 0xffff, 0xffff, 0xffff, 0xffff, 0xffff, 0xffff, 0xffff, 0xffff, 0xffff, 0xffff, 0xffff, 0xffff, 0xffff, 0xffff, 0xffff, 0xffff, 0xffff, 0xffff, 0xffff, 0xffff, 0xffff, 0xffff, 0xffff, 0xffff, 0xffff, 0xffff, 0xffff, 0xffff, 0xffff, 0xffff, 0xffff, 0xffff, 0xffff, 0xffff, 0xffff, 0xffff, 0xffff, 0xffff, 0xffff, 0xffff, 0xffff, 0xffff, 0xffff, 0xffff, 0xffff, 0xffff, 0xffff, 0xffff, 0xffff, 0xffff, 0xffff, 0xffff, 0xffff, 0xffff, 0xffff, 0xffff, 0xffff, 0xffff, 0xffff, 0xffff, 0xffdf, 0xef7d, 0xdefb, 0xce79, 0xc5f7, 0xa514, 0x8c10, 0x7bae, 0x734d, 0x6b2c, 0x6b0c, 0x6b0c, 0x6b0c, 0x6b2c, 0x6b4c, 0x6b4c, 0x6b4c, 0x6b4c, 0x6b4c, 0x6b4c, 0x6b4c, 0x6b4c, 0x6b4c, 0x6b4c, 0x6b4c, 0x6b4c, 0x6b4c, 0x6b4c, 0x6b4c, 0x6b4c, 0x6b4c, 0x6b4c, 0x6b4c, 0x6b4c, 0x6b4c, 0x6b4c, 0x6b4c, 0x6b4c, 0x6b4c, 0x6b4c, 0x6b4c, 0x6b4c, 0x6b2c, 0x6b2c, 0x6b2c, 0x6b2c, 0x734d, 0x738d, 0x7bce, 0x9451, 0xad34, 0xbdd7, 0xce59, 0xdefb, 0xf79e, 0xffdf, 0xffff, 0xffff, 0xffff, 0xffff, 0xffff, 0xffff, 0xffff, 0xffff, 0xffff, 0xffff, 0xffff, 0xffff, 0xffff, 0xffff, 0xffff, 0xffff, 0xffff, 0xffff, 0xffff, 0xffff, 0xffff, 0xffff, 0xffff, 0xffff, 0xffff, 0xffff, 0xffff, 0xffff, 0xffff, 0xffff, 0xffff, 0xffff, 0xffff, 0xffff, 0xffff, 0xffff, 0xffff, 0xffff, 0xffff, 0xffff, 0xffff, 0xffff, 0xffff, 0xffff, 0xffff, 0xffff, 0xffff, 0xffff, 0xffff, 0xffff, 0xffff, 0xffff, 0xffff, 0xffff, 0xffff, 0xffff, 0xffff, 0xffff, 0xffff, 0xffff, 0xffff, 0xffff, 0xffff, 0xffff, 0xffff, 0xffff, 0xffff, 0xffff, 0xffff, 0xffff, 0xffff, 0xffff, 0xffff, 0xffff, 0xffff, 0xffff, 0xffff, 0xffff, 0xffff, 0xffff, 0xffff, 0xffff, 0xffff, 0xffff, 0xffff, 0xffff, 0xffff, 0xffff, 0xffff, 0xffff, 0xffff, 0xffff, 0xffff, 0xffff, 0xffff, 0xffff, 0xffff, 0xffff, 0xffff, 0xffff, 0xffff, 0xffff, 0xffff, 0xffff, 0xffff, 0xffff, 0xffff, 0xffff, 0xffff, 0xffff, 0xffff, 0xffff, 0xffff, 0xffff, 0xffff, 0xffff, 0xffff, 0xffff, 0xffff, 0xffff, 0xffff, 0xffff, 0xffff, 0xffff, 0xffff, 0xffff, 0xffff, 0xffff, 0xffff, 0xffff, 0xffff, 0xffff, 0xffff, 0xffff, 0xffff, 0xffff, 0xffff, 0xffff, 0xffff, 0xffff, 0xffff, 0xffff, 0xffff, 0xffff, 0xffff, 0xffff, 0xffff, 0xffff, 0xffff, 0xffff, 0xffff, 0xffff, 0xffff, 0xffff, 0xffff, 0xffff, 0xffff, 0xffff, 0xffff, 0xffff, 0xffff, 0xffff, 0xffff, 0xffff, 0xffff, 0xffff, 0xffff, 0xffff, 0xffff, 0xffff, 0xffff, 0xffff, 0xffff, 0xffff, 0xffff, 0xffff, 0xffff, 0xffff, 0xffdf, 0xf7be, 0xf79e, 0xef5d, 0xdedb, 0xce59, 0xc618, 0xb596, 0xa513, 0x9c92, 0x8c51, 0x83ef, 0x7b8e, 0x736d, 0x734c, 0x6b4c, 0x6b2c, 0x6b2c, 0x6b2c, 0x6b4c, 0x6b4c, 0x6b4c, 0x6b4c, 0x6b4c, 0x6b4c, 0x6b4c, 0x6b4c, 0x6b4c, 0x6b4c, 0x6b4c, 0x6b4c, 0x6b4c, 0x6b4c, 0x6b4c, 0x6b4c, 0x6b4c, 0x6b4c, 0x6b4c, 0x6b4c, 0x6b4c, 0x6b4c, 0x6b4c, 0x6b4c, 0x6b4c, 0x6b2c, 0x6b2c, 0x6b2c, 0x6b2c, 0x736d, 0x7bae, 0x83ef, 0x8c50, 0x9cd3, 0xad55, 0xbdb6, 0xc618, 0xd6ba, 0xe6fb, 0xef3c, 0xf77d, 0xffdf, 0xffff, 0xffff, 0xffff, 0xffff, 0xffff, 0xffff, 0xffff, 0xffff, 0xffff, 0xffff, 0xffff, 0xffff, 0xffff, 0xffff, 0xffff, 0xffff, 0xffff, 0xffff, 0xffff, 0xffff, 0xffff, 0xffff, 0xffff, 0xffff, 0xffff, 0xffff, 0xffff, 0xffff, 0xffff, 0xffff, 0xffff, 0xffff, 0xffff, 0xffff, 0xffff, 0xffff, 0xffff, 0xffff, 0xffff, 0xffff, 0xffff, 0xffff, 0xffff, 0xffff, 0xffff, 0xffff, 0xffff, 0xffff, 0xffff, 0xffff, 0xffff, 0xffff, 0xffff, 0xffff, 0xffff, 0xffff, 0xffff, 0xffff, 0xffff, 0xffff, 0xffff, 0xffff, 0xffff, 0xffff, 0xffff, 0xffff, 0xffff, 0xffff, 0xffff, 0xffff, 0xffff, 0xffff, 0xffff, 0xffff, 0xffff, 0xffff, 0xffff, 0xffff, 0xffff, 0xffff, 0xffff, 0xffff, 0xffff, 0xffff, 0xffff, 0xffff, 0xffff, 0xffff, 0xffff, 0xffff, 0xffff, 0xffff, 0xffff, 0xffff, 0xffff, 0xffff, 0xffff, 0xffff, 0xffff, 0xffff, 0xffff, 0xffff, 0xffff, 0xffff, 0xffff, 0xffff, 0xffff, 0xffff, 0xffff, 0xffff, 0xffff, 0xffff, 0xffff, 0xffff, 0xffff, 0xffff, 0xffff, 0xffff, 0xffff, 0xffff, 0xffff, 0xffff, 0xffff, 0xffff, 0xffff, 0xffff, 0xffff, 0xffff, 0xffff, 0xffff, 0xffff, 0xffff, 0xffff, 0xffff, 0xffff, 0xffff, 0xffff, 0xffff, 0xffff, 0xffff, 0xffff, 0xffff, 0xffff, 0xffff, 0xffff, 0xffff, 0xffff, 0xffff, 0xffff, 0xffff, 0xffff, 0xffff, 0xffff, 0xffff, 0xffff, 0xffff, 0xffff, 0xffff, 0xffff, 0xffff, 0xffff, 0xffff, 0xffff, 0xffff, 0xffff, 0xffff, 0xffff, 0xffff, 0xffff, 0xffff, 0xffff, 0xffff, 0xffff, 0xffff, 0xffff, 0xffff, 0xffff, 0xffdf, 0xffdf, 0xf79e, 0xef5d, 0xe71c, 0xd69a, 0xbdd6, 0xa514, 0x9cb2, 0x8c30, 0x738d, 0x6b4c, 0x6b2c, 0x6b2c, 0x6b2c, 0x6b4c, 0x6b4c, 0x6b4c, 0x6b4c, 0x6b4c, 0x6b4c, 0x6b4c, 0x6b4c, 0x6b4c, 0x6b4c, 0x6b4c, 0x6b4c, 0x6b4c, 0x6b4c, 0x6b4c, 0x6b4c, 0x6b4c, 0x6b4c, 0x6b4c, 0x6b4c, 0x6b4c, 0x6b4c, 0x6b4c, 0x6b4c, 0x6b4c, 0x6b4c, 0x6b4c, 0x6b4c, 0x6b4c, 0x6b4c, 0x6b2c, 0x6b2c, 0x6b2c, 0x6b4c, 0x736d, 0x7bce, 0x8c30, 0x9492, 0xad34, 0xc618, 0xdeba, 0xe73c, 0xef7d, 0xf7be, 0xffdf, 0xffff, 0xffff, 0xffff, 0xffff, 0xffff, 0xffff, 0xffff, 0xffff, 0xffff, 0xffff, 0xffff, 0xffff, 0xffff, 0xffff, 0xffff, 0xffff, 0xffff, 0xffff, 0xffff, 0xffff, 0xffff, 0xffff, 0xffff, 0xffff, 0xffff, 0xffff, 0xffff, 0xffff, 0xffff, 0xffff, 0xffff, 0xffff, 0xffff, 0xffff, 0xffff, 0xffff, 0xffff, 0xffff, 0xffff, 0xffff, 0xffff, 0xffff, 0xffff, 0xffff, 0xffff, 0xffff, 0xffff, 0xffff, 0xffff, 0xffff, 0xffff, 0xffff, 0xffff, 0xffff, 0xffff, 0xffff, 0xffff, 0xffff, 0xffff, 0xffff, 0xffff, 0xffff, 0xffff, 0xffff, 0xffff, 0xffff, 0xffff, 0xffff, 0xffff, 0xffff, 0xffff, 0xffff, 0xffff, 0xffff, 0xffff, 0xffff, 0xffff, 0xffff, 0xffff, 0xffff, 0xffff, 0xffff, 0xffff, 0xffff, 0xffff, 0xffff, 0xffff, 0xffff, 0xffff, 0xffff, 0xffff, 0xffff, 0xffff, 0xffff, 0xffff, 0xffff, 0xffff, 0xffff, 0xffff, 0xffff, 0xffff, 0xffff, 0xffff, 0xffff, 0xffff, 0xffff, 0xffff, 0xffff, 0xffff, 0xffff, 0xffff, 0xffff, 0xffff, 0xffff, 0xffff, 0xffff, 0xffff, 0xffff, 0xffff, 0xffff, 0xffff, 0xffff, 0xffff, 0xffff, 0xffff, 0xffff, 0xffff, 0xffff, 0xffff, 0xffff, 0xffff, 0xffff, 0xffff, 0xffff, 0xffff, 0xffff, 0xffff, 0xffff, 0xffff, 0xffff, 0xffff, 0xffff, 0xffff, 0xffff, 0xffff, 0xffff, 0xffff, 0xffff, 0xffff, 0xffff, 0xffff, 0xffff, 0xffff, 0xffff, 0xffff, 0xffff, 0xffff, 0xffff, 0xffff, 0xffff, 0xffff, 0xffff, 0xffff, 0xffff, 0xffff, 0xffff, 0xffff, 0xffff, 0xffff, 0xffff, 0xffff, 0xffff, 0xffff, 0xffff, 0xffff, 0xffff, 0xffff, 0xffdf, 0xef7d, 0xe71c, 0xdeba, 0xce59, 0xbdb6, 0xad34, 0x9cd3, 0x9471, 0x8c30, 0x83ef, 0x7bae, 0x738d, 0x734d, 0x6b4c, 0x6b2c, 0x6b2c, 0x6b4c, 0x6b4c, 0x6b4c, 0x6b4c, 0x6b4c, 0x6b4c, 0x6b4c, 0x6b4c, 0x6b4c, 0x6b4c, 0x6b4c, 0x6b4c, 0x6b4c, 0x6b4c, 0x6b4c, 0x6b4c, 0x6b4c, 0x6b4c, 0x6b4c, 0x6b4c, 0x6b4c, 0x6b4c, 0x6b4c, 0x6b4c, 0x6b4c, 0x6b2c, 0x6b2c, 0x6b2c, 0x6b2c, 0x6b2c, 0x6b2c, 0x6b2c, 0x83cf, 0x9471, 0x9cd2, 0xad34, 0xbdd7, 0xce59, 0xd69a, 0xdefb, 0xef5d, 0xf79e, 0xf7be, 0xffdf, 0xffdf, 0xffff, 0xffff, 0xffff, 0xffff, 0xffff, 0xffff, 0xffff, 0xffff, 0xffff, 0xffff, 0xffff, 0xffff, 0xffff, 0xffff, 0xffff, 0xffff, 0xffff, 0xffff, 0xffff, 0xffff, 0xffff, 0xffff, 0xffff, 0xffff, 0xffff, 0xffff, 0xffff, 0xffff, 0xffff, 0xffff, 0xffff, 0xffff, 0xffff, 0xffff, 0xffff, 0xffff, 0xffff, 0xffff, 0xffff, 0xffff, 0xffff, 0xffff, 0xffff, 0xffff, 0xffff, 0xffff, 0xffff, 0xffff, 0xffff, 0xffff, 0xffff, 0xffff, 0xffff, 0xffff, 0xffff, 0xffff, 0xffff, 0xffff, 0xffff, 0xffff, 0xffff, 0xffff, 0xffff, 0xffff, 0xffff, 0xffff, 0xffff, 0xffff, 0xffff, 0xffff, 0xffff, 0xffff, 0xffff, 0xffff, 0xffff, 0xffff, 0xffff, 0xffff, 0xffff, 0xffff, 0xffff, 0xffff, 0xffff, 0xffff, 0xffff, 0xffff, 0xffff, 0xffff, 0xffff, 0xffff, 0xffff, 0xffff, 0xffff, 0xffff, 0xffff, 0xffff, 0xffff, 0xffff, 0xffff, 0xffff, 0xffff, 0xffff, 0xffff, 0xffff, 0xffff, 0xffff, 0xffff, 0xffff, 0xffff, 0xffff, 0xffff, 0xffff, 0xffff, 0xffff, 0xffff, 0xffff, 0xffff, 0xffff, 0xffff, 0xffff, 0xffff, 0xffff, 0xffff, 0xffff, 0xffff, 0xffff, 0xffff, 0xffff, 0xffff, 0xffff, 0xffff, 0xffff, 0xffff, 0xffff, 0xffff, 0xffff, 0xffff, 0xffff, 0xffff, 0xffff, 0xffff, 0xffff, 0xffff, 0xffff, 0xffff, 0xffff, 0xffff, 0xffff, 0xffff, 0xffff, 0xffff, 0xffff, 0xffff, 0xffff, 0xffff, 0xffff, 0xffff, 0xffff, 0xffff, 0xffff, 0xffff, 0xffff, 0xffff, 0xffff, 0xffff, 0xffff, 0xffff, 0xffff, 0xffff, 0xffff, 0xffff, 0xffff, 0xffff, 0xffff, 0xffdf, 0xffdf, 0xf7be, 0xf79e, 0xef7d, 0xdedb, 0xce38, 0xbdd7, 0xad55, 0x9491, 0x83cf, 0x736d, 0x6b4c, 0x6b2c, 0x6b2c, 0x6b2c, 0x6b2c, 0x6b2c, 0x6b4c, 0x6b4c, 0x6b4c, 0x6b4c, 0x6b4c, 0x6b4c, 0x6b4c, 0x6b4c, 0x6b4c, 0x6b4c, 0x6b4c, 0x6b4c, 0x6b4c, 0x6b4c, 0x6b4c, 0x6b4c, 0x6b4c, 0x6b4c, 0x6b4c, 0x6b4c, 0x6b4c, 0x6b4c, 0x6b4c, 0x6b4c, 0x6b4c, 0x6b4c, 0x6b4c, 0x6b4c, 0x6b4c, 0x6b4c, 0x6b4c, 0x6b4c, 0x734c, 0x736d, 0x738d, 0x9491, 0xad75, 0xbdf7, 0xd679, 0xe71c, 0xf79e, 0xffdf, 0xffff, 0xffff, 0xffff, 0xffff, 0xffff, 0xffff, 0xffff, 0xffff, 0xffff, 0xffff, 0xffff, 0xffff, 0xffff, 0xffff, 0xffff, 0xffff, 0xffff, 0xffff, 0xffff, 0xffff, 0xffff, 0xffff, 0xffff, 0xffff, 0xffff, 0xffff, 0xffff, 0xffff, 0xffff, 0xffff, 0xffff, 0xffff, 0xffff, 0xffff, 0xffff, 0xffff, 0xffff, 0xffff, 0xffff, 0xffff, 0xffff, 0xffff, 0xffff, 0xffff, 0xffff, 0xffff, 0xffff, 0xffff, 0xffff, 0xffff, 0xffff, 0xffff, 0xffff, 0xffff, 0xffff, 0xffff, 0xffff, 0xffff, 0xffff, 0xffff, 0xffff, 0xffff, 0xffff, 0xffff, 0xffff, 0xffff, 0xffff, 0xffff, 0xffff, 0xffff, 0xffff, 0xffff, 0xffff, 0xffff, 0xffff, 0xffff, 0xffff, 0xffff, 0xffff, 0xffff, 0xffff, 0xffff, 0xffff, 0xffff, 0xffff, 0xffff, 0xffff, 0xffff, 0xffff, 0xffff, 0xffff, 0xffff, 0xffff, 0xffff, 0xffff, 0xffff, 0xffff, 0xffff, 0xffff, 0xffff, 0xffff, 0xffff, 0xffff, 0xffff, 0xffff, 0xffff, 0xffff, 0xffff, 0xffff, 0xffff, 0xffff, 0xffff, 0xffff, 0xffff, 0xffff, 0xffff, 0xffff, 0xffff, 0xffff, 0xffff, 0xffff, 0xffff, 0xffff, 0xffff, 0xffff, 0xffff, 0xffff, 0xffff, 0xffff, 0xffff, 0xffff, 0xffff, 0xffff, 0xffff, 0xffff, 0xffff, 0xffff, 0xffff, 0xffff, 0xffff, 0xffff, 0xffff, 0xffff, 0xffff, 0xffff, 0xffff, 0xffff, 0xffff, 0xffff, 0xffff, 0xffff, 0xffff, 0xffff, 0xffff, 0xffff, 0xffff, 0xffff, 0xffff, 0xffff, 0xffff, 0xffff, 0xffff, 0xffff, 0xffff, 0xffff, 0xffff, 0xffff, 0xffff, 0xffff, 0xffff, 0xffff, 0xffff, 0xffff, 0xffff, 0xffff, 0xffff, 0xffff, 0xffdf, 0xf79e, 0xef5d, 0xe73c, 0xd699, 0xbdf7, 0xb575, 0xa514, 0x9cb2, 0x8c30, 0x83ef, 0x7bce, 0x7b8d, 0x736d, 0x734c, 0x6b4c, 0x6b4c, 0x6b4c, 0x6b4c, 0x6b4c, 0x6b4c, 0x6b4c, 0x6b4c, 0x6b4c, 0x6b4c, 0x6b4c, 0x6b4c, 0x6b4c, 0x6b4c, 0x6b4c, 0x6b4c, 0x6b4c, 0x6b4c, 0x6b4c, 0x6b4c, 0x6b4c, 0x6b4c, 0x6b4c, 0x6b4c, 0x6b4c, 0x6b4c, 0x6b4c, 0x6b4c, 0x6b4c, 0x6b2c, 0x6b2c, 0x6b0c, 0x6b0b, 0x6b4c, 0x7bae, 0x83ef, 0x8c30, 0x9cb2, 0xad55, 0xbdb6, 0xc618, 0xd69a, 0xe6fb, 0xef5c, 0xf79d, 0xf7be, 0xffdf, 0xffff, 0xffff, 0xffff, 0xffff, 0xffff, 0xffff, 0xffff, 0xffff, 0xffff, 0xffff, 0xffff, 0xffff, 0xffff, 0xffff, 0xffff, 0xffff, 0xffff, 0xffff, 0xffff, 0xffff, 0xffff, 0xffff, 0xffff, 0xffff, 0xffff, 0xffff, 0xffff, 0xffff, 0xffff, 0xffff, 0xffff, 0xffff, 0xffff, 0xffff, 0xffff, 0xffff, 0xffff, 0xffff, 0xffff, 0xffff, 0xffff, 0xffff, 0xffff, 0xffff, 0xffff, 0xffff, 0xffff, 0xffff, 0xffff, 0xffff, 0xffff, 0xffff, 0xffff, 0xffff, 0xffff, 0xffff, 0xffff, 0xffff, 0xffff, 0xffff, 0xffff, 0xffff, 0xffff, 0xffff, 0xffff, 0xffff, 0xffff, 0xffff, 0xffff, 0xffff, 0xffff, 0xffff, 0xffff, 0xffff, 0xffff, 0xffff, 0xffff, 0xffff, 0xffff, 0xffff, 0xffff, 0xffff, 0xffff, 0xffff, 0xffff, 0xffff, 0xffff, 0xffff, 0xffff, 0xffff, 0xffff, 0xffff, 0xffff, 0xffff, 0xffff, 0xffff, 0xffff, 0xffff, 0xffff, 0xffff, 0xffff, 0xffff, 0xffff, 0xffff, 0xffff, 0xffff, 0xffff, 0xffff, 0xffff, 0xffff, 0xffff, 0xffff, 0xffff, 0xffff, 0xffff, 0xffff, 0xffff, 0xffff, 0xffff, 0xffff, 0xffff, 0xffff, 0xffff, 0xffff, 0xffff, 0xffff, 0xffff, 0xffff, 0xffff, 0xffff, 0xffff, 0xffff, 0xffff, 0xffff, 0xffff, 0xffff, 0xffff, 0xffff, 0xffff, 0xffff, 0xffff, 0xffff, 0xffff, 0xffff, 0xffff, 0xffff, 0xffff, 0xffff, 0xffff, 0xffff, 0xffff, 0xffff, 0xffff, 0xffff, 0xffff, 0xffff, 0xffff, 0xffff, 0xffff, 0xffff, 0xffff, 0xffff, 0xffff, 0xffff, 0xffff, 0xffff, 0xffff, 0xffff, 0xffff, 0xffff, 0xffff, 0xffff, 0xffff, 0xffff, 0xffff, 0xffdf, 0xf7be, 0xf7be, 0xef5d, 0xdefb, 0xd6ba, 0xce59, 0xb596, 0x9cd3, 0x8c51, 0x83ef, 0x7b8d, 0x734c, 0x6b2c, 0x6b0c, 0x6b2c, 0x6b2c, 0x6b4c, 0x6b4c, 0x6b4c, 0x6b4c, 0x6b4c, 0x6b4c, 0x6b4c, 0x6b4c, 0x6b4c, 0x6b4c, 0x6b4c, 0x6b4c, 0x6b4c, 0x6b4c, 0x6b4c, 0x6b4c, 0x6b4c, 0x6b4c, 0x6b4c, 0x6b4c, 0x6b4c, 0x6b4c, 0x6b4c, 0x6b4c, 0x6b4c, 0x6b4c, 0x6b4c, 0x6b4c, 0x6b4c, 0x6b4c, 0x6b4c, 0x6b4c, 0x734c, 0x734c, 0x7bce, 0x8c30, 0x9492, 0xa4f3, 0xbdb6, 0xd679, 0xdefb, 0xef5d, 0xf79e, 0xffdf, 0xffff, 0xffff, 0xffff, 0xffff, 0xffff, 0xffff, 0xffff, 0xffff, 0xffff, 0xffff, 0xffff, 0xffff, 0xffff, 0xffff, 0xffff, 0xffff, 0xffff, 0xffff, 0xffff, 0xffff, 0xffff, 0xffff, 0xffff, 0xffff, 0xffff, 0xffff, 0xffff, 0xffff, 0xffff, 0xffff, 0xffff, 0xffff, 0xffff, 0xffff, 0xffff, 0xffff, 0xffff, 0xffff, 0xffff, 0xffff, 0xffff, 0xffff, 0xffff, 0xffff, 0xffff, 0xffff, 0xffff, 0xffff, 0xffff, 0xffff, 0xffff, 0xffff, 0xffff, 0xffff, 0xffff, 0xffff, 0xffff, 0xffff, 0xffff, 0xffff, 0xffff, 0xffff, 0xffff, 0xffff, 0xffff, 0xffff, 0xffff, 0xffff, 0xffff, 0xffff, 0xffff, 0xffff, 0xffff, 0xffff, 0xffff, 0xffff, 0xffff, 0xffff, 0xffff, 0xffff, 0xffff, 0xffff, 0xffff, 0xffff, 0xffff, 0xffff, 0xffff, 0xffff, 0xffff, 0xffff, 0xffff, 0xffff, 0xffff, 0xffff, 0xffff, 0xffff, 0xffff, 0xffff, 0xffff, 0xffff, 0xffff, 0xffff, 0xffff, 0xffff, 0xffff, 0xffff, 0xffff, 0xffff, 0xffff, 0xffff, 0xffff, 0xffff, 0xffff, 0xffff, 0xffff, 0xffff, 0xffff, 0xffff, 0xffff, 0xffff, 0xffff, 0xffff, 0xffff, 0xffff, 0xffff, 0xffff, 0xffff, 0xffff, 0xffff, 0xffff, 0xffff, 0xffff, 0xffff, 0xffff, 0xffff, 0xffff, 0xffff, 0xffff, 0xffff, 0xffff, 0xffff, 0xffff, 0xffff, 0xffff, 0xffff, 0xffff, 0xffff, 0xffff, 0xffff, 0xffff, 0xffff, 0xffff, 0xffff, 0xffff, 0xffff, 0xffff, 0xffff, 0xffff, 0xffff, 0xffff, 0xffff, 0xffff, 0xffff, 0xffff, 0xffff, 0xffff, 0xffff, 0xffff, 0xffff, 0xffff, 0xffff, 0xffff, 0xffff, 0xffff, 0xffff, 0xffff, 0xffff, 0xffff, 0xf79e, 0xe71c, 0xd69a, 0xc638, 0xb596, 0xa513, 0x9492, 0x8c30, 0x83ef, 0x7bae, 0x738d, 0x734c, 0x6b4c, 0x6b4c, 0x6b2c, 0x6b2c, 0x6b4c, 0x6b4c, 0x6b4c, 0x6b4c, 0x6b4c, 0x6b4c, 0x6b4c, 0x6b4c, 0x6b4c, 0x6b4c, 0x6b4c, 0x6b4c, 0x6b4c, 0x6b4c, 0x6b4c, 0x6b4c, 0x6b4c, 0x6b4c, 0x6b4c, 0x6b4c, 0x6b4c, 0x6b4c, 0x6b4c, 0x6b4c, 0x6b4c, 0x6b4c, 0x6b2c, 0x6b2c, 0x6b2c, 0x6b2c, 0x6b4c, 0x6b4c, 0x7bae, 0x8c30, 0x9cb2, 0xa514, 0xb5b6, 0xce38, 0xd6ba, 0xe71c, 0xef5d, 0xf79e, 0xf7be, 0xffdf, 0xffdf, 0xffff, 0xffff, 0xffff, 0xffff, 0xffff, 0xffff, 0xffff, 0xffff, 0xffff, 0xffff, 0xffff, 0xffff, 0xffff, 0xffff, 0xffff, 0xffff, 0xffff, 0xffff, 0xffff, 0xffff, 0xffff, 0xffff, 0xffff, 0xffff, 0xffff, 0xffff, 0xffff, 0xffff, 0xffff, 0xffff, 0xffff, 0xffff, 0xffff, 0xffff, 0xffff, 0xffff, 0xffff, 0xffff, 0xffff, 0xffff, 0xffff, 0xffff, 0xffff, 0xffff, 0xffff, 0xffff, 0xffff, 0xffff, 0xffff, 0xffff, 0xffff, 0xffff, 0xffff, 0xffff, 0xffff, 0xffff, 0xffff, 0xffff, 0xffff, 0xffff, 0xffff, 0xffff, 0xffff, 0xffff, 0xffff, 0xffff, 0xffff, 0xffff, 0xffff, 0xffff, 0xffff, 0xffff, 0xffff, 0xffff, 0xffff, 0xffff, 0xffff, 0xffff, 0xffff, 0xffff, 0xffff, 0xffff, 0xffff, 0xffff, 0xffff, 0xffff, 0xffff, 0xffff, 0xffff, 0xffff, 0xffff, 0xffff, 0xffff, 0xffff, 0xffff, 0xffff, 0xffff, 0xffff, 0xffff, 0xffff, 0xffff, 0xffff, 0xffff, 0xffff, 0xffff, 0xffff, 0xffff, 0xffff, 0xffff, 0xffff, 0xffff, 0xffff, 0xffff, 0xffff, 0xffff, 0xffff, 0xffff, 0xffff, 0xffff, 0xffff, 0xffff, 0xffff, 0xffff, 0xffff, 0xffff, 0xffff, 0xffff, 0xffff, 0xffff, 0xffff, 0xffff, 0xffff, 0xffff, 0xffff, 0xffff, 0xffff, 0xffff, 0xffff, 0xffff, 0xffff, 0xffff, 0xffff, 0xffff, 0xffff, 0xffff, 0xffff, 0xffff, 0xffff, 0xffff, 0xffff, 0xffff, 0xffff, 0xffff, 0xffff, 0xffff, 0xffff, 0xffff, 0xffff, 0xffff, 0xffff, 0xffff, 0xffff, 0xffff, 0xffff, 0xffff, 0xffff, 0xffff, 0xffff, 0xffff, 0xffff, 0xffff, 0xffff, 0xffff, 0xffff, 0xffff, 0xffff, 0xffff, 0xffff, 0xffff, 0xef5d, 0xd699, 0xbdd6, 0xa514, 0x9492, 0x8c30, 0x7bce, 0x736d, 0x734d, 0x6b4c, 0x6b2c, 0x6b2c, 0x6b2c, 0x6b4c, 0x6b4c, 0x6b4c, 0x6b4c, 0x6b4c, 0x6b4c, 0x6b4c, 0x6b4c, 0x6b4c, 0x6b4c, 0x6b4c, 0x6b4c, 0x6b4c, 0x6b4c, 0x6b4c, 0x6b4c, 0x6b4c, 0x6b4c, 0x6b4c, 0x6b4c, 0x6b4c, 0x6b4c, 0x6b4c, 0x6b4c, 0x6b4c, 0x6b2c, 0x6b2c, 0x6b2c, 0x6b4c, 0x6b4c, 0x6b4c, 0x736d, 0x7b8e, 0x7bce, 0x83ef, 0x9471, 0xa513, 0xb596, 0xc618, 0xd69a, 0xe71c, 0xef7d, 0xffdf, 0xffdf, 0xffff, 0xffff, 0xffff, 0xffff, 0xffff, 0xffff, 0xffff, 0xffff, 0xffff, 0xffff, 0xffff, 0xffff, 0xffff, 0xffff, 0xffff, 0xffff, 0xffff, 0xffff, 0xffff, 0xffff, 0xffff, 0xffff, 0xffff, 0xffff, 0xffff, 0xffff, 0xffff, 0xffff, 0xffff, 0xffff, 0xffff, 0xffff, 0xffff, 0xffff, 0xffff, 0xffff, 0xffff, 0xffff, 0xffff, 0xffff, 0xffff, 0xffff, 0xffff, 0xffff, 0xffff, 0xffff, 0xffff, 0xffff, 0xffff, 0xffff, 0xffff, 0xffff, 0xffff, 0xffff, 0xffff, 0xffff, 0xffff, 0xffff, 0xffff, 0xffff, 0xffff, 0xffff, 0xffff, 0xffff, 0xffff, 0xffff, 0xffff, 0xffff, 0xffff, 0xffff, 0xffff, 0xffff, 0xffff, 0xffff, 0xffff, 0xffff, 0xffff, 0xffff, 0xffff, 0xffff, 0xffff, 0xffff, 0xffff, 0xffff, 0xffff, 0xffff, 0xffff, 0xffff, 0xffff, 0xffff, 0xffff, 0xffff, 0xffff, 0xffff, 0xffff, 0xffff, 0xffff, 0xffff, 0xffff, 0xffff, 0xffff, 0xffff, 0xffff, 0xffff, 0xffff, 0xffff, 0xffff, 0xffff, 0xffff, 0xffff, 0xffff, 0xffff, 0xffff, 0xffff, 0xffff, 0xffff, 0xffff, 0xffff, 0xffff, 0xffff, 0xffff, 0xffff, 0xffff, 0xffff, 0xffff, 0xffff, 0xffff, 0xffff, 0xffff, 0xffff, 0xffff, 0xffff, 0xffff, 0xffff, 0xffff, 0xffff, 0xffff, 0xffff, 0xffff, 0xffff, 0xffff, 0xffff, 0xffff, 0xffff, 0xffff, 0xffff, 0xffff, 0xffff, 0xffff, 0xffff, 0xffff, 0xffff, 0xffff, 0xffff, 0xffff, 0xffff, 0xffff, 0xffff, 0xffff, 0xffff, 0xffff, 0xffff, 0xffff, 0xffff, 0xffff, 0xffff, 0xffff, 0xffff, 0xffff, 0xffff, 0xffff, 0xffff, 0xffff, 0xffff, 0xffff, 0xffff, 0xffff, 0xffff, 0xffff, 0xffff, 0xffdf, 0xf7be, 0xf79e, 0xdeda, 0xb595, 0x9471, 0x736d, 0x6b2c, 0x6b4c, 0x6b4c, 0x6b4c, 0x6b4c, 0x6b4c, 0x6b4c, 0x6b4c, 0x6b4c, 0x6b4c, 0x6b4c, 0x6b4c, 0x6b4c, 0x6b4c, 0x6b4c, 0x6b4c, 0x6b4c, 0x6b4c, 0x6b4c, 0x6b4c, 0x6b4c, 0x6b4c, 0x6b4c, 0x6b4c, 0x6b4c, 0x6b4c, 0x6b4c, 0x6b4c, 0x6b4c, 0x6b4c, 0x6b4c, 0x6b4c, 0x6b4c, 0x6b2c, 0x6b2c, 0x6b0b, 0x6b0b, 0x6b4c, 0x738d, 0x7bce, 0x8c50, 0xa4f3, 0xb596, 0xce58, 0xdeba, 0xe71c, 0xef5d, 0xf79e, 0xf7be, 0xffdf, 0xffdf, 0xffff, 0xffff, 0xffff, 0xffff, 0xffff, 0xffff, 0xffff, 0xffff, 0xffff, 0xffff, 0xffff, 0xffff, 0xffff, 0xffff, 0xffff, 0xffff, 0xffff, 0xffff, 0xffff, 0xffff, 0xffff, 0xffff, 0xffff, 0xffff, 0xffff, 0xffff, 0xffff, 0xffff, 0xffff, 0xffff, 0xffff, 0xffff, 0xffff, 0xffff, 0xffff, 0xffff, 0xffff, 0xffff, 0xffff, 0xffff, 0xffff, 0xffff, 0xffff, 0xffff, 0xffff, 0xffff, 0xffff, 0xffff, 0xffff, 0xffff, 0xffff, 0xffff, 0xffff, 0xffff, 0xffff, 0xffff, 0xffff, 0xffff, 0xffff, 0xffff, 0xffff, 0xffff, 0xffff, 0xffff, 0xffff, 0xffff, 0xffff, 0xffff, 0xffff, 0xffff, 0xffff, 0xffff, 0xffff, 0xffff, 0xffff, 0xffff, 0xffff, 0xffff, 0xffff, 0xffff, 0xffff, 0xffff, 0xffff, 0xffff, 0xffff, 0xffff, 0xffff, 0xffff, 0xffff, 0xffff, 0xffff, 0xffff, 0xffff, 0xffff, 0xffff, 0xffff, 0xffff, 0xffff, 0xffff, 0xffff, 0xffff, 0xffff, 0xffff, 0xffff, 0xffff, 0xffff, 0xffff, 0xffff, 0xffff, 0xffff, 0xffff, 0xffff, 0xffff, 0xffff, 0xffff, 0xffff, 0xffff, 0xffff, 0xffff, 0xffff, 0xffff, 0xffff, 0xffff, 0xffff, 0xffff, 0xffff, 0xffff, 0xffff, 0xffff, 0xffff, 0xffff, 0xffff, 0xffff, 0xffff, 0xffff, 0xffff, 0xffff, 0xffff, 0xffff, 0xffff, 0xffff, 0xffff, 0xffff, 0xffff, 0xffff, 0xffff, 0xffff, 0xffff, 0xffff, 0xffff, 0xffff, 0xffff, 0xffff, 0xffff, 0xffff, 0xffff, 0xffff, 0xffff, 0xffff, 0xffff, 0xffff, 0xffff, 0xffff, 0xffff, 0xffff, 0xffff, 0xffff, 0xffff, 0xffff, 0xffff, 0xffff, 0xffff, 0xffff, 0xffff, 0xffff, 0xffff, 0xffff, 0xffff, 0xffff, 0xffff, 0xffff, 0xffff, 0xffdf, 0xf7be, 0xf79e, 0xd69a, 0xad54, 0x8c10, 0x6b0b, 0x62eb, 0x6b0b, 0x6b2c, 0x6b4c, 0x6b4c, 0x6b4c, 0x6b4c, 0x6b4c, 0x6b4c, 0x6b4c, 0x6b4c, 0x6b4c, 0x6b4c, 0x6b4c, 0x6b4c, 0x6b4c, 0x6b4c, 0x6b4c, 0x6b4c, 0x6b4c, 0x6b4c, 0x6b4c, 0x6b4c, 0x6b4c, 0x6b4c, 0x6b4c, 0x6b4c, 0x6b4c, 0x6b4c, 0x6b4c, 0x6b4c, 0x6b4c, 0x6b4c, 0x734d, 0x736d, 0x738d, 0x7bae, 0x840f, 0x9451, 0x9cd2, 0xad54, 0xbdf7, 0xd699, 0xe71c, 0xef7d, 0xf7be, 0xffdf, 0xffff, 0xffff, 0xffff, 0xffff, 0xffff, 0xffff, 0xffff, 0xffff, 0xffff, 0xffff, 0xffff, 0xffff, 0xffff, 0xffff, 0xffff, 0xffff, 0xffff, 0xffff, 0xffff, 0xffff, 0xffff, 0xffff, 0xffff, 0xffff, 0xffff, 0xffff, 0xffff, 0xffff, 0xffff, 0xffff, 0xffff, 0xffff, 0xffff, 0xffff, 0xffff, 0xffff, 0xffff, 0xffff, 0xffff, 0xffff, 0xffff, 0xffff, 0xffff, 0xffff, 0xffff, 0xffff, 0xffff, 0xffff, 0xffff, 0xffff, 0xffff, 0xffff, 0xffff, 0xffff, 0xffff, 0xffff, 0xffff, 0xffff, 0xffff, 0xffff, 0xffff, 0xffff, 0xffff, 0xffff, 0xffff, 0xffff, 0xffff, 0xffff, 0xffff, 0xffff, 0xffff, 0xffff, 0xffff, 0xffff, 0xffff, 0xffff, 0xffff, 0xffff, 0xffff, 0xffff, 0xffff, 0xffff, 0xffff, 0xffff, 0xffff, 0xffff, 0xffff, 0xffff, 0xffff, 0xffff, 0xffff, 0xffff, 0xffff, 0xffff, 0xffff, 0xffff, 0xffff, 0xffff, 0xffff, 0xffff, 0xffff, 0xffff, 0xffff, 0xffff, 0xffff, 0xffff, 0xffff, 0xffff, 0xffff, 0xffff, 0xffff, 0xffff, 0xffff, 0xffff, 0xffff, 0xffff, 0xffff, 0xffff, 0xffff, 0xffff, 0xffff, 0xffff, 0xffff, 0xffff, 0xffff, 0xffff, 0xffff, 0xffff, 0xffff, 0xffff, 0xffff, 0xffff, 0xffff, 0xffff, 0xffff, 0xffff, 0xffff, 0xffff, 0xffff, 0xffff, 0xffff, 0xffff, 0xffff, 0xffff, 0xffff, 0xffff, 0xffff, 0xffff, 0xffff, 0xffff, 0xffff, 0xffff, 0xffff, 0xffff, 0xffff, 0xffff, 0xffff, 0xffff, 0xffff, 0xffff, 0xffff, 0xffff, 0xffff, 0xffff, 0xffff, 0xffff, 0xffff, 0xffff, 0xffff, 0xffff, 0xffff, 0xffff, 0xffff, 0xffff, 0xffff, 0xffff, 0xffff, 0xffff, 0xffff, 0xffff, 0xffff, 0xffff, 0xffff, 0xffff, 0xffff, 0xffff, 0xffdf, 0xf7be, 0xf79e, 0xd6ba, 0xad55, 0x8c30, 0x6b2c, 0x630b, 0x6b2c, 0x6b2c, 0x6b4c, 0x6b4c, 0x6b4c, 0x6b4c, 0x6b4c, 0x6b4c, 0x6b4c, 0x6b4c, 0x6b4c, 0x6b4c, 0x6b4c, 0x6b4c, 0x6b4c, 0x6b4c, 0x6b4c, 0x6b4c, 0x6b4c, 0x6b4c, 0x6b4c, 0x6b4c, 0x6b4c, 0x6b4c, 0x6b4c, 0x6b4c, 0x6b4c, 0x6b4c, 0x6b4c, 0x6b4c, 0x6b4c, 0x734d, 0x7bce, 0x8c51, 0xa513, 0xbdb6, 0xc638, 0xd6ba, 0xe73c, 0xf79e, 0xf7be, 0xf7be, 0xffdf, 0xffff, 0xffff, 0xffff, 0xffff, 0xffff, 0xffff, 0xffff, 0xffff, 0xffff, 0xffff, 0xffff, 0xffff, 0xffff, 0xffff, 0xffff, 0xffff, 0xffff, 0xffff, 0xffff, 0xffff, 0xffff, 0xffff, 0xffff, 0xffff, 0xffff, 0xffff, 0xffff, 0xffff, 0xffff, 0xffff, 0xffff, 0xffff, 0xffff, 0xffff, 0xffff, 0xffff, 0xffff, 0xffff, 0xffff, 0xffff, 0xffff, 0xffff, 0xffff, 0xffff, 0xffff, 0xffff, 0xffff, 0xffff, 0xffff, 0xffff, 0xffff, 0xffff, 0xffff, 0xffff, 0xffff, 0xffff, 0xffff, 0xffff, 0xffff, 0xffff, 0xffff, 0xffff, 0xffff, 0xffff, 0xffff, 0xffff, 0xffff, 0xffff, 0xffff, 0xffff, 0xffff, 0xffff, 0xffff, 0xffff, 0xffff, 0xffff, 0xffff, 0xffff, 0xffff, 0xffff, 0xffff, 0xffff, 0xffff, 0xffff, 0xffff, 0xffff, 0xffff, 0xffff, 0xffff, 0xffff, 0xffff, 0xffff, 0xffff, 0xffff, 0xffff, 0xffff, 0xffff, 0xffff, 0xffff, 0xffff, 0xffff, 0xffff, 0xffff, 0xffff, 0xffff, 0xffff, 0xffff, 0xffff, 0xffff, 0xffff, 0xffff, 0xffff, 0xffff, 0xffff, 0xffff, 0xffff, 0xffff, 0xffff, 0xffff, 0xffff, 0xffff, 0xffff, 0xffff, 0xffff, 0xffff, 0xffff, 0xffff, 0xffff, 0xffff, 0xffff, 0xffff, 0xffff, 0xffff, 0xffff, 0xffff, 0xffff, 0xffff, 0xffff, 0xffff, 0xffff, 0xffff, 0xffff, 0xffff, 0xffff, 0xffff, 0xffff, 0xffff, 0xffff, 0xffff, 0xffff, 0xffff, 0xffff, 0xffff, 0xffff, 0xffff, 0xffff, 0xffff, 0xffff, 0xffff, 0xffff, 0xffff, 0xffff, 0xffff, 0xffff, 0xffff, 0xffff, 0xffff, 0xffff, 0xffff, 0xffff, 0xffff, 0xffff, 0xffff, 0xffff, 0xffff, 0xffff, 0xffff, 0xffff, 0xffff, 0xffff, 0xffff, 0xffff, 0xffff, 0xffff, 0xffff, 0xffff, 0xffff, 0xffff, 0xffff, 0xffdf, 0xf7be, 0xf79e, 0xd6ba, 0xad55, 0x8c30, 0x6b2c, 0x630b, 0x6b2c, 0x6b2c, 0x6b4c, 0x6b4c, 0x6b4c, 0x6b4c, 0x6b4c, 0x6b4c, 0x6b4c, 0x6b4c, 0x6b4c, 0x6b4c, 0x6b4c, 0x6b4c, 0x6b4c, 0x6b4c, 0x6b4c, 0x6b4c, 0x6b4c, 0x6b4c, 0x6b4c, 0x6b4c, 0x6b4c, 0x6b4c, 0x6b4c, 0x6b4c, 0x6b4c, 0x6b4c, 0x736d, 0x738d, 0x7bce, 0x840f, 0x9491, 0xa514, 0xbdf7, 0xd69a, 0xdefb, 0xef5d, 0xf7be, 0xffff, 0xffff, 0xffff, 0xffff, 0xffff, 0xffff, 0xffff, 0xffff, 0xffff, 0xffff, 0xffff, 0xffff, 0xffff, 0xffff, 0xffff, 0xffff, 0xffff, 0xffff, 0xffff, 0xffff, 0xffff, 0xffff, 0xffff, 0xffff, 0xffff, 0xffff, 0xffff, 0xffff, 0xffff, 0xffff, 0xffff, 0xffff, 0xffff, 0xffff, 0xffff, 0xffff, 0xffff, 0xffff, 0xffff, 0xffff, 0xffff, 0xffff, 0xffff, 0xffff, 0xffff, 0xffff, 0xffff, 0xffff, 0xffff, 0xffff, 0xffff, 0xffff, 0xffff, 0xffff, 0xffff, 0xffff, 0xffff, 0xffff, 0xffff, 0xffff, 0xffff, 0xffff, 0xffff, 0xffff, 0xffff, 0xffff, 0xffff, 0xffff, 0xffff, 0xffff, 0xffff, 0xffff, 0xffff, 0xffff, 0xffff, 0xffff, 0xffff, 0xffff, 0xffff, 0xffff, 0xffff, 0xffff, 0xffff, 0xffff, 0xffff, 0xffff, 0xffff, 0xffff, 0xffff, 0xffff, 0xffff, 0xffff, 0xffff, 0xffff, 0xffff, 0xffff, 0xffff, 0xffff, 0xffff, 0xffff, 0xffff, 0xffff, 0xffff, 0xffff, 0xffff, 0xffff, 0xffff, 0xffff, 0xffff, 0xffff, 0xffff, 0xffff, 0xffff, 0xffff, 0xffff, 0xffff, 0xffff, 0xffff, 0xffff, 0xffff, 0xffff, 0xffff, 0xffff, 0xffff, 0xffff, 0xffff, 0xffff, 0xffff, 0xffff, 0xffff, 0xffff, 0xffff, 0xffff, 0xffff, 0xffff, 0xffff, 0xffff, 0xffff, 0xffff, 0xffff, 0xffff, 0xffff, 0xffff, 0xffff, 0xffff, 0xffff, 0xffff, 0xffff, 0xffff, 0xffff, 0xffff, 0xffff, 0xffff, 0xffff, 0xffff, 0xffff, 0xffff, 0xffff, 0xffff, 0xffff, 0xffff, 0xffff, 0xffff, 0xffff, 0xffff, 0xffff, 0xffff, 0xffff, 0xffff, 0xffff, 0xffff, 0xffff, 0xffff, 0xffff, 0xffff, 0xffff, 0xffff, 0xffff, 0xffff, 0xffff, 0xffff, 0xffff, 0xffff, 0xffff, 0xffff, 0xffff, 0xffff, 0xffff, 0xffff, 0xffff, 0xffff, 0xffff, 0xffff, 0xffdf, 0xf7be, 0xf79e, 0xd6ba, 0xad55, 0x8c30, 0x6b2c, 0x630b, 0x6b2c, 0x6b2c, 0x6b4c, 0x6b4c, 0x6b4c, 0x6b4c, 0x6b4c, 0x6b4c, 0x6b4c, 0x6b4c, 0x6b4c, 0x6b4c, 0x6b4c, 0x6b4c, 0x6b4c, 0x6b4c, 0x6b4c, 0x6b4c, 0x6b4c, 0x6b4c, 0x6b4c, 0x6b4c, 0x6b4c, 0x6b4c, 0x6b4c, 0x6b4c, 0x6b4c, 0x6b4c, 0x7bae, 0x8410, 0x9cf3, 0xb5b6, 0xc638, 0xd6ba, 0xef5d, 0xf7be, 0xffdf, 0xffff, 0xffff, 0xffff, 0xffff, 0xffff, 0xffff, 0xffff, 0xffff, 0xffff, 0xffff, 0xffff, 0xffff, 0xffff, 0xffff, 0xffff, 0xffff, 0xffff, 0xffff, 0xffff, 0xffff, 0xffff, 0xffff, 0xffff, 0xffff, 0xffff, 0xffff, 0xffff, 0xffff, 0xffff, 0xffff, 0xffff, 0xffff, 0xffff, 0xffff, 0xffff, 0xffff, 0xffff, 0xffff, 0xffff, 0xffff, 0xffff, 0xffff, 0xffff, 0xffff, 0xffff, 0xffff, 0xffff, 0xffff, 0xffff, 0xffff, 0xffff, 0xffff, 0xffff, 0xffff, 0xffff, 0xffff, 0xffff, 0xffff, 0xffff, 0xffff, 0xffff, 0xffff, 0xffff, 0xffff, 0xffff, 0xffff, 0xffff, 0xffff, 0xffff, 0xffff, 0xffff, 0xffff, 0xffff, 0xffff, 0xffff, 0xffff, 0xffff, 0xffff, 0xffff, 0xffff, 0xffff, 0xffff, 0xffff, 0xffff, 0xffff, 0xffff, 0xffff, 0xffff, 0xffff, 0xffff, 0xffff, 0xffff, 0xffff, 0xffff, 0xffff, 0xffff, 0xffff, 0xffff, 0xffff, 0xffff, 0xffff, 0xffff, 0xffff, 0xffff, 0xffff, 0xffff, 0xffff, 0xffff, 0xffff, 0xffff, 0xffff, 0xffff, 0xffff, 0xffff, 0xffff, 0xffff, 0xffff, 0xffff, 0xffff, 0xffff, 0xffff, 0xffff, 0xffff, 0xffff, 0xffff, 0xffff, 0xffff, 0xffff, 0xffff, 0xffff, 0xffff, 0xffff, 0xffff, 0xffff, 0xffff, 0xffff, 0xffff, 0xffff, 0xffff, 0xffff, 0xffff, 0xffff, 0xffff, 0xffff, 0xffff, 0xffff, 0xffff, 0xffff, 0xffff, 0xffff, 0xffff, 0xffff, 0xffff, 0xffff, 0xffff, 0xffff, 0xffff, 0xffff, 0xffff, 0xffff, 0xffff, 0xffff, 0xffff, 0xffff, 0xffff, 0xffff, 0xffff, 0xffff, 0xffff, 0xffff, 0xffff, 0xffff, 0xffff, 0xffff, 0xffff, 0xffff, 0xffff, 0xffff, 0xffff, 0xffff, 0xffff, 0xffff, 0xffff, 0xffff, 0xffff, 0xffff, 0xffff, 0xffff, 0xffff, 0xffff, 0xffff, 0xffff, 0xffff, 0xffff, 0xffff, 0xffdf, 0xf7be, 0xf79e, 0xd6ba, 0xad55, 0x8c30, 0x6b2c, 0x630b, 0x6b2c, 0x6b2c, 0x6b4c, 0x6b4c, 0x6b4c, 0x6b4c, 0x6b4c, 0x6b4c, 0x6b4c, 0x6b4c, 0x6b4c, 0x6b4c, 0x6b4c, 0x6b4c, 0x6b4c, 0x6b4c, 0x6b4c, 0x6b4c, 0x6b4c, 0x6b4c, 0x6b4c, 0x6b4c, 0x6b4c, 0x6b4c, 0x6b4c, 0x6b4c, 0x6b4c, 0x6b4c, 0x7b8d, 0x83ef, 0x9471, 0xa514, 0xb595, 0xc618, 0xd6ba, 0xe73c, 0xef7d, 0xf79e, 0xffdf, 0xffff, 0xffff, 0xffff, 0xffff, 0xffff, 0xffff, 0xffff, 0xffff, 0xffff, 0xffff, 0xffff, 0xffff, 0xffff, 0xffff, 0xffff, 0xffff, 0xffff, 0xffff, 0xffff, 0xffff, 0xffff, 0xffff, 0xffff, 0xffff, 0xffff, 0xffff, 0xffff, 0xffff, 0xffff, 0xffff, 0xffff, 0xffff, 0xffff, 0xffff, 0xffff, 0xffff, 0xffff, 0xffff, 0xffff, 0xffff, 0xffff, 0xffff, 0xffff, 0xffff, 0xffff, 0xffff, 0xffff, 0xffff, 0xffff, 0xffff, 0xffff, 0xffff, 0xffff, 0xffff, 0xffff, 0xffff, 0xffff, 0xffff, 0xffff, 0xffff, 0xffff, 0xffff, 0xffff, 0xffff, 0xffff, 0xffff, 0xffff, 0xffff, 0xffff, 0xffff, 0xffff, 0xffff, 0xffff, 0xffff, 0xffff, 0xffff, 0xffff, 0xffff, 0xffff, 0xffff, 0xffff, 0xffff, 0xffff, 0xffff, 0xffff, 0xffff, 0xffff, 0xffff, 0xffff, 0xffff, 0xffff, 0xffff, 0xffff, 0xffff, 0xffff, 0xffff, 0xffff, 0xffff, 0xffff, 0xffff, 0xffff, 0xffff, 0xffff, 0xffff, 0xffff, 0xffff, 0xffff, 0xffff, 0xffff, 0xffff, 0xffff, 0xffff, 0xffff, 0xffff, 0xffff, 0xffff, 0xffff, 0xffff, 0xffff, 0xffff, 0xffff, 0xffff, 0xffff, 0xffff, 0xffff, 0xffff, 0xffff, 0xffff, 0xffff, 0xffff, 0xffff, 0xffff, 0xffff, 0xffff, 0xffff, 0xffff, 0xffff, 0xffff, 0xffff, 0xffff, 0xffff, 0xffff, 0xffff, 0xffff, 0xffff, 0xffff, 0xffff, 0xffff, 0xffff, 0xffff, 0xffff, 0xffff, 0xffff, 0xffff, 0xffff, 0xffff, 0xffff, 0xffff, 0xffff, 0xffff, 0xffff, 0xffff, 0xffff, 0xffff, 0xffff, 0xffff, 0xffff, 0xffff, 0xffff, 0xffff, 0xffff, 0xffff, 0xffff, 0xffff, 0xffff, 0xffff, 0xffff, 0xffff, 0xffff, 0xffff, 0xffff, 0xffff, 0xffff, 0xffff, 0xffff, 0xffff, 0xffff, 0xffff, 0xffff, 0xffff, 0xffff, 0xffff, 0xffff, 0xffdf, 0xf7be, 0xf79e, 0xd6ba, 0xad55, 0x8c30, 0x6b2c, 0x630b, 0x6b2c, 0x6b2c, 0x6b4c, 0x6b4c, 0x6b4c, 0x6b4c, 0x6b4c, 0x6b4c, 0x6b4c, 0x6b4c, 0x6b4c, 0x6b4c, 0x6b4c, 0x6b4c, 0x6b4c, 0x6b4c, 0x6b4c, 0x6b4c, 0x6b4c, 0x6b4c, 0x6b4c, 0x6b4c, 0x6b4c, 0x6b4c, 0x6b4c, 0x6b4c, 0x6b4c, 0x6b4c, 0x6b4c, 0x734c, 0x734d, 0x736d, 0x83ef, 0x9471, 0xa513, 0xbdb6, 0xce59, 0xdefb, 0xf79e, 0xffff, 0xffff, 0xffff, 0xffff, 0xffff, 0xffff, 0xffff, 0xffff, 0xffff, 0xffff, 0xffff, 0xffff, 0xffff, 0xffff, 0xffff, 0xffff, 0xffff, 0xffff, 0xffff, 0xffff, 0xffff, 0xffff, 0xffff, 0xffff, 0xffff, 0xffff, 0xffff, 0xffff, 0xffff, 0xffff, 0xffff, 0xffff, 0xffff, 0xffff, 0xffff, 0xffff, 0xffff, 0xffff, 0xffff, 0xffff, 0xffff, 0xffff, 0xffff, 0xffff, 0xffff, 0xffff, 0xffff, 0xffff, 0xffff, 0xffff, 0xffff, 0xffff, 0xffff, 0xffff, 0xffff, 0xffff, 0xffff, 0xffff, 0xffff, 0xffff, 0xffff, 0xffff, 0xffff, 0xffff, 0xffff, 0xffff, 0xffff, 0xffff, 0xffff, 0xffff, 0xffff, 0xffff, 0xffff, 0xffff, 0xffff, 0xffff, 0xffff, 0xffff, 0xffff, 0xffff, 0xffff, 0xffff, 0xffff, 0xffff, 0xffff, 0xffff, 0xffff, 0xffff, 0xffff, 0xffff, 0xffff, 0xffff, 0xffff, 0xffff, 0xffff, 0xffff, 0xffff, 0xffff, 0xffff, 0xffff, 0xffff, 0xffff, 0xffff, 0xffff, 0xffff, 0xffff, 0xffff, 0xffff, 0xffff, 0xffff, 0xffff, 0xffff, 0xffff, 0xffff, 0xffff, 0xffff, 0xffff, 0xffff, 0xffff, 0xffff, 0xffff, 0xffff, 0xffff, 0xffff, 0xffff, 0xffff, 0xffff, 0xffff, 0xffff, 0xffff, 0xffff, 0xffff, 0xffff, 0xffff, 0xffff, 0xffff, 0xffff, 0xffff, 0xffff, 0xffff, 0xffff, 0xffff, 0xffff, 0xffff, 0xffff, 0xffff, 0xffff, 0xffff, 0xffff, 0xffff, 0xffff, 0xffff, 0xffff, 0xffff, 0xffff, 0xffff, 0xffff, 0xffff, 0xffff, 0xffff, 0xffff, 0xffff, 0xffff, 0xffff, 0xffff, 0xffff, 0xffff, 0xffff, 0xffff, 0xffff, 0xffff, 0xffff, 0xffff, 0xffff, 0xffff, 0xffff, 0xffff, 0xffff, 0xffff, 0xffff, 0xffff, 0xffff, 0xffff, 0xffff, 0xffff, 0xffff, 0xffff, 0xffff, 0xffff, 0xffff, 0xffff, 0xffff, 0xffff, 0xffdf, 0xf7be, 0xf79e, 0xd6ba, 0xad55, 0x8c30, 0x6b2c, 0x62eb, 0x6b0b, 0x6b2c, 0x6b2c, 0x6b4c, 0x6b4c, 0x6b4c, 0x6b4c, 0x6b4c, 0x6b4c, 0x6b4c, 0x6b4c, 0x6b4c, 0x6b4c, 0x6b4c, 0x6b4c, 0x6b4c, 0x6b4c, 0x6b4c, 0x6b4c, 0x6b4c, 0x6b4c, 0x6b4c, 0x6b4c, 0x6b4c, 0x6b4c, 0x6b4c, 0x6b4c, 0x6b4c, 0x6b4c, 0x6b4c, 0x6b4c, 0x734c, 0x738d, 0x83cf, 0x8c50, 0x9cb2, 0xa534, 0xb596, 0xc618, 0xd699, 0xdedb, 0xe71c, 0xef5d, 0xf79e, 0xf7be, 0xffdf, 0xffff, 0xffff, 0xffff, 0xffff, 0xffff, 0xffff, 0xffff, 0xffff, 0xffff, 0xffff, 0xffff, 0xffff, 0xffff, 0xffff, 0xffff, 0xffff, 0xffff, 0xffff, 0xffff, 0xffff, 0xffff, 0xffff, 0xffff, 0xffff, 0xffff, 0xffff, 0xffff, 0xffff, 0xffff, 0xffff, 0xffff, 0xffff, 0xffff, 0xffff, 0xffff, 0xffff, 0xffff, 0xffff, 0xffff, 0xffff, 0xffff, 0xffff, 0xffff, 0xffff, 0xffff, 0xffff, 0xffff, 0xffff, 0xffff, 0xffff, 0xffff, 0xffff, 0xffff, 0xffff, 0xffff, 0xffff, 0xffff, 0xffff, 0xffff, 0xffff, 0xffff, 0xffff, 0xffff, 0xffff, 0xffff, 0xffff, 0xffff, 0xffff, 0xffff, 0xffff, 0xffff, 0xffff, 0xffff, 0xffff, 0xffff, 0xffff, 0xffff, 0xffff, 0xffff, 0xffff, 0xffff, 0xffff, 0xffff, 0xffff, 0xffff, 0xffff, 0xffff, 0xffff, 0xffff, 0xffff, 0xffff, 0xffff, 0xffff, 0xffff, 0xffff, 0xffff, 0xffff, 0xffff, 0xffff, 0xffff, 0xffff, 0xffff, 0xffff, 0xffff, 0xffff, 0xffff, 0xffff, 0xffff, 0xffff, 0xffff, 0xffff, 0xffff, 0xffff, 0xffff, 0xffff, 0xffff, 0xffff, 0xffff, 0xffff, 0xffff, 0xffff, 0xffff, 0xffff, 0xffff, 0xffff, 0xffff, 0xffff, 0xffff, 0xffff, 0xffff, 0xffff, 0xffff, 0xffff, 0xffff, 0xffff, 0xffff, 0xffff, 0xffff, 0xffff, 0xffff, 0xffff, 0xffff, 0xffff, 0xffff, 0xffff, 0xffff, 0xffff, 0xffff, 0xffff, 0xffff, 0xffff, 0xffff, 0xffff, 0xffff, 0xffff, 0xffff, 0xffff, 0xffff, 0xffff, 0xffff, 0xffff, 0xffff, 0xffff, 0xffff, 0xffff, 0xffff, 0xffff, 0xffff, 0xffff, 0xffff, 0xffff, 0xffff, 0xffff, 0xffff, 0xffff, 0xffff, 0xffff, 0xffff, 0xffff, 0xffff, 0xffff, 0xffff, 0xffff, 0xffff, 0xffff, 0xffff, 0xffdf, 0xf7be, 0xf79e, 0xdeba, 0xad54, 0x8c10, 0x62eb, 0x62ca, 0x62eb, 0x6b0b, 0x6b2c, 0x6b2c, 0x6b4c, 0x6b4c, 0x6b4c, 0x6b4c, 0x6b4c, 0x6b4c, 0x6b4c, 0x6b4c, 0x6b4c, 0x6b4c, 0x6b4c, 0x6b4c, 0x6b4c, 0x6b4c, 0x6b4c, 0x6b4c, 0x6b4c, 0x6b4c, 0x6b4c, 0x6b4c, 0x6b4c, 0x6b4c, 0x6b4c, 0x6b4c, 0x6b4c, 0x6b4c, 0x6b4c, 0x6b4c, 0x6b2c, 0x6b2c, 0x6b2c, 0x6b2c, 0x6b2c, 0x734d, 0x738d, 0x83ef, 0x9cb2, 0xb575, 0xce38, 0xdeda, 0xe73c, 0xf79e, 0xffff, 0xffff, 0xffff, 0xffff, 0xffff, 0xffff, 0xffff, 0xffff, 0xffff, 0xffff, 0xffff, 0xffff, 0xffff, 0xffff, 0xffff, 0xffff, 0xffff, 0xffff, 0xffff, 0xffff, 0xffff, 0xffff, 0xffff, 0xffff, 0xffff, 0xffff, 0xffff, 0xffff, 0xffff, 0xffff, 0xffff, 0xffff, 0xffff, 0xffff, 0xffff, 0xffff, 0xffff, 0xffff, 0xffff, 0xffff, 0xffff, 0xffff, 0xffff, 0xffff, 0xffff, 0xffff, 0xffff, 0xffff, 0xffff, 0xffff, 0xffff, 0xffff, 0xffff, 0xffff, 0xffff, 0xffff, 0xffff, 0xffff, 0xffff, 0xffff, 0xffff, 0xffff, 0xffff, 0xffff, 0xffff, 0xffff, 0xffff, 0xffff, 0xffff, 0xffff, 0xffff, 0xffff, 0xffff, 0xffff, 0xffff, 0xffff, 0xffff, 0xffff, 0xffff, 0xffff, 0xffff, 0xffff, 0xffff, 0xffff, 0xffff, 0xffff, 0xffff, 0xffff, 0xffff, 0xffff, 0xffff, 0xffff, 0xffff, 0xffff, 0xffff, 0xffff, 0xffff, 0xffff, 0xffff, 0xffff, 0xffff, 0xffff, 0xffff, 0xffff, 0xffff, 0xffff, 0xffff, 0xffff, 0xffff, 0xffff, 0xffff, 0xffff, 0xffff, 0xffff, 0xffff, 0xffff, 0xffff, 0xffff, 0xffff, 0xffff, 0xffff, 0xffff, 0xffff, 0xffff, 0xffff, 0xffff, 0xffff, 0xffff, 0xffff, 0xffff, 0xffff, 0xffff, 0xffff, 0xffff, 0xffff, 0xffff, 0xffff, 0xffff, 0xffff, 0xffff, 0xffff, 0xffff, 0xffff, 0xffff, 0xffff, 0xffff, 0xffff, 0xffff, 0xffff, 0xffff, 0xffff, 0xffff, 0xffff, 0xffff, 0xffff, 0xffff, 0xffff, 0xffff, 0xffff, 0xffff, 0xffff, 0xffff, 0xffff, 0xffff, 0xffff, 0xffff, 0xffff, 0xffff, 0xffff, 0xffff, 0xffff, 0xffff, 0xffff, 0xffff, 0xffff, 0xffff, 0xffff, 0xffff, 0xffff, 0xffff, 0xffff, 0xffff, 0xffff, 0xffff, 0xffff, 0xffff, 0xffdf, 0xffdf, 0xffbe, 0xe71c, 0xc618, 0xad34, 0x9471, 0x840f, 0x7bce, 0x7b8e, 0x736d, 0x734d, 0x6b4c, 0x6b2c, 0x6b2c, 0x6b2c, 0x6b4c, 0x6b4c, 0x6b4c, 0x6b4c, 0x6b4c, 0x6b4c, 0x6b4c, 0x6b4c, 0x6b4c, 0x6b4c, 0x6b4c, 0x6b4c, 0x6b4c, 0x6b4c, 0x6b4c, 0x6b4c, 0x6b4c, 0x6b4c, 0x6b4c, 0x6b4c, 0x6b4c, 0x6b4c, 0x6b4c, 0x6b4c, 0x6b2c, 0x6b2c, 0x6b2c, 0x6b2c, 0x6b2c, 0x6b4c, 0x734d, 0x7b8e, 0x840f, 0x9491, 0xa4f3, 0xad75, 0xbdd7, 0xce58, 0xd6ba, 0xe6fb, 0xef5d, 0xf79e, 0xffdf, 0xffdf, 0xffff, 0xffff, 0xffff, 0xffff, 0xffff, 0xffff, 0xffff, 0xffff, 0xffff, 0xffff, 0xffff, 0xffff, 0xffff, 0xffff, 0xffff, 0xffff, 0xffff, 0xffff, 0xffff, 0xffff, 0xffff, 0xffff, 0xffff, 0xffff, 0xffff, 0xffff, 0xffff, 0xffff, 0xffff, 0xffff, 0xffff, 0xffff, 0xffff, 0xffff, 0xffff, 0xffff, 0xffff, 0xffff, 0xffff, 0xffff, 0xffff, 0xffff, 0xffff, 0xffff, 0xffff, 0xffff, 0xffff, 0xffff, 0xffff, 0xffff, 0xffff, 0xffff, 0xffff, 0xffff, 0xffff, 0xffff, 0xffff, 0xffff, 0xffff, 0xffff, 0xffff, 0xffff, 0xffff, 0xffff, 0xffff, 0xffff, 0xffff, 0xffff, 0xffff, 0xffff, 0xffff, 0xffff, 0xffff, 0xffff, 0xffff, 0xffff, 0xffff, 0xffff, 0xffff, 0xffff, 0xffff, 0xffff, 0xffff, 0xffff, 0xffff, 0xffff, 0xffff, 0xffff, 0xffff, 0xffff, 0xffff, 0xffff, 0xffff, 0xffff, 0xffff, 0xffff, 0xffff, 0xffff, 0xffff, 0xffff, 0xffff, 0xffff, 0xffff, 0xffff, 0xffff, 0xffff, 0xffff, 0xffff, 0xffff, 0xffff, 0xffff, 0xffff, 0xffff, 0xffff, 0xffff, 0xffff, 0xffff, 0xffff, 0xffff, 0xffff, 0xffff, 0xffff, 0xffff, 0xffff, 0xffff, 0xffff, 0xffff, 0xffff, 0xffff, 0xffff, 0xffff, 0xffff, 0xffff, 0xffff, 0xffff, 0xffff, 0xffff, 0xffff, 0xffff, 0xffff, 0xffff, 0xffff, 0xffff, 0xffff, 0xffff, 0xffff, 0xffff, 0xffff, 0xffff, 0xffff, 0xffff, 0xffff, 0xffff, 0xffff, 0xffff, 0xffff, 0xffff, 0xffff, 0xffff, 0xffff, 0xffff, 0xffff, 0xffff, 0xffff, 0xffff, 0xffff, 0xffff, 0xffff, 0xffff, 0xffff, 0xffff, 0xffff, 0xffff, 0xffff, 0xffff, 0xffff, 0xffff, 0xffff, 0xffff, 0xffff, 0xffff, 0xffff, 0xffff, 0xf7be, 0xef5d, 0xdefb, 0xd69a, 0xbdd7, 0xa4f3, 0x9471, 0x7bce, 0x738d, 0x6b4c, 0x6b2c, 0x6b0b, 0x6b0c, 0x6b2c, 0x6b2c, 0x6b4c, 0x6b4c, 0x6b4c, 0x6b4c, 0x6b4c, 0x6b4c, 0x6b4c, 0x6b4c, 0x6b4c, 0x6b4c, 0x6b4c, 0x6b4c, 0x6b4c, 0x6b4c, 0x6b4c, 0x6b4c, 0x6b4c, 0x6b4c, 0x6b4c, 0x6b4c, 0x6b4c, 0x6b4c, 0x6b4c, 0x6b4c, 0x6b4c, 0x6b4c, 0x6b4c, 0x6b4c, 0x6b4c, 0x6b4c, 0x6b2c, 0x6b2c, 0x6b0b, 0x736d, 0x83ef, 0x8c51, 0x9cd2, 0xb595, 0xce59, 0xdefb, 0xef7d, 0xf7be, 0xffdf, 0xffff, 0xffff, 0xffff, 0xffff, 0xffff, 0xffff, 0xffff, 0xffff, 0xffff, 0xffff, 0xffff, 0xffff, 0xffff, 0xffff, 0xffff, 0xffff, 0xffff, 0xffff, 0xffff, 0xffff, 0xffff, 0xffff, 0xffff, 0xffff, 0xffff, 0xffff, 0xffff, 0xffff, 0xffff, 0xffff, 0xffff, 0xffff, 0xffff, 0xffff, 0xffff, 0xffff, 0xffff, 0xffff, 0xffff, 0xffff, 0xffff, 0xffff, 0xffff, 0xffff, 0xffff, 0xffff, 0xffff, 0xffff, 0xffff, 0xffff, 0xffff, 0xffff, 0xffff, 0xffff, 0xffff, 0xffff, 0xffff, 0xffff, 0xffff, 0xffff, 0xffff, 0xffff, 0xffff, 0xffff, 0xffff, 0xffff, 0xffff, 0xffff, 0xffff, 0xffff, 0xffff, 0xffff, 0xffff, 0xffff, 0xffff, 0xffff, 0xffff, 0xffff, 0xffff, 0xffff, 0xffff, 0xffff, 0xffff, 0xffff, 0xffff, 0xffff, 0xffff, 0xffff, 0xffff, 0xffff, 0xffff, 0xffff, 0xffff, 0xffff, 0xffff, 0xffff, 0xffff, 0xffff, 0xffff, 0xffff, 0xffff, 0xffff, 0xffff, 0xffff, 0xffff, 0xffff, 0xffff, 0xffff, 0xffff, 0xffff, 0xffff, 0xffff, 0xffff, 0xffff, 0xffff, 0xffff, 0xffff, 0xffff, 0xffff, 0xffff, 0xffff, 0xffff, 0xffff, 0xffff, 0xffff, 0xffff, 0xffff, 0xffff, 0xffff, 0xffff, 0xffff, 0xffff, 0xffff, 0xffff, 0xffff, 0xffff, 0xffff, 0xffff, 0xffff, 0xffff, 0xffff, 0xffff, 0xffff, 0xffff, 0xffff, 0xffff, 0xffff, 0xffff, 0xffff, 0xffff, 0xffff, 0xffff, 0xffff, 0xffff, 0xffff, 0xffff, 0xffff, 0xffff, 0xffff, 0xffff, 0xffff, 0xffff, 0xffff, 0xffff, 0xffff, 0xffff, 0xffff, 0xffff, 0xffff, 0xffff, 0xffff, 0xffff, 0xffff, 0xffff, 0xffff, 0xffff, 0xffff, 0xffff, 0xffff, 0xffff, 0xffff, 0xffff, 0xffdf, 0xf79e, 0xef7d, 0xe73c, 0xdeda, 0xce38, 0xbdd7, 0xb575, 0xa513, 0x9492, 0x8c51, 0x840f, 0x7bae, 0x736d, 0x6b4c, 0x6b2c, 0x6b2c, 0x6b2c, 0x6b2c, 0x6b2c, 0x6b4c, 0x6b4c, 0x6b4c, 0x6b4c, 0x6b4c, 0x6b4c, 0x6b4c, 0x6b4c, 0x6b4c, 0x6b4c, 0x6b4c, 0x6b4c, 0x6b4c, 0x6b4c, 0x6b4c, 0x6b4c, 0x6b4c, 0x6b4c, 0x6b4c, 0x6b4c, 0x6b4c, 0x6b4c, 0x6b4c, 0x6b4c, 0x6b4c, 0x6b2c, 0x6b2c, 0x6b2c, 0x6b4c, 0x738d, 0x7bce, 0x83ef, 0x9471, 0xa4f3, 0xb575, 0xbdd7, 0xce38, 0xd6ba, 0xdefb, 0xe73c, 0xf77d, 0xf7be, 0xffdf, 0xffff, 0xffff, 0xffff, 0xffff, 0xffff, 0xffff, 0xffff, 0xffff, 0xffff, 0xffff, 0xffff, 0xffff, 0xffff, 0xffff, 0xffff, 0xffff, 0xffff, 0xffff, 0xffff, 0xffff, 0xffff, 0xffff, 0xffff, 0xffff, 0xffff, 0xffff, 0xffff, 0xffff, 0xffff, 0xffff, 0xffff, 0xffff, 0xffff, 0xffff, 0xffff, 0xffff, 0xffff, 0xffff, 0xffff, 0xffff, 0xffff, 0xffff, 0xffff, 0xffff, 0xffff, 0xffff, 0xffff, 0xffff, 0xffff, 0xffff, 0xffff, 0xffff, 0xffff, 0xffff, 0xffff, 0xffff, 0xffff, 0xffff, 0xffff, 0xffff, 0xffff, 0xffff, 0xffff, 0xffff, 0xffff, 0xffff, 0xffff, 0xffff, 0xffff, 0xffff, 0xffff, 0xffff, 0xffff, 0xffff, 0xffff, 0xffff, 0xffff, 0xffff, 0xffff, 0xffff, 0xffff, 0xffff, 0xffff, 0xffff, 0xffff, 0xffff, 0xffff, 0xffff, 0xffff, 0xffff, 0xffff, 0xffff, 0xffff, 0xffff, 0xffff, 0xffff, 0xffff, 0xffff, 0xffff, 0xffff, 0xffff, 0xffff, 0xffff, 0xffff, 0xffff, 0xffff, 0xffff, 0xffff, 0xffff, 0xffff, 0xffff, 0xffff, 0xffff, 0xffff, 0xffff, 0xffff, 0xffff, 0xffff, 0xffff, 0xffff, 0xffff, 0xffff, 0xffff, 0xffff, 0xffff, 0xffff, 0xffff, 0xffff, 0xffff, 0xffff, 0xffff, 0xffff, 0xffff, 0xffff, 0xffff, 0xffff, 0xffff, 0xffff, 0xffff, 0xffff, 0xffff, 0xffff, 0xffff, 0xffff, 0xffff, 0xffff, 0xffff, 0xffff, 0xffff, 0xffff, 0xffff, 0xffff, 0xffff, 0xffff, 0xffff, 0xffff, 0xffff, 0xffff, 0xffff, 0xffff, 0xffff, 0xffff, 0xffff, 0xffff, 0xffff, 0xffff, 0xffff, 0xffff, 0xffff, 0xffff, 0xffff, 0xffff, 0xffff, 0xffff, 0xffff, 0xffff, 0xffff, 0xffff, 0xffff, 0xffff, 0xffff, 0xffff, 0xffdf, 0xf7be, 0xf79e, 0xdefb, 0xce38, 0xbdd6, 0xad54, 0x9471, 0x7bae, 0x734d, 0x6b0b, 0x6b0b, 0x6b2c, 0x6b2c, 0x6b2c, 0x6b2c, 0x6b4c, 0x6b4c, 0x6b4c, 0x6b4c, 0x6b4c, 0x6b4c, 0x6b4c, 0x6b4c, 0x6b4c, 0x6b4c, 0x6b4c, 0x6b4c, 0x6b4c, 0x6b4c, 0x6b4c, 0x6b4c, 0x6b4c, 0x6b4c, 0x6b4c, 0x6b4c, 0x6b4c, 0x6b4c, 0x6b4c, 0x6b4c, 0x6b4c, 0x6b4c, 0x6b4c, 0x6b2c, 0x6b2c, 0x6b0c, 0x6b0b, 0x6b2c, 0x736d, 0x7b8d, 0x7bae, 0x9471, 0xad54, 0xbdd6, 0xce58, 0xdefb, 0xef7d, 0xffbe, 0xffff, 0xffff, 0xffff, 0xffff, 0xffff, 0xffff, 0xffff, 0xffff, 0xffff, 0xffff, 0xffff, 0xffff, 0xffff, 0xffff, 0xffff, 0xffff, 0xffff, 0xffff, 0xffff, 0xffff, 0xffff, 0xffff, 0xffff, 0xffff, 0xffff, 0xffff, 0xffff, 0xffff, 0xffff, 0xffff, 0xffff, 0xffff, 0xffff, 0xffff, 0xffff, 0xffff, 0xffff, 0xffff, 0xffff, 0xffff, 0xffff, 0xffff, 0xffff, 0xffff, 0xffff, 0xffff, 0xffff, 0xffff, 0xffff, 0xffff, 0xffff, 0xffff, 0xffff, 0xffff, 0xffff, 0xffff, 0xffff, 0xffff, 0xffff, 0xffff, 0xffff, 0xffff, 0xffff, 0xffff, 0xffff, 0xffff, 0xffff, 0xffff, 0xffff, 0xffff, 0xffff, 0xffff, 0xffff, 0xffff, 0xffff, 0xffff, 0xffff, 0xffff, 0xffff, 0xffff, 0xffff, 0xffff, 0xffff, 0xffff, 0xffff, 0xffff, 0xffff, 0xffff, 0xffff, 0xffff, 0xffff, 0xffff, 0xffff, 0xffff, 0xffff, 0xffff, 0xffff, 0xffff, 0xffff, 0xffff, 0xffff, 0xffff, 0xffff, 0xffff, 0xffff, 0xffff, 0xffff, 0xffff, 0xffff, 0xffff, 0xffff, 0xffff, 0xffff, 0xffff, 0xffff, 0xffff, 0xffff, 0xffff, 0xffff, 0xffff, 0xffff, 0xffff, 0xffff, 0xffff, 0xffff, 0xffff, 0xffff, 0xffff, 0xffff, 0xffff, 0xffff, 0xffff, 0xffff, 0xffff, 0xffff, 0xffff, 0xffff, 0xffff, 0xffff, 0xffff, 0xffff, 0xffff, 0xffff, 0xffff, 0xffff, 0xffff, 0xffff, 0xffff, 0xffff, 0xffff, 0xffff, 0xffff, 0xffff, 0xffff, 0xffff, 0xffff, 0xffff, 0xffff, 0xffff, 0xffff, 0xffff, 0xffff, 0xffff, 0xffff, 0xffff, 0xffff, 0xffff, 0xffff, 0xffff, 0xffff, 0xffff, 0xffff, 0xffff, 0xffff, 0xffff, 0xffff, 0xffff, 0xffff, 0xffff, 0xffff, 0xffff, 0xffff, 0xffdf, 0xffdf, 0xffdf, 0xef7d, 0xe71c, 0xdedb, 0xd69a, 0xc5f7, 0xb575, 0xa514, 0x9cb2, 0x8c50, 0x83ef, 0x7bae, 0x736d, 0x734c, 0x6b2c, 0x6b2c, 0x6b2c, 0x6b2c, 0x6b4c, 0x6b4c, 0x6b4c, 0x6b4c, 0x6b4c, 0x6b4c, 0x6b4c, 0x6b4c, 0x6b4c, 0x6b4c, 0x6b4c, 0x6b4c, 0x6b4c, 0x6b4c, 0x6b4c, 0x6b4c, 0x6b4c, 0x6b4c, 0x6b4c, 0x6b4c, 0x6b4c, 0x6b4c, 0x6b4c, 0x6b4c, 0x6b2c, 0x6b2c, 0x6b2c, 0x6b2c, 0x734c, 0x736d, 0x736d, 0x7bce, 0x8c30, 0x9471, 0x9cb2, 0xad54, 0xbdd6, 0xc618, 0xd679, 0xdefb, 0xef5d, 0xf77d, 0xf7be, 0xffdf, 0xffff, 0xffff, 0xffff, 0xffff, 0xffff, 0xffff, 0xffff, 0xffff, 0xffff, 0xffff, 0xffff, 0xffff, 0xffff, 0xffff, 0xffff, 0xffff, 0xffff, 0xffff, 0xffff, 0xffff, 0xffff, 0xffff, 0xffff, 0xffff, 0xffff, 0xffff, 0xffff, 0xffff, 0xffff, 0xffff, 0xffff, 0xffff, 0xffff, 0xffff, 0xffff, 0xffff, 0xffff, 0xffff, 0xffff, 0xffff, 0xffff, 0xffff, 0xffff, 0xffff, 0xffff, 0xffff, 0xffff, 0xffff, 0xffff, 0xffff, 0xffff, 0xffff, 0xffff, 0xffff, 0xffff, 0xffff, 0xffff, 0xffff, 0xffff, 0xffff, 0xffff, 0xffff, 0xffff, 0xffff, 0xffff, 0xffff, 0xffff, 0xffff, 0xffff, 0xffff, 0xffff, 0xffff, 0xffff, 0xffff, 0xffff, 0xffff, 0xffff, 0xffff, 0xffff, 0xffff, 0xffff, 0xffff, 0xffff, 0xffff, 0xffff, 0xffff, 0xffff, 0xffff, 0xffff, 0xffff, 0xffff, 0xffff, 0xffff, 0xffff, 0xffff, 0xffff, 0xffff, 0xffff, 0xffff, 0xffff, 0xffff, 0xffff, 0xffff, 0xffff, 0xffff, 0xffff, 0xffff, 0xffff, 0xffff, 0xffff, 0xffff, 0xffff, 0xffff, 0xffff, 0xffff, 0xffff, 0xffff, 0xffff, 0xffff, 0xffff, 0xffff, 0xffff, 0xffff, 0xffff, 0xffff, 0xffff, 0xffff, 0xffff, 0xffff, 0xffff, 0xffff, 0xffff, 0xffff, 0xffff, 0xffff, 0xffff, 0xffff, 0xffff, 0xffff, 0xffff, 0xffff, 0xffff, 0xffff, 0xffff, 0xffff, 0xffff, 0xffff, 0xffff, 0xffff, 0xffff, 0xffff, 0xffff, 0xffff, 0xffff, 0xffff, 0xffff, 0xffff, 0xffff, 0xffff, 0xffff, 0xffff, 0xffff, 0xffff, 0xffff, 0xffff, 0xffff, 0xffff, 0xffff, 0xffff, 0xffff, 0xffff, 0xffff, 0xffff, 0xffff, 0xffff, 0xffff, 0xffff, 0xffff, 0xffff, 0xffff, 0xffff, 0xffff, 0xffdf, 0xf79e, 0xe73c, 0xdefb, 0xce79, 0xb595, 0x9cb2, 0x8c50, 0x7bce, 0x736d, 0x6b2c, 0x6b0b, 0x6b0b, 0x6b2c, 0x6b2c, 0x6b4c, 0x6b4c, 0x6b4c, 0x6b4c, 0x6b4c, 0x6b4c, 0x6b4c, 0x6b4c, 0x6b4c, 0x6b4c, 0x6b4c, 0x6b4c, 0x6b4c, 0x6b4c, 0x6b4c, 0x6b4c, 0x6b4c, 0x6b4c, 0x6b4c, 0x6b4c, 0x6b4c, 0x6b4c, 0x6b4c, 0x6b4c, 0x6b4c, 0x6b4c, 0x6b4c, 0x6b4c, 0x6b4c, 0x6b4c, 0x6b2c, 0x6b0b, 0x630b, 0x6b0b, 0x7b8d, 0x840f, 0x9471, 0xa4f3, 0xbdd7, 0xd69a, 0xe6fb, 0xef5d, 0xf79e, 0xffdf, 0xffff, 0xffff, 0xffff, 0xffff, 0xffff, 0xffff, 0xffff, 0xffff, 0xffff, 0xffff, 0xffff, 0xffff, 0xffff, 0xffff, 0xffff, 0xffff, 0xffff, 0xffff, 0xffff, 0xffff, 0xffff, 0xffff, 0xffff, 0xffff, 0xffff, 0xffff, 0xffff, 0xffff, 0xffff, 0xffff, 0xffff, 0xffff, 0xffff, 0xffff, 0xffff, 0xffff, 0xffff, 0xffff, 0xffff, 0xffff, 0xffff, 0xffff, 0xffff, 0xffff, 0xffff, 0xffff, 0xffff, 0xffff, 0xffff, 0xffff, 0xffff, 0xffff, 0xffff, 0xffff, 0xffff, 0xffff, 0xffff, 0xffff, 0xffff, 0xffff, 0xffff, 0xffff, 0xffff, 0xffff, 0xffff, 0xffff, 0xffff, 0xffff, 0xffff, 0xffff, 0xffff, 0xffff, 0xffff, 0xffff, 0xffff, 0xffff, 0xffff, 0xffff, 0xffff, 0xffff, 0xffff, 0xffff, 0xffff, 0xffff, 0xffff, 0xffff, 0xffff, 0xffff, 0xffff, 0xffff, 0xffff, 0xffff, 0xffff, 0xffff, 0xffff, 0xffff, 0xffff, 0xffff, 0xffff, 0xffff, 0xffff, 0xffff, 0xffff, 0xffff, 0xffff, 0xffff, 0xffff, 0xffff, 0xffff, 0xffff, 0xffff, 0xffff, 0xffff, 0xffff, 0xffff, 0xffff, 0xffff, 0xffff, 0xffff, 0xffff, 0xffff, 0xffff, 0xffff, 0xffff, 0xffff, 0xffff, 0xffff, 0xffff, 0xffff, 0xffff, 0xffff, 0xffff, 0xffff, 0xffff, 0xffff, 0xffff, 0xffff, 0xffff, 0xffff, 0xffff, 0xffff, 0xffff, 0xffff, 0xffff, 0xffff, 0xffff, 0xffff, 0xffff, 0xffff, 0xffff, 0xffff, 0xffff, 0xffff, 0xffff, 0xffff, 0xffff, 0xffff, 0xffff, 0xffff, 0xffff, 0xffff, 0xffff, 0xffff, 0xffff, 0xffff, 0xffff, 0xffff, 0xffff, 0xffff, 0xffff, 0xffff, 0xffff, 0xffff, 0xffff, 0xffff, 0xffff, 0xffff, 0xffff, 0xffff, 0xffff, 0xffff, 0xffff, 0xffdf, 0xf7be, 0xf79e, 0xef5d, 0xdefb, 0xd69a, 0xce59, 0xc5f7, 0xad75, 0xa4f3, 0x9cb2, 0x8c50, 0x7bce, 0x738d, 0x736d, 0x6b4c, 0x6b4c, 0x6b2c, 0x6b2c, 0x6b2c, 0x6b4c, 0x6b4c, 0x6b4c, 0x6b4c, 0x6b4c, 0x6b4c, 0x6b4c, 0x6b4c, 0x6b4c, 0x6b4c, 0x6b4c, 0x6b4c, 0x6b4c, 0x6b4c, 0x6b4c, 0x6b4c, 0x6b4c, 0x6b4c, 0x6b4c, 0x6b4c, 0x6b4c, 0x6b4c, 0x6b4c, 0x6b4c, 0x6b2c, 0x6b2c, 0x6b2c, 0x6b2c, 0x736d, 0x738d, 0x7bae, 0x83ef, 0x8c51, 0x9cb2, 0xa4f3, 0xad55, 0xbdf7, 0xce59, 0xd69a, 0xe71b, 0xef7d, 0xf7be, 0xffdf, 0xffff, 0xffff, 0xffff, 0xffff, 0xffff, 0xffff, 0xffff, 0xffff, 0xffff, 0xffff, 0xffff, 0xffff, 0xffff, 0xffff, 0xffff, 0xffff, 0xffff, 0xffff, 0xffff, 0xffff, 0xffff, 0xffff, 0xffff, 0xffff, 0xffff, 0xffff, 0xffff, 0xffff, 0xffff, 0xffff, 0xffff, 0xffff, 0xffff, 0xffff, 0xffff, 0xffff, 0xffff, 0xffff, 0xffff, 0xffff, 0xffff, 0xffff, 0xffff, 0xffff, 0xffff, 0xffff, 0xffff, 0xffff, 0xffff, 0xffff, 0xffff, 0xffff, 0xffff, 0xffff, 0xffff, 0xffff, 0xffff, 0xffff, 0xffff, 0xffff, 0xffff, 0xffff, 0xffff, 0xffff, 0xffff, 0xffff, 0xffff, 0xffff, 0xffff, 0xffff, 0xffff, 0xffff, 0xffff, 0xffff, 0xffff, 0xffff, 0xffff, 0xffff, 0xffff, 0xffff, 0xffff, 0xffff, 0xffff, 0xffff, 0xffff, 0xffff, 0xffff, 0xffff, 0xffff, 0xffff, 0xffff, 0xffff, 0xffff, 0xffff, 0xffff, 0xffff, 0xffff, 0xffff, 0xffff, 0xffff, 0xffff, 0xffff, 0xffff, 0xffff, 0xffff, 0xffff, 0xffff, 0xffff, 0xffff, 0xffff, 0xffff, 0xffff, 0xffff, 0xffff, 0xffff, 0xffff, 0xffff, 0xffff, 0xffff, 0xffff, 0xffff, 0xffff, 0xffff, 0xffff, 0xffff, 0xffff, 0xffff, 0xffff, 0xffff, 0xffff, 0xffff, 0xffff, 0xffff, 0xffff, 0xffff, 0xffff, 0xffff, 0xffff, 0xffff, 0xffff, 0xffff, 0xffff, 0xffff, 0xffff, 0xffff, 0xffff, 0xffff, 0xffff, 0xffff, 0xffff, 0xffff, 0xffff, 0xffff, 0xffff, 0xffff, 0xffff, 0xffff, 0xffff, 0xffff, 0xffff, 0xffff, 0xffff, 0xffff, 0xffff, 0xffff, 0xffff, 0xffff, 0xffff, 0xffff, 0xffff, 0xffff, 0xffff, 0xffff, 0xffff, 0xffff, 0xffff, 0xffff, 0xffff, 0xffff, 0xffff, 0xffff, 0xffff, 0xffff, 0xffdf, 0xf77d, 0xdedb, 0xce59, 0xbdf7, 0xad54, 0x9471, 0x83ef, 0x7bae, 0x736d, 0x6b4c, 0x6b4c, 0x6b4c, 0x6b4c, 0x6b4c, 0x6b4c, 0x6b4c, 0x6b4c, 0x6b4c, 0x6b4c, 0x6b4c, 0x6b4c, 0x6b4c, 0x6b4c, 0x6b4c, 0x6b4c, 0x6b4c, 0x6b4c, 0x6b4c, 0x6b4c, 0x6b4c, 0x6b4c, 0x6b4c, 0x6b4c, 0x6b4c, 0x6b4c, 0x6b4c, 0x6b4c, 0x6b4c, 0x6b4c, 0x6b4c, 0x6b4c, 0x6b2c, 0x6b2c, 0x6b2c, 0x6b2c, 0x6b2c, 0x6b4c, 0x736d, 0x7bce, 0x9491, 0xa514, 0xb595, 0xc618, 0xdedb, 0xef5d, 0xf79e, 0xf7be, 0xffdf, 0xffff, 0xffff, 0xffff, 0xffff, 0xffff, 0xffff, 0xffff, 0xffff, 0xffff, 0xffff, 0xffff, 0xffff, 0xffff, 0xffff, 0xffff, 0xffff, 0xffff, 0xffff, 0xffff, 0xffff, 0xffff, 0xffff, 0xffff, 0xffff, 0xffff, 0xffff, 0xffff, 0xffff, 0xffff, 0xffff, 0xffff, 0xffff, 0xffff, 0xffff, 0xffff, 0xffff, 0xffff, 0xffff, 0xffff, 0xffff, 0xffff, 0xffff, 0xffff, 0xffff, 0xffff, 0xffff, 0xffff, 0xffff, 0xffff, 0xffff, 0xffff, 0xffff, 0xffff, 0xffff, 0xffff, 0xffff, 0xffff, 0xffff, 0xffff, 0xffff, 0xffff, 0xffff, 0xffff, 0xffff, 0xffff, 0xffff, 0xffff, 0xffff, 0xffff, 0xffff, 0xffff, 0xffff, 0xffff, 0xffff, 0xffff, 0xffff, 0xffff, 0xffff, 0xffff, 0xffff, 0xffff, 0xffff, 0xffff, 0xffff, 0xffff, 0xffff, 0xffff, 0xffff, 0xffff, 0xffff, 0xffff, 0xffff, 0xffff, 0xffff, 0xffff, 0xffff, 0xffff, 0xffff, 0xffff, 0xffff, 0xffff, 0xffff, 0xffff, 0xffff, 0xffff, 0xffff, 0xffff, 0xffff, 0xffff, 0xffff, 0xffff, 0xffff, 0xffff, 0xffff, 0xffff, 0xffff, 0xffff, 0xffff, 0xffff, 0xffff, 0xffff, 0xffff, 0xffff, 0xffff, 0xffff, 0xffff, 0xffff, 0xffff, 0xffff, 0xffff, 0xffff, 0xffff, 0xffff, 0xffff, 0xffff, 0xffff, 0xffff, 0xffff, 0xffff, 0xffff, 0xffff, 0xffff, 0xffff, 0xffff, 0xffff, 0xffff, 0xffff, 0xffff, 0xffff, 0xffff, 0xffff, 0xffff, 0xffff, 0xffff, 0xffff, 0xffff, 0xffff, 0xffff, 0xffff, 0xffff, 0xffff, 0xffff, 0xffff, 0xffff, 0xffff, 0xffff, 0xffff, 0xffff, 0xffff, 0xffff, 0xffff, 0xffff, 0xffff, 0xffff, 0xffff, 0xffff, 0xffff, 0xffff, 0xffff, 0xffff, 0xffff, 0xffff, 0xffdf, 0xf79e, 0xef5d, 0xe73c, 0xdedb, 0xce59, 0xc5f7, 0xb596, 0xa513, 0x9471, 0x8c10, 0x7bcf, 0x738e, 0x6b4c, 0x6b4c, 0x6b2c, 0x6b4c, 0x6b4c, 0x6b4c, 0x6b4c, 0x6b4c, 0x6b4c, 0x6b4c, 0x6b4c, 0x6b4c, 0x6b4c, 0x6b4c, 0x6b4c, 0x6b4c, 0x6b4c, 0x6b4c, 0x6b4c, 0x6b4c, 0x6b4c, 0x6b4c, 0x6b4c, 0x6b4c, 0x6b4c, 0x6b4c, 0x6b4c, 0x6b4c, 0x6b4c, 0x6b4c, 0x6b4c, 0x6b4c, 0x6b4c, 0x6b4c, 0x734c, 0x736d, 0x7bae, 0x7bcf, 0x840f, 0x9471, 0x9cf3, 0xad54, 0xb5b6, 0xce38, 0xdedb, 0xe73c, 0xef7d, 0xf7be, 0xffdf, 0xffff, 0xffff, 0xffff, 0xffff, 0xffff, 0xffff, 0xffff, 0xffff, 0xffff, 0xffff, 0xffff, 0xffff, 0xffff, 0xffff, 0xffff, 0xffff, 0xffff, 0xffff, 0xffff, 0xffff, 0xffff, 0xffff, 0xffff, 0xffff, 0xffff, 0xffff, 0xffff, 0xffff, 0xffff, 0xffff, 0xffff, 0xffff, 0xffff, 0xffff, 0xffff, 0xffff, 0xffff, 0xffff, 0xffff, 0xffff, 0xffff, 0xffff, 0xffff, 0xffff, 0xffff, 0xffff, 0xffff, 0xffff, 0xffff, 0xffff, 0xffff, 0xffff, 0xffff, 0xffff, 0xffff, 0xffff, 0xffff, 0xffff, 0xffff, 0xffff, 0xffff, 0xffff, 0xffff, 0xffff, 0xffff, 0xffff, 0xffff, 0xffff, 0xffff, 0xffff, 0xffff, 0xffff, 0xffff, 0xffff, 0xffff, 0xffff, 0xffff, 0xffff, 0xffff, 0xffff, 0xffff, 0xffff, 0xffff, 0xffff, 0xffff, 0xffff, 0xffff, 0xffff, 0xffff, 0xffff, 0xffff, 0xffff, 0xffff, 0xffff, 0xffff, 0xffff, 0xffff, 0xffff, 0xffff, 0xffff, 0xffff, 0xffff, 0xffff, 0xffff, 0xffff, 0xffff, 0xffff, 0xffff, 0xffff, 0xffff, 0xffff, 0xffff, 0xffff, 0xffff, 0xffff, 0xffff, 0xffff, 0xffff, 0xffff, 0xffff, 0xffff, 0xffff, 0xffff, 0xffff, 0xffff, 0xffff, 0xffff, 0xffff, 0xffff, 0xffff, 0xffff, 0xffff, 0xffff, 0xffff, 0xffff, 0xffff, 0xffff, 0xffff, 0xffff, 0xffff, 0xffff, 0xffff, 0xffff, 0xffff, 0xffff, 0xffff, 0xffff, 0xffff, 0xffff, 0xffff, 0xffff, 0xffff, 0xffff, 0xffff, 0xffff, 0xffff, 0xffff, 0xffff, 0xffff, 0xffff, 0xffff, 0xffff, 0xffff, 0xffff, 0xffff, 0xffff, 0xffff, 0xffff, 0xffff, 0xffff, 0xffff, 0xffff, 0xffff, 0xffff, 0xffff, 0xffff, 0xffff, 0xffff, 0xffff, 0xffff, 0xffff, 0xffdf, 0xf7be, 0xef7d, 0xe73c, 0xdedb, 0xc638, 0xad55, 0xa4f3, 0x9491, 0x8410, 0x7bae, 0x738d, 0x736d, 0x734d, 0x6b4c, 0x6b4c, 0x6b4c, 0x6b4c, 0x6b4c, 0x6b4c, 0x6b4c, 0x6b4c, 0x6b4c, 0x6b4c, 0x6b4c, 0x6b4c, 0x6b4c, 0x6b4c, 0x6b4c, 0x6b4c, 0x6b4c, 0x6b4c, 0x6b4c, 0x6b4c, 0x6b4c, 0x6b4c, 0x6b4c, 0x6b4c, 0x6b4c, 0x6b4c, 0x6b4c, 0x6b4c, 0x6b4c, 0x6b4c, 0x6b4c, 0x6b2c, 0x6b2c, 0x6b2c, 0x6b2c, 0x736d, 0x7bae, 0x840f, 0x9471, 0xa514, 0xc5f7, 0xce79, 0xdeda, 0xe73c, 0xf79e, 0xf7be, 0xffdf, 0xffdf, 0xffff, 0xffff, 0xffff, 0xffff, 0xffff, 0xffff, 0xffff, 0xffff, 0xffff, 0xffff, 0xffff, 0xffff, 0xffff, 0xffff, 0xffff, 0xffff, 0xffff, 0xffff, 0xffff, 0xffff, 0xffff, 0xffff, 0xffff, 0xffff, 0xffff, 0xffff, 0xffff, 0xffff, 0xffff, 0xffff, 0xffff, 0xffff, 0xffff, 0xffff, 0xffff, 0xffff, 0xffff, 0xffff, 0xffff, 0xffff, 0xffff, 0xffff, 0xffff, 0xffff, 0xffff, 0xffff, 0xffff, 0xffff, 0xffff, 0xffff, 0xffff, 0xffff, 0xffff, 0xffff, 0xffff, 0xffff, 0xffff, 0xffff, 0xffff, 0xffff, 0xffff, 0xffff, 0xffff, 0xffff, 0xffff, 0xffff, 0xffff, 0xffff, 0xffff, 0xffff, 0xffff, 0xffff, 0xffff, 0xffff, 0xffff, 0xffff, 0xffff, 0xffff, 0xffff, 0xffff, 0xffff, 0xffff, 0xffff, 0xffff, 0xffff, 0xffff, 0xffff, 0xffff, 0xffff, 0xffff, 0xffff, 0xffff, 0xffff, 0xffff, 0xffff, 0xffff, 0xffff, 0xffff, 0xffff, 0xffff, 0xffff, 0xffff, 0xffff, 0xffff, 0xffff, 0xffff, 0xffff, 0xffff, 0xffff, 0xffff, 0xffff, 0xffff, 0xffff, 0xffff, 0xffff, 0xffff, 0xffff, 0xffff, 0xffff, 0xffff, 0xffff, 0xffff, 0xffff, 0xffff, 0xffff, 0xffff, 0xffff, 0xffff, 0xffff, 0xffff, 0xffff, 0xffff, 0xffff, 0xffff, 0xffff, 0xffff, 0xffff, 0xffff, 0xffff, 0xffff, 0xffff, 0xffff, 0xffff, 0xffff, 0xffff, 0xffff, 0xffff, 0xffff, 0xffff, 0xffff, 0xffff, 0xffff, 0xffff, 0xffff, 0xffff, 0xffff, 0xffff, 0xffff, 0xffff, 0xffff, 0xffff, 0xffff, 0xffff, 0xffff, 0xffff, 0xffff, 0xffff, 0xffff, 0xffff, 0xffff, 0xffff, 0xffff, 0xffff, 0xffff, 0xffff, 0xffff, 0xffff, 0xffff, 0xffff, 0xffff, 0xffdf, 0xf7be, 0xf79e, 0xef7d, 0xe73c, 0xdefb, 0xd6ba, 0xce38, 0xbdb6, 0xad54, 0x9cd3, 0x8c30, 0x738d, 0x736d, 0x6b4c, 0x6b2c, 0x6b2c, 0x6b2c, 0x6b2c, 0x6b4c, 0x6b4c, 0x6b4c, 0x6b4c, 0x6b4c, 0x6b4c, 0x6b4c, 0x6b4c, 0x6b4c, 0x6b4c, 0x6b4c, 0x6b4c, 0x6b4c, 0x6b4c, 0x6b4c, 0x6b4c, 0x6b4c, 0x6b4c, 0x6b4c, 0x6b4c, 0x6b4c, 0x6b4c, 0x6b4c, 0x6b4c, 0x6b4c, 0x6b2c, 0x6b2c, 0x6b2c, 0x6b4c, 0x734d, 0x736d, 0x738d, 0x7bae, 0x83ef, 0x8c30, 0x9491, 0xa514, 0xb596, 0xc618, 0xd679, 0xe71c, 0xf7be, 0xffdf, 0xffff, 0xffff, 0xffff, 0xffff, 0xffff, 0xffff, 0xffff, 0xffff, 0xffff, 0xffff, 0xffff, 0xffff, 0xffff, 0xffff, 0xffff, 0xffff, 0xffff, 0xffff, 0xffff, 0xffff, 0xffff, 0xffff, 0xffff, 0xffff, 0xffff, 0xffff, 0xffff, 0xffff, 0xffff, 0xffff, 0xffff, 0xffff, 0xffff, 0xffff, 0xffff, 0xffff, 0xffff, 0xffff, 0xffff, 0xffff, 0xffff, 0xffff, 0xffff, 0xffff, 0xffff, 0xffff, 0xffff, 0xffff, 0xffff, 0xffff, 0xffff, 0xffff, 0xffff, 0xffff, 0xffff, 0xffff, 0xffff, 0xffff, 0xffff, 0xffff, 0xffff, 0xffff, 0xffff, 0xffff, 0xffff, 0xffff, 0xffff, 0xffff, 0xffff, 0xffff, 0xffff, 0xffff, 0xffff, 0xffff, 0xffff, 0xffff, 0xffff, 0xffff, 0xffff, 0xffff, 0xffff, 0xffff, 0xffff, 0xffff, 0xffff, 0xffff, 0xffff, 0xffff, 0xffff, 0xffff, 0xffff, 0xffff, 0xffff, 0xffff, 0xffff, 0xffff, 0xffff, 0xffff, 0xffff, 0xffff, 0xffff, 0xffff, 0xffff, 0xffff, 0xffff, 0xffff, 0xffff, 0xffff, 0xffff, 0xffff, 0xffff, 0xffff, 0xffff, 0xffff, 0xffff, 0xffff, 0xffff, 0xffff, 0xffff, 0xffff, 0xffff, 0xffff, 0xffff, 0xffff, 0xffff, 0xffff, 0xffff, 0xffff, 0xffff, 0xffff, 0xffff, 0xffff, 0xffff, 0xffff, 0xffff, 0xffff, 0xffff, 0xffff, 0xffff, 0xffff, 0xffff, 0xffff, 0xffff, 0xffff, 0xffff, 0xffff, 0xffff, 0xffff, 0xffff, 0xffff, 0xffff, 0xffff, 0xffff, 0xffff, 0xffff, 0xffff, 0xffff, 0xffff, 0xffff, 0xffff, 0xffff, 0xffff, 0xffff, 0xffff, 0xffff, 0xffff, 0xffff, 0xffff, 0xffff, 0xffff, 0xffff, 0xffff, 0xffff, 0xffff, 0xffff, 0xffff, 0xffff, 0xffff, 0xffff, 0xffff, 0xffff, 0xffff, 0xffff, 0xffdf, 0xf7be, 0xef5c, 0xdedb, 0xce59, 0xbdd7, 0xa4f3, 0x8c30, 0x83ef, 0x7bae, 0x738d, 0x734c, 0x734c, 0x6b4c, 0x6b4c, 0x6b4c, 0x6b4c, 0x6b4c, 0x6b4c, 0x6b4c, 0x6b4c, 0x6b4c, 0x6b4c, 0x6b4c, 0x6b4c, 0x6b4c, 0x6b4c, 0x6b4c, 0x6b4c, 0x6b4c, 0x6b4c, 0x6b4c, 0x6b4c, 0x6b4c, 0x6b4c, 0x6b4c, 0x6b4c, 0x6b4c, 0x6b4c, 0x6b4c, 0x6b4c, 0x6b4c, 0x6b2c, 0x6b2c, 0x6b2c, 0x6b2c, 0x6b2c, 0x6b0c, 0x6b4c, 0x736d, 0x83ef, 0x9492, 0xa514, 0xb596, 0xce59, 0xe6fb, 0xe73c, 0xef7d, 0xf79e, 0xffbe, 0xffdf, 0xffdf, 0xffff, 0xffff, 0xffff, 0xffff, 0xffff, 0xffff, 0xffff, 0xffff, 0xffff, 0xffff, 0xffff, 0xffff, 0xffff, 0xffff, 0xffff, 0xffff, 0xffff, 0xffff, 0xffff, 0xffff, 0xffff, 0xffff, 0xffff, 0xffff, 0xffff, 0xffff, 0xffff, 0xffff, 0xffff, 0xffff, 0xffff, 0xffff, 0xffff, 0xffff, 0xffff, 0xffff, 0xffff, 0xffff, 0xffff, 0xffff, 0xffff, 0xffff, 0xffff, 0xffff, 0xffff, 0xffff, 0xffff, 0xffff, 0xffff, 0xffff, 0xffff, 0xffff, 0xffff, 0xffff, 0xffff, 0xffff, 0xffff, 0xffff, 0xffff, 0xffff, 0xffff, 0xffff, 0xffff, 0xffff, 0xffff, 0xffff, 0xffff, 0xffff, 0xffff, 0xffff, 0xffff, 0xffff, 0xffff, 0xffff, 0xffff, 0xffff, 0xffff, 0xffff, 0xffff, 0xffff, 0xffff, 0xffff, 0xffff, 0xffff, 0xffff, 0xffff, 0xffff, 0xffff, 0xffff, 0xffff, 0xffff, 0xffff, 0xffff, 0xffff, 0xffff, 0xffff, 0xffff, 0xffff, 0xffff, 0xffff, 0xffff, 0xffff, 0xffff, 0xffff, 0xffff, 0xffff, 0xffff, 0xffff, 0xffff, 0xffff, 0xffff, 0xffff, 0xffff, 0xffff, 0xffff, 0xffff, 0xffff, 0xffff, 0xffff, 0xffff, 0xffff, 0xffff, 0xffff, 0xffff, 0xffff, 0xffff, 0xffff, 0xffff, 0xffff, 0xffff, 0xffff, 0xffff, 0xffff, 0xffff, 0xffff, 0xffff, 0xffff, 0xffff, 0xffff, 0xffff, 0xffff, 0xffff, 0xffff, 0xffff, 0xffff, 0xffff, 0xffff, 0xffff, 0xffff, 0xffff, 0xffff, 0xffff, 0xffff, 0xffff, 0xffff, 0xffff, 0xffff, 0xffff, 0xffff, 0xffff, 0xffff, 0xffff, 0xffff, 0xffff, 0xffff, 0xffff, 0xffff, 0xffff, 0xffff, 0xffff, 0xffff, 0xffff, 0xffff, 0xffff, 0xffff, 0xffff, 0xffff, 0xffff, 0xffff, 0xffff, 0xffdf, 0xf7be, 0xf79e, 0xef5d, 0xe71c, 0xdedb, 0xce59, 0xbdd7, 0xad34, 0x9492, 0x8c30, 0x7bce, 0x736d, 0x6b2c, 0x6b2c, 0x6b2c, 0x6b2c, 0x6b2c, 0x6b2c, 0x6b4c, 0x6b4c, 0x6b4c, 0x6b4c, 0x6b4c, 0x6b4c, 0x6b4c, 0x6b4c, 0x6b4c, 0x6b4c, 0x6b4c, 0x6b4c, 0x6b4c, 0x6b4c, 0x6b4c, 0x6b4c, 0x6b4c, 0x6b4c, 0x6b4c, 0x6b4c, 0x6b4c, 0x6b4c, 0x6b4c, 0x6b4c, 0x6b4c, 0x6b2c, 0x6b2c, 0x6b4c, 0x6b4c, 0x736d, 0x738d, 0x7bae, 0x7bce, 0x840f, 0x8c50, 0x9cd2, 0xad55, 0xc618, 0xdedb, 0xe71c, 0xef7d, 0xffdf, 0xffff, 0xffff, 0xffff, 0xffff, 0xffff, 0xffff, 0xffff, 0xffff, 0xffff, 0xffff, 0xffff, 0xffff, 0xffff, 0xffff, 0xffff, 0xffff, 0xffff, 0xffff, 0xffff, 0xffff, 0xffff, 0xffff, 0xffff, 0xffff, 0xffff, 0xffff, 0xffff, 0xffff, 0xffff, 0xffff, 0xffff, 0xffff, 0xffff, 0xffff, 0xffff, 0xffff, 0xffff, 0xffff, 0xffff, 0xffff, 0xffff, 0xffff, 0xffff, 0xffff, 0xffff, 0xffff, 0xffff, 0xffff, 0xffff, 0xffff, 0xffff, 0xffff, 0xffff, 0xffff, 0xffff, 0xffff, 0xffff, 0xffff, 0xffff, 0xffff, 0xffff, 0xffff, 0xffff, 0xffff, 0xffff, 0xffff, 0xffff, 0xffff, 0xffff, 0xffff, 0xffff, 0xffff, 0xffff, 0xffff, 0xffff, 0xffff, 0xffff, 0xffff, 0xffff, 0xffff, 0xffff, 0xffff, 0xffff, 0xffff, 0xffff, 0xffff, 0xffff, 0xffff, 0xffff, 0xffff, 0xffff, 0xffff, 0xffff, 0xffff, 0xffff, 0xffff, 0xffff, 0xffff, 0xffff, 0xffff, 0xffff, 0xffff, 0xffff, 0xffff, 0xffff, 0xffff, 0xffff, 0xffff, 0xffff, 0xffff, 0xffff, 0xffff, 0xffff, 0xffff, 0xffff, 0xffff, 0xffff, 0xffff, 0xffff, 0xffff, 0xffff, 0xffff, 0xffff, 0xffff, 0xffff, 0xffff, 0xffff, 0xffff, 0xffff, 0xffff, 0xffff, 0xffff, 0xffff, 0xffff, 0xffff, 0xffff, 0xffff, 0xffff, 0xffff, 0xffff, 0xffff, 0xffff, 0xffff, 0xffff, 0xffff, 0xffff, 0xffff, 0xffff, 0xffff, 0xffff, 0xffff, 0xffff, 0xffff, 0xffff, 0xffff, 0xffff, 0xffff, 0xffff, 0xffff, 0xffff, 0xffff, 0xffff, 0xffff, 0xffff, 0xffff, 0xffff, 0xffff, 0xffff, 0xffff, 0xffff, 0xffff, 0xffff, 0xffff, 0xffff, 0xffff, 0xffff, 0xffff, 0xffff, 0xffff, 0xffff, 0xffff, 0xffff, 0xffff, 0xffdf, 0xffbe, 0xef5d, 0xdedb, 0xc638, 0xb595, 0xa514, 0x9c92, 0x8c10, 0x7bce, 0x7bae, 0x738d, 0x736d, 0x6b4c, 0x6b4c, 0x6b4c, 0x6b4c, 0x6b4c, 0x6b4c, 0x6b4c, 0x6b4c, 0x6b4c, 0x6b4c, 0x6b4c, 0x6b4c, 0x6b4c, 0x6b4c, 0x6b4c, 0x6b4c, 0x6b4c, 0x6b4c, 0x6b4c, 0x6b4c, 0x6b4c, 0x6b4c, 0x6b4c, 0x6b4c, 0x6b4c, 0x6b4c, 0x6b4c, 0x6b4c, 0x6b4c, 0x6b4c, 0x6b4c, 0x6b2c, 0x6b2c, 0x6b2c, 0x6b2c, 0x6b4c, 0x734d, 0x83cf, 0x9471, 0xad34, 0xbdd7, 0xce38, 0xd6ba, 0xe71c, 0xef7d, 0xf79e, 0xf7be, 0xffdf, 0xffff, 0xffff, 0xffff, 0xffff, 0xffff, 0xffff, 0xffff, 0xffff, 0xffff, 0xffff, 0xffff, 0xffff, 0xffff, 0xffff, 0xffff, 0xffff, 0xffff, 0xffff, 0xffff, 0xffff, 0xffff, 0xffff, 0xffff, 0xffff, 0xffff, 0xffff, 0xffff, 0xffff, 0xffff, 0xffff, 0xffff, 0xffff, 0xffff, 0xffff, 0xffff, 0xffff, 0xffff, 0xffff, 0xffff, 0xffff, 0xffff, 0xffff, 0xffff, 0xffff, 0xffff, 0xffff, 0xffff, 0xffff, 0xffff, 0xffff, 0xffff, 0xffff, 0xffff, 0xffff, 0xffff, 0xffff, 0xffff, 0xffff, 0xffff, 0xffff, 0xffff, 0xffff, 0xffff, 0xffff, 0xffff, 0xffff, 0xffff, 0xffff, 0xffff, 0xffff, 0xffff, 0xffff, 0xffff, 0xffff, 0xffff, 0xffff, 0xffff, 0xffff, 0xffff, 0xffff, 0xffff, 0xffff, 0xffff, 0xffff, 0xffff, 0xffff, 0xffff, 0xffff, 0xffff, 0xffff, 0xffff, 0xffff, 0xffff, 0xffff, 0xffff, 0xffff, 0xffff, 0xffff, 0xffff, 0xffff, 0xffff, 0xffff, 0xffff, 0xffff, 0xffff, 0xffff, 0xffff, 0xffff, 0xffff, 0xffff, 0xffff, 0xffff, 0xffff, 0xffff, 0xffff, 0xffff, 0xffff, 0xffff, 0xffff, 0xffff, 0xffff, 0xffff, 0xffff, 0xffff, 0xffff, 0xffff, 0xffff, 0xffff, 0xffff, 0xffff, 0xffff, 0xffff, 0xffff, 0xffff, 0xffff, 0xffff, 0xffff, 0xffff, 0xffff, 0xffff, 0xffff, 0xffff, 0xffff, 0xffff, 0xffff, 0xffff, 0xffff, 0xffff, 0xffff, 0xffff, 0xffff, 0xffff, 0xffff, 0xffff, 0xffff, 0xffff, 0xffff, 0xffff, 0xffff, 0xffff, 0xffff, 0xffff, 0xffff, 0xffff, 0xffff, 0xffff, 0xffff, 0xffff, 0xffff, 0xffff, 0xffff, 0xffff, 0xffff, 0xffff, 0xffff, 0xffff, 0xffff, 0xffff, 0xffff, 0xffff, 0xffff, 0xffdf, 0xffbe, 0xf79e, 0xef7d, 0xe71c, 0xdedb, 0xce79, 0xc5f7, 0xad55, 0x9cb2, 0x8c30, 0x7bce, 0x738d, 0x734c, 0x6b0c, 0x6b0c, 0x6b2c, 0x6b2c, 0x6b4c, 0x6b4c, 0x6b4c, 0x6b4c, 0x6b4c, 0x6b4c, 0x6b4c, 0x6b4c, 0x6b4c, 0x6b4c, 0x6b4c, 0x6b4c, 0x6b4c, 0x6b4c, 0x6b4c, 0x6b4c, 0x6b4c, 0x6b4c, 0x6b4c, 0x6b4c, 0x6b4c, 0x6b4c, 0x6b4c, 0x6b4c, 0x6b4c, 0x6b4c, 0x6b4c, 0x6b4c, 0x6b4c, 0x6b4c, 0x734d, 0x736d, 0x7b8e, 0x7bce, 0x8c30, 0x9491, 0xa4f3, 0xb595, 0xc638, 0xdeda, 0xef5d, 0xf7be, 0xffbe, 0xffdf, 0xffff, 0xffff, 0xffff, 0xffff, 0xffff, 0xffff, 0xffff, 0xffff, 0xffff, 0xffff, 0xffff, 0xffff, 0xffff, 0xffff, 0xffff, 0xffff, 0xffff, 0xffff, 0xffff, 0xffff, 0xffff, 0xffff, 0xffff, 0xffff, 0xffff, 0xffff, 0xffff, 0xffff, 0xffff, 0xffff, 0xffff, 0xffff, 0xffff, 0xffff, 0xffff, 0xffff, 0xffff, 0xffff, 0xffff, 0xffff, 0xffff, 0xffff, 0xffff, 0xffff, 0xffff, 0xffff, 0xffff, 0xffff, 0xffff, 0xffff, 0xffff, 0xffff, 0xffff, 0xffff, 0xffff, 0xffff, 0xffff, 0xffff, 0xffff, 0xffff, 0xffff, 0xffff, 0xffff, 0xffff, 0xffff, 0xffff, 0xffff, 0xffff, 0xffff, 0xffff, 0xffff, 0xffff, 0xffff, 0xffff, 0xffff, 0xffff, 0xffff, 0xffff, 0xffff, 0xffff, 0xffff, 0xffff, 0xffff, 0xffff, 0xffff, 0xffff, 0xffff, 0xffff, 0xffff, 0xffff, 0xffff, 0xffff, 0xffff, 0xffff, 0xffff, 0xffff, 0xffff, 0xffff, 0xffff, 0xffff, 0xffff, 0xffff, 0xffff, 0xffff, 0xffff, 0xffff, 0xffff, 0xffff, 0xffff, 0xffff, 0xffff, 0xffff, 0xffff, 0xffff, 0xffff, 0xffff, 0xffff, 0xffff, 0xffff, 0xffff, 0xffff, 0xffff, 0xffff, 0xffff, 0xffff, 0xffff, 0xffff, 0xffff, 0xffff, 0xffff, 0xffff, 0xffff, 0xffff, 0xffff, 0xffff, 0xffff, 0xffff, 0xffff, 0xffff, 0xffff, 0xffff, 0xffff, 0xffff, 0xffff, 0xffff, 0xffff, 0xffff, 0xffff, 0xffff, 0xffff, 0xffff, 0xffff, 0xffff, 0xffff, 0xffff, 0xffff, 0xffff, 0xffff, 0xffff, 0xffff, 0xffff, 0xffff, 0xffff, 0xffff, 0xffff, 0xffff, 0xffff, 0xffff, 0xffff, 0xffff, 0xffff, 0xffff, 0xffff, 0xffff, 0xffff, 0xffff, 0xffff, 0xffff, 0xffff, 0xffff, 0xffff, 0xffff, 0xf7be, 0xf79d, 0xef5c, 0xdedb, 0xce58, 0xbdb6, 0xad34, 0x9cb2, 0x8c50, 0x83ef, 0x7bae, 0x738d, 0x736d, 0x6b4c, 0x6b2c, 0x6b2c, 0x6b4c, 0x6b4c, 0x6b4c, 0x6b4c, 0x6b4c, 0x6b4c, 0x6b4c, 0x6b4c, 0x6b4c, 0x6b4c, 0x6b4c, 0x6b4c, 0x6b4c, 0x6b4c, 0x6b4c, 0x6b4c, 0x6b4c, 0x6b4c, 0x6b4c, 0x6b4c, 0x6b4c, 0x6b4c, 0x6b4c, 0x6b4c, 0x6b4c, 0x6b4c, 0x6b4c, 0x6b4c, 0x6b4c, 0x6b2c, 0x6b2c, 0x6b4c, 0x738d, 0x7bce, 0x8c10, 0x9492, 0xad34, 0xbdb6, 0xce59, 0xdeba, 0xe71b, 0xef5c, 0xf79d, 0xf7be, 0xffdf, 0xffff, 0xffff, 0xffff, 0xffff, 0xffff, 0xffff, 0xffff, 0xffff, 0xffff, 0xffff, 0xffff, 0xffff, 0xffff, 0xffff, 0xffff, 0xffff, 0xffff, 0xffff, 0xffff, 0xffff, 0xffff, 0xffff, 0xffff, 0xffff, 0xffff, 0xffff, 0xffff, 0xffff, 0xffff, 0xffff, 0xffff, 0xffff, 0xffff, 0xffff, 0xffff, 0xffff, 0xffff, 0xffff, 0xffff, 0xffff, 0xffff, 0xffff, 0xffff, 0xffff, 0xffff, 0xffff, 0xffff, 0xffff, 0xffff, 0xffff, 0xffff, 0xffff, 0xffff, 0xffff, 0xffff, 0xffff, 0xffff, 0xffff, 0xffff, 0xffff, 0xffff, 0xffff, 0xffff, 0xffff, 0xffff, 0xffff, 0xffff, 0xffff, 0xffff, 0xffff, 0xffff, 0xffff, 0xffff, 0xffff, 0xffff, 0xffff, 0xffff, 0xffff, 0xffff, 0xffff, 0xffff, 0xffff, 0xffff, 0xffff, 0xffff, 0xffff, 0xffff, 0xffff, 0xffff, 0xffff, 0xffff, 0xffff, 0xffff, 0xffff, 0xffff, 0xffff, 0xffff, 0xffff, 0xffff, 0xffff, 0xffff, 0xffff, 0xffff, 0xffff, 0xffff, 0xffff, 0xffff, 0xffff, 0xffff, 0xffff, 0xffff, 0xffff, 0xffff, 0xffff, 0xffff, 0xffff, 0xffff, 0xffff, 0xffff, 0xffff, 0xffff, 0xffff, 0xffff, 0xffff, 0xffff, 0xffff, 0xffff, 0xffff, 0xffff, 0xffff, 0xffff, 0xffff, 0xffff, 0xffff, 0xffff, 0xffff, 0xffff, 0xffff, 0xffff, 0xffff, 0xffff, 0xffff, 0xffff, 0xffff, 0xffff, 0xffff, 0xffff, 0xffff, 0xffff, 0xffff, 0xffff, 0xffff, 0xffff, 0xffff, 0xffff, 0xffff, 0xffff, 0xffff, 0xffff, 0xffff, 0xffff, 0xffff, 0xffff, 0xffff, 0xffff, 0xffff, 0xffff, 0xffff, 0xffff, 0xffff, 0xffff, 0xffff, 0xffff, 0xffff, 0xffff, 0xffff, 0xffff, 0xffff, 0xffff, 0xffff, 0xffff, 0xffdf, 0xffdf, 0xf7be, 0xf79e, 0xf79e, 0xe71c, 0xce79, 0xbdd7, 0xad54, 0x9cb2, 0x840f, 0x738d, 0x6b0b, 0x6b0b, 0x6b2c, 0x6b2c, 0x6b2c, 0x6b2c, 0x6b4c, 0x6b4c, 0x6b4c, 0x6b4c, 0x6b4c, 0x6b4c, 0x6b4c, 0x6b4c, 0x6b4c, 0x6b4c, 0x6b4c, 0x6b4c, 0x6b4c, 0x6b4c, 0x6b4c, 0x6b4c, 0x6b4c, 0x6b4c, 0x6b4c, 0x6b4c, 0x6b4c, 0x6b4c, 0x6b4c, 0x6b4c, 0x6b4c, 0x6b4c, 0x6b4c, 0x6b4c, 0x6b4c, 0x6b2c, 0x6b2c, 0x6b4c, 0x736d, 0x7b8e, 0x7bae, 0x8c30, 0xa4f3, 0xb5b6, 0xce38, 0xdeda, 0xef3c, 0xf79e, 0xffff, 0xffff, 0xffff, 0xffff, 0xffff, 0xffff, 0xffff, 0xffff, 0xffff, 0xffff, 0xffff, 0xffff, 0xffff, 0xffff, 0xffff, 0xffff, 0xffff, 0xffff, 0xffff, 0xffff, 0xffff, 0xffff, 0xffff, 0xffff, 0xffff, 0xffff, 0xffff, 0xffff, 0xffff, 0xffff, 0xffff, 0xffff, 0xffff, 0xffff, 0xffff, 0xffff, 0xffff, 0xffff, 0xffff, 0xffff, 0xffff, 0xffff, 0xffff, 0xffff, 0xffff, 0xffff, 0xffff, 0xffff, 0xffff, 0xffff, 0xffff, 0xffff, 0xffff, 0xffff, 0xffff, 0xffff, 0xffff, 0xffff, 0xffff, 0xffff, 0xffff, 0xffff, 0xffff, 0xffff, 0xffff, 0xffff, 0xffff, 0xffff, 0xffff, 0xffff, 0xffff, 0xffff, 0xffff, 0xffff, 0xffff, 0xffff, 0xffff, 0xffff, 0xffff, 0xffff, 0xffff, 0xffff, 0xffff, 0xffff, 0xffff, 0xffff, 0xffff, 0xffff, 0xffff, 0xffff, 0xffff, 0xffff, 0xffff, 0xffff, 0xffff, 0xffff, 0xffff, 0xffff, 0xffff, 0xffff, 0xffff, 0xffff, 0xffff, 0xffff, 0xffff, 0xffff, 0xffff, 0xffff, 0xffff, 0xffff, 0xffff, 0xffff, 0xffff, 0xffff, 0xffff, 0xffff, 0xffff, 0xffff, 0xffff, 0xffff, 0xffff, 0xffff, 0xffff, 0xffff, 0xffff, 0xffff, 0xffff, 0xffff, 0xffff, 0xffff, 0xffff, 0xffff, 0xffff, 0xffff, 0xffff, 0xffff, 0xffff, 0xffff, 0xffff, 0xffff, 0xffff, 0xffff, 0xffff, 0xffff, 0xffff, 0xffff, 0xffff, 0xffff, 0xffff, 0xffff, 0xffff, 0xffff, 0xffff, 0xffff, 0xffff, 0xffff, 0xffff, 0xffff, 0xffff, 0xffff, 0xffff, 0xffff, 0xffff, 0xffff, 0xffff, 0xffff, 0xffff, 0xffff, 0xffff, 0xffff, 0xffff, 0xffff, 0xffff, 0xffff, 0xffff, 0xffff, 0xffff, 0xffff, 0xffff, 0xffff, 0xffff, 0xffff, 0xffff, 0xffff, 0xffff, 0xf7be, 0xe73c, 0xd6ba, 0xce38, 0xbdb6, 0xa514, 0x9cb2, 0x8c30, 0x840f, 0x7bce, 0x7bae, 0x738d, 0x736d, 0x6b4c, 0x6b2c, 0x6b2c, 0x6b2c, 0x6b4c, 0x6b4c, 0x6b4c, 0x6b4c, 0x6b4c, 0x6b4c, 0x6b4c, 0x6b4c, 0x6b4c, 0x6b4c, 0x6b4c, 0x6b4c, 0x6b4c, 0x6b4c, 0x6b4c, 0x6b4c, 0x6b4c, 0x6b4c, 0x6b4c, 0x6b4c, 0x6b4c, 0x6b4c, 0x6b4c, 0x6b4c, 0x6b2c, 0x6b2c, 0x6b0c, 0x6b0c, 0x6b2c, 0x6b2c, 0x6b4c, 0x7bae, 0x8c30, 0x9cb2, 0xad34, 0xbdb6, 0xc638, 0xd69a, 0xdefb, 0xe73c, 0xef7d, 0xf79e, 0xf7be, 0xffdf, 0xffff, 0xffff, 0xffff, 0xffff, 0xffff, 0xffff, 0xffff, 0xffff, 0xffff, 0xffff, 0xffff, 0xffff, 0xffff, 0xffff, 0xffff, 0xffff, 0xffff, 0xffff, 0xffff, 0xffff, 0xffff, 0xffff, 0xffff, 0xffff, 0xffff, 0xffff, 0xffff, 0xffff, 0xffff, 0xffff, 0xffff, 0xffff, 0xffff, 0xffff, 0xffff, 0xffff, 0xffff, 0xffff, 0xffff, 0xffff, 0xffff, 0xffff, 0xffff, 0xffff, 0xffff, 0xffff, 0xffff, 0xffff, 0xffff, 0xffff, 0xffff, 0xffff, 0xffff, 0xffff, 0xffff, 0xffff, 0xffff, 0xffff, 0xffff, 0xffff, 0xffff, 0xffff, 0xffff, 0xffff, 0xffff, 0xffff, 0xffff, 0xffff, 0xffff, 0xffff, 0xffff, 0xffff, 0xffff, 0xffff, 0xffff, 0xffff, 0xffff, 0xffff, 0xffff, 0xffff, 0xffff, 0xffff, 0xffff, 0xffff, 0xffff, 0xffff, 0xffff, 0xffff, 0xffff, 0xffff, 0xffff, 0xffff, 0xffff, 0xffff, 0xffff, 0xffff, 0xffff, 0xffff, 0xffff, 0xffff, 0xffff, 0xffff, 0xffff, 0xffff, 0xffff, 0xffff, 0xffff, 0xffff, 0xffff, 0xffff, 0xffff, 0xffff, 0xffff, 0xffff, 0xffff, 0xffff, 0xffff, 0xffff, 0xffff, 0xffff, 0xffff, 0xffff, 0xffff, 0xffff, 0xffff, 0xffff, 0xffff, 0xffff, 0xffff, 0xffff, 0xffff, 0xffff, 0xffff, 0xffff, 0xffff, 0xffff, 0xffff, 0xffff, 0xffff, 0xffff, 0xffff, 0xffff, 0xffff, 0xffff, 0xffff, 0xffff, 0xffff, 0xffff, 0xffff, 0xffff, 0xffff, 0xffff, 0xffff, 0xffff, 0xffff, 0xffff, 0xffff, 0xffff, 0xffff, 0xffff, 0xffff, 0xffff, 0xffff, 0xffff, 0xffff, 0xffff, 0xffff, 0xffff, 0xffff, 0xffff, 0xffff, 0xffff, 0xffff, 0xffff, 0xffff, 0xffff, 0xffff, 0xffff, 0xffff, 0xffff, 0xffdf, 0xffdf, 0xffdf, 0xf79e, 0xef7d, 0xef3c, 0xe71c, 0xce58, 0xb575, 0xa4f3, 0x9471, 0x83ef, 0x736d, 0x6b2c, 0x630b, 0x6b2c, 0x6b2c, 0x6b4c, 0x6b4c, 0x6b4c, 0x6b4c, 0x6b4c, 0x6b4c, 0x6b4c, 0x6b4c, 0x6b4c, 0x6b4c, 0x6b4c, 0x6b4c, 0x6b4c, 0x6b4c, 0x6b4c, 0x6b4c, 0x6b4c, 0x6b4c, 0x6b4c, 0x6b4c, 0x6b4c, 0x6b4c, 0x6b4c, 0x6b4c, 0x6b4c, 0x6b4c, 0x6b4c, 0x6b4c, 0x6b4c, 0x6b4c, 0x6b4c, 0x6b4c, 0x6b4c, 0x6b4c, 0x738d, 0x83ef, 0x8c30, 0x9471, 0xad34, 0xc618, 0xd69a, 0xe71c, 0xef7d, 0xf7be, 0xffdf, 0xffff, 0xffff, 0xffff, 0xffff, 0xffff, 0xffff, 0xffff, 0xffff, 0xffff, 0xffff, 0xffff, 0xffff, 0xffff, 0xffff, 0xffff, 0xffff, 0xffff, 0xffff, 0xffff, 0xffff, 0xffff, 0xffff, 0xffff, 0xffff, 0xffff, 0xffff, 0xffff, 0xffff, 0xffff, 0xffff, 0xffff, 0xffff, 0xffff, 0xffff, 0xffff, 0xffff, 0xffff, 0xffff, 0xffff, 0xffff, 0xffff, 0xffff, 0xffff, 0xffff, 0xffff, 0xffff, 0xffff, 0xffff, 0xffff, 0xffff, 0xffff, 0xffff, 0xffff, 0xffff, 0xffff, 0xffff, 0xffff, 0xffff, 0xffff, 0xffff, 0xffff, 0xffff, 0xffff, 0xffff, 0xffff, 0xffff, 0xffff, 0xffff, 0xffff, 0xffff, 0xffff, 0xffff, 0xffff, 0xffff, 0xffff, 0xffff, 0xffff, 0xffff, 0xffff, 0xffff, 0xffff, 0xffff, 0xffff, 0xffff, 0xffff, 0xffff, 0xffff, 0xffff, 0xffff, 0xffff, 0xffff, 0xffff, 0xffff, 0xffff, 0xffff, 0xffff, 0xffff, 0xffff, 0xffff, 0xffff, 0xffff, 0xffff, 0xffff, 0xffff, 0xffff, 0xffff, 0xffff, 0xffff, 0xffff, 0xffff, 0xffff, 0xffff, 0xffff, 0xffff, 0xffff, 0xffff, 0xffff, 0xffff, 0xffff, 0xffff, 0xffff, 0xffff, 0xffff, 0xffff, 0xffff, 0xffff, 0xffff, 0xffff, 0xffff, 0xffff, 0xffff, 0xffff, 0xffff, 0xffff, 0xffff, 0xffff, 0xffff, 0xffff, 0xffff, 0xffff, 0xffff, 0xffff, 0xffff, 0xffff, 0xffff, 0xffff, 0xffff, 0xffff, 0xffff, 0xffff, 0xffff, 0xffff, 0xffff, 0xffff, 0xffff, 0xffff, 0xffff, 0xffff, 0xffff, 0xffff, 0xffff, 0xffff, 0xffff, 0xffff, 0xffff, 0xffff, 0xffff, 0xffff, 0xffff, 0xffff, 0xffff, 0xffff, 0xffff, 0xffff, 0xffff, 0xffff, 0xffff, 0xffff, 0xffff, 0xffff, 0xffff, 0xffff, 0xffdf, 0xf7be, 0xf79e, 0xe6fb, 0xce79, 0xc5f7, 0xb596, 0xa4f3, 0x9471, 0x8c30, 0x83cf, 0x7bae, 0x738d, 0x736d, 0x734d, 0x6b4c, 0x6b4c, 0x6b4c, 0x6b4c, 0x6b4c, 0x6b4c, 0x6b4c, 0x6b4c, 0x6b4c, 0x6b4c, 0x6b4c, 0x6b4c, 0x6b4c, 0x6b4c, 0x6b4c, 0x6b4c, 0x6b4c, 0x6b4c, 0x6b4c, 0x6b4c, 0x6b4c, 0x6b4c, 0x6b4c, 0x6b4c, 0x6b4c, 0x6b4c, 0x6b4c, 0x6b4c, 0x6b2c, 0x6b2c, 0x6b0c, 0x6b0b, 0x6b2c, 0x736d, 0x7bae, 0x7bce, 0x9471, 0xa513, 0xb575, 0xbdd7, 0xd679, 0xe6fb, 0xef5d, 0xf79e, 0xf7be, 0xffdf, 0xffff, 0xffff, 0xffff, 0xffff, 0xffff, 0xffff, 0xffff, 0xffff, 0xffff, 0xffff, 0xffff, 0xffff, 0xffff, 0xffff, 0xffff, 0xffff, 0xffff, 0xffff, 0xffff, 0xffff, 0xffff, 0xffff, 0xffff, 0xffff, 0xffff, 0xffff, 0xffff, 0xffff, 0xffff, 0xffff, 0xffff, 0xffff, 0xffff, 0xffff, 0xffff, 0xffff, 0xffff, 0xffff, 0xffff, 0xffff, 0xffff, 0xffff, 0xffff, 0xffff, 0xffff, 0xffff, 0xffff, 0xffff, 0xffff, 0xffff, 0xffff, 0xffff, 0xffff, 0xffff, 0xffff, 0xffff, 0xffff, 0xffff, 0xffff, 0xffff, 0xffff, 0xffff, 0xffff, 0xffff, 0xffff, 0xffff, 0xffff, 0xffff, 0xffff, 0xffff, 0xffff, 0xffff, 0xffff, 0xffff, 0xffff, 0xffff, 0xffff, 0xffff, 0xffff, 0xffff, 0xffff, 0xffff, 0xffff, 0xffff, 0xffff, 0xffff, 0xffff, 0xffff, 0xffff, 0xffff, 0xffff, 0xffff, 0xffff, 0xffff, 0xffff, 0xffff, 0xffff, 0xffff, 0xffff, 0xffff, 0xffff, 0xffff, 0xffff, 0xffff, 0xffff, 0xffff, 0xffff, 0xffff, 0xffff, 0xffff, 0xffff, 0xffff, 0xffff, 0xffff, 0xffff, 0xffff, 0xffff, 0xffff, 0xffff, 0xffff, 0xffff, 0xffff, 0xffff, 0xffff, 0xffff, 0xffff, 0xffff, 0xffff, 0xffff, 0xffff, 0xffff, 0xffff, 0xffff, 0xffff, 0xffff, 0xffff, 0xffff, 0xffff, 0xffff, 0xffff, 0xffff, 0xffff, 0xffff, 0xffff, 0xffff, 0xffff, 0xffff, 0xffff, 0xffff, 0xffff, 0xffff, 0xffff, 0xffff, 0xffff, 0xffff, 0xffff, 0xffff, 0xffff, 0xffff, 0xffff, 0xffff, 0xffff, 0xffff, 0xffff, 0xffff, 0xffff, 0xffff, 0xffff, 0xffff, 0xffff, 0xffff, 0xffff, 0xffff, 0xffff, 0xffff, 0xffff, 0xffff, 0xffff, 0xffff, 0xffff, 0xffff, 0xffff, 0xffff, 0xffdf, 0xffdf, 0xf7be, 0xe71c, 0xd679, 0xc618, 0xb596, 0x9cd2, 0x8c30, 0x7bce, 0x738d, 0x734d, 0x6b4c, 0x6b2c, 0x6b2c, 0x6b2c, 0x6b4c, 0x6b4c, 0x6b4c, 0x6b4c, 0x6b4c, 0x6b4c, 0x6b4c, 0x6b4c, 0x6b4c, 0x6b4c, 0x6b4c, 0x6b4c, 0x6b4c, 0x6b4c, 0x6b4c, 0x6b4c, 0x6b4c, 0x6b4c, 0x6b4c, 0x6b4c, 0x6b4c, 0x6b4c, 0x6b4c, 0x6b4c, 0x6b4c, 0x6b4c, 0x6b4c, 0x6b2c, 0x6b2c, 0x6b2c, 0x6b2c, 0x6b2c, 0x6b4c, 0x736d, 0x7b8e, 0x9cb2, 0xbdb6, 0xce59, 0xdedb, 0xef5d, 0xf7be, 0xffdf, 0xffff, 0xffff, 0xffff, 0xffff, 0xffff, 0xffff, 0xffff, 0xffff, 0xffff, 0xffff, 0xffff, 0xffff, 0xffff, 0xffff, 0xffff, 0xffff, 0xffff, 0xffff, 0xffff, 0xffff, 0xffff, 0xffff, 0xffff, 0xffff, 0xffff, 0xffff, 0xffff, 0xffff, 0xffff, 0xffff, 0xffff, 0xffff, 0xffff, 0xffff, 0xffff, 0xffff, 0xffff, 0xffff, 0xffff, 0xffff, 0xffff, 0xffff, 0xffff, 0xffff, 0xffff, 0xffff, 0xffff, 0xffff, 0xffff, 0xffff, 0xffff, 0xffff, 0xffff, 0xffff, 0xffff, 0xffff, 0xffff, 0xffff, 0xffff, 0xffff, 0xffff, 0xffff, 0xffff, 0xffff, 0xffff, 0xffff, 0xffff, 0xffff, 0xffff, 0xffff, 0xffff, 0xffff, 0xffff, 0xffff, 0xffff, 0xffff, 0xffff, 0xffff, 0xffff, 0xffff, 0xffff, 0xffff, 0xffff, 0xffff, 0xffff, 0xffff, 0xffff, 0xffff, 0xffff, 0xffff, 0xffff, 0xffff, 0xffff, 0xffff, 0xffff, 0xffff, 0xffff, 0xffff, 0xffff, 0xffff, 0xffff, 0xffff, 0xffff, 0xffff, 0xffff, 0xffff, 0xffff, 0xffff, 0xffff, 0xffff, 0xffff, 0xffff, 0xffff, 0xffff, 0xffff, 0xffff, 0xffff, 0xffff, 0xffff, 0xffff, 0xffff, 0xffff, 0xffff, 0xffff, 0xffff, 0xffff, 0xffff, 0xffff, 0xffff, 0xffff, 0xffff, 0xffff, 0xffff, 0xffff, 0xffff, 0xffff, 0xffff, 0xffff, 0xffff, 0xffff, 0xffff, 0xffff, 0xffff, 0xffff, 0xffff, 0xffff, 0xffff, 0xffff, 0xffff, 0xffff, 0xffff, 0xffff, 0xffff, 0xffff, 0xffff, 0xffff, 0xffff, 0xffff, 0xffff, 0xffff, 0xffff, 0xffff, 0xffff, 0xffff, 0xffff, 0xffff, 0xffff, 0xffff, 0xffff, 0xffff, 0xffff, 0xffff, 0xffff, 0xffff, 0xffff, 0xffff, 0xffff, 0xffff, 0xffff, 0xffff, 0xffff, 0xffff, 0xffff, 0xffff, 0xffdf, 0xef7d, 0xe71c, 0xdedb, 0xd699, 0xbdf7, 0xb575, 0xa514, 0x9cb2, 0x8c50, 0x83ef, 0x7bae, 0x738d, 0x734d, 0x6b2c, 0x6b2c, 0x6b2c, 0x6b2c, 0x6b2c, 0x6b2c, 0x6b4c, 0x6b4c, 0x6b4c, 0x6b4c, 0x6b4c, 0x6b4c, 0x6b4c, 0x6b4c, 0x6b4c, 0x6b4c, 0x6b4c, 0x6b4c, 0x6b4c, 0x6b4c, 0x6b4c, 0x6b4c, 0x6b4c, 0x6b4c, 0x6b4c, 0x6b4c, 0x6b4c, 0x6b4c, 0x6b2c, 0x6b2c, 0x6b2c, 0x6b2c, 0x6b2c, 0x6b2c, 0x736d, 0x9471, 0xb575, 0xc618, 0xd6ba, 0xe73c, 0xf79e, 0xffdf, 0xffff, 0xffff, 0xffff, 0xffff, 0xffff, 0xffff, 0xffff, 0xffff, 0xffff, 0xffff, 0xffff, 0xffff, 0xffff, 0xffff, 0xffff, 0xffff, 0xffff, 0xffff, 0xffff, 0xffff, 0xffff, 0xffff, 0xffff, 0xffff, 0xffff, 0xffff, 0xffff, 0xffff, 0xffff, 0xffff, 0xffff, 0xffff, 0xffff, 0xffff, 0xffff, 0xffff, 0xffff, 0xffff, 0xffff, 0xffff, 0xffff, 0xffff, 0xffff, 0xffff, 0xffff, 0xffff, 0xffff, 0xffff, 0xffff, 0xffff, 0xffff, 0xffff, 0xffff, 0xffff, 0xffff, 0xffff, 0xffff, 0xffff, 0xffff, 0xffff, 0xffff, 0xffff, 0xffff, 0xffff, 0xffff, 0xffff, 0xffff, 0xffff, 0xffff, 0xffff, 0xffff, 0xffff, 0xffff, 0xffff, 0xffff, 0xffff, 0xffff, 0xffff, 0xffff, 0xffff, 0xffff, 0xffff, 0xffff, 0xffff, 0xffff, 0xffff, 0xffff, 0xffff, 0xffff, 0xffff, 0xffff, 0xffff, 0xffff, 0xffff, 0xffff, 0xffff, 0xffff, 0xffff, 0xffff, 0xffff, 0xffff, 0xffff, 0xffff, 0xffff, 0xffff, 0xffff, 0xffff, 0xffff, 0xffff, 0xffff, 0xffff, 0xffff, 0xffff, 0xffff, 0xffff, 0xffff, 0xffff, 0xffff, 0xffff, 0xffff, 0xffff, 0xffff, 0xffff, 0xffff, 0xffff, 0xffff, 0xffff, 0xffff, 0xffff, 0xffff, 0xffff, 0xffff, 0xffff, 0xffff, 0xffff, 0xffff, 0xffff, 0xffff, 0xffff, 0xffff, 0xffff, 0xffff, 0xffff, 0xffff, 0xffff, 0xffff, 0xffff, 0xffff, 0xffff, 0xffff, 0xffff, 0xffff, 0xffff, 0xffff, 0xffff, 0xffff, 0xffff, 0xffff, 0xffff, 0xffff, 0xffff, 0xffff, 0xffff, 0xffff, 0xffff, 0xffff, 0xffff, 0xffff, 0xffff, 0xffff, 0xffff, 0xffff, 0xffff, 0xffff, 0xffff, 0xffff, 0xffff, 0xffff, 0xffff, 0xffff, 0xffff, 0xffff, 0xffff, 0xffff, 0xffff, 0xffff, 0xffff, 0xffff, 0xffdf, 0xf7be, 0xef7d, 0xe73c, 0xdeba, 0xbdd7, 0xa534, 0x9cb2, 0x8c30, 0x738d, 0x6b2c, 0x630b, 0x630b, 0x6b0c, 0x6b2c, 0x6b2c, 0x6b2c, 0x6b4c, 0x6b4c, 0x6b4c, 0x6b4c, 0x6b4c, 0x6b4c, 0x6b4c, 0x6b4c, 0x6b4c, 0x6b4c, 0x6b4c, 0x6b4c, 0x6b4c, 0x6b4c, 0x6b4c, 0x6b4c, 0x6b4c, 0x6b4c, 0x6b4c, 0x6b4c, 0x6b4c, 0x6b4c, 0x6b4c, 0x6b4c, 0x6b2c, 0x6b2c, 0x6b2c, 0x6b4c, 0x8c50, 0xad54, 0xbdd7, 0xce79, 0xe71c, 0xf79e, 0xffdf, 0xffff, 0xffff, 0xffff, 0xffff, 0xffff, 0xffff, 0xffff, 0xffff, 0xffff, 0xffff, 0xffff, 0xffff, 0xffff, 0xffff, 0xffff, 0xffff, 0xffff, 0xffff, 0xffff, 0xffff, 0xffff, 0xffff, 0xffff, 0xffff, 0xffff, 0xffff, 0xffff, 0xffff, 0xffff, 0xffff, 0xffff, 0xffff, 0xffff, 0xffff, 0xffff, 0xffff, 0xffff, 0xffff, 0xffff, 0xffff, 0xffff, 0xffff, 0xffff, 0xffff, 0xffff, 0xffff, 0xffff, 0xffff, 0xffff, 0xffff, 0xffff, 0xffff, 0xffff, 0xffff, 0xffff, 0xffff, 0xffff, 0xffff, 0xffff, 0xffff, 0xffff, 0xffff, 0xffff, 0xffff, 0xffff, 0xffff, 0xffff, 0xffff, 0xffff, 0xffff, 0xffff, 0xffff, 0xffff, 0xffff, 0xffff, 0xffff, 0xffff, 0xffff, 0xffff, 0xffff, 0xffff, 0xffff, 0xffff, 0xffff, 0xffff, 0xffff, 0xffff, 0xffff, 0xffff, 0xffff, 0xffff, 0xffff, 0xffff, 0xffff, 0xffff, 0xffff, 0xffff, 0xffff, 0xffff, 0xffff, 0xffff, 0xffff, 0xffff, 0xffff, 0xffff, 0xffff, 0xffff, 0xffff, 0xffff, 0xffff, 0xffff, 0xffff, 0xffff, 0xffff, 0xffff, 0xffff, 0xffff, 0xffff, 0xffff, 0xffff, 0xffff, 0xffff, 0xffff, 0xffff, 0xffff, 0xffff, 0xffff, 0xffff, 0xffff, 0xffff, 0xffff, 0xffff, 0xffff, 0xffff, 0xffff, 0xffff, 0xffff, 0xffff, 0xffff, 0xffff, 0xffff, 0xffff, 0xffff, 0xffff, 0xffff, 0xffff, 0xffff, 0xffff, 0xffff, 0xffff, 0xffff, 0xffff, 0xffff, 0xffff, 0xffff, 0xffff, 0xffff, 0xffff, 0xffff, 0xffff, 0xffff, 0xffff, 0xffff, 0xffff, 0xffff, 0xffff, 0xffff, 0xffff, 0xffff, 0xffff, 0xffff, 0xffff, 0xffff, 0xffff, 0xffff, 0xffff, 0xffff, 0xffff, 0xffff, 0xffff, 0xffff, 0xffff, 0xffff, 0xffff, 0xffff, 0xffff, 0xffff, 0xffff, 0xffff, 0xffdf, 0xf7be, 0xf79e, 0xef5d, 0xdeba, 0xce59, 0xc5f7, 0xb596, 0xa513, 0x9cb2, 0x9471, 0x840f, 0x7bae, 0x7b8e, 0x736d, 0x736d, 0x6b4c, 0x6b4c, 0x6b4c, 0x6b4c, 0x6b4c, 0x6b4c, 0x6b4c, 0x6b4c, 0x6b4c, 0x6b4c, 0x6b4c, 0x6b4c, 0x6b4c, 0x6b4c, 0x6b4c, 0x6b4c, 0x6b4c, 0x6b4c, 0x6b4c, 0x6b4c, 0x6b4c, 0x6b4c, 0x6b4c, 0x6b4c, 0x6b2c, 0x6b2c, 0x6b2c, 0x6b4c, 0x8c50, 0xad34, 0xbdd7, 0xce79, 0xe71c, 0xf79e, 0xffdf, 0xffff, 0xffff, 0xffff, 0xffff, 0xffff, 0xffff, 0xffff, 0xffff, 0xffff, 0xffff, 0xffff, 0xffff, 0xffff, 0xffff, 0xffff, 0xffff, 0xffff, 0xffff, 0xffff, 0xffff, 0xffff, 0xffff, 0xffff, 0xffff, 0xffff, 0xffff, 0xffff, 0xffff, 0xffff, 0xffff, 0xffff, 0xffff, 0xffff, 0xffff, 0xffff, 0xffff, 0xffff, 0xffff, 0xffff, 0xffff, 0xffff, 0xffff, 0xffff, 0xffff, 0xffff, 0xffff, 0xffff, 0xffff, 0xffff, 0xffff, 0xffff, 0xffff, 0xffff, 0xffff, 0xffff, 0xffff, 0xffff, 0xffff, 0xffff, 0xffff, 0xffff, 0xffff, 0xffff, 0xffff, 0xffff, 0xffff, 0xffff, 0xffff, 0xffff, 0xffff, 0xffff, 0xffff, 0xffff, 0xffff, 0xffff, 0xffff, 0xffff, 0xffff, 0xffff, 0xffff, 0xffff, 0xffff, 0xffff, 0xffff, 0xffff, 0xffff, 0xffff, 0xffff, 0xffff, 0xffff, 0xffff, 0xffff, 0xffff, 0xffff, 0xffff, 0xffff, 0xffff, 0xffff, 0xffff, 0xffff, 0xffff, 0xffff, 0xffff, 0xffff, 0xffff, 0xffff, 0xffff, 0xffff, 0xffff, 0xffff, 0xffff, 0xffff, 0xffff, 0xffff, 0xffff, 0xffff, 0xffff, 0xffff, 0xffff, 0xffff, 0xffff, 0xffff, 0xffff, 0xffff, 0xffff, 0xffff, 0xffff, 0xffff, 0xffff, 0xffff, 0xffff, 0xffff, 0xffff, 0xffff, 0xffff, 0xffff, 0xffff, 0xffff, 0xffff, 0xffff, 0xffff, 0xffff, 0xffff, 0xffff, 0xffff, 0xffff, 0xffff, 0xffff, 0xffff, 0xffff, 0xffff, 0xffff, 0xffff, 0xffff, 0xffff, 0xffff, 0xffff, 0xffff, 0xffff, 0xffff, 0xffff, 0xffff, 0xffff, 0xffff, 0xffff, 0xffff, 0xffff, 0xffff, 0xffff, 0xffff, 0xffff, 0xffff, 0xffff, 0xffff, 0xffff, 0xffff, 0xffff, 0xffff, 0xffff, 0xffff, 0xffff, 0xffff, 0xffff, 0xffff, 0xffff, 0xffff, 0xffff, 0xffff, 0xffff, 0xffff, 0xffff, 0xffff, 0xffff, 0xffff, 0xffff, 0xffdf, 0xf79e, 0xe73c, 0xdedb, 0xce79, 0xb596, 0x9cb2, 0x8c30, 0x83ef, 0x738d, 0x6b4c, 0x6b2c, 0x6b2c, 0x6b2c, 0x6b4c, 0x6b4c, 0x6b4c, 0x6b4c, 0x6b4c, 0x6b4c, 0x6b4c, 0x6b4c, 0x6b4c, 0x6b4c, 0x6b4c, 0x6b4c, 0x6b4c, 0x6b4c, 0x6b4c, 0x6b4c, 0x6b4c, 0x6b4c, 0x6b4c, 0x6b4c, 0x6b2c, 0x6b2c, 0x6b2c, 0x6b4c, 0x8c50, 0xad34, 0xbdd7, 0xce79, 0xe71c, 0xf79e, 0xffdf, 0xffff, 0xffff, 0xffff, 0xffff, 0xffff, 0xffff, 0xffff, 0xffff, 0xffff, 0xffff, 0xffff, 0xffff, 0xffff, 0xffff, 0xffff, 0xffff, 0xffff, 0xffff, 0xffff, 0xffff, 0xffff, 0xffff, 0xffff, 0xffff, 0xffff, 0xffff, 0xffff, 0xffff, 0xffff, 0xffff, 0xffff, 0xffff, 0xffff, 0xffff, 0xffff, 0xffff, 0xffff, 0xffff, 0xffff, 0xffff, 0xffff, 0xffff, 0xffff, 0xffff, 0xffff, 0xffff, 0xffff, 0xffff, 0xffff, 0xffff, 0xffff, 0xffff, 0xffff, 0xffff, 0xffff, 0xffff, 0xffff, 0xffff, 0xffff, 0xffff, 0xffff, 0xffff, 0xffff, 0xffff, 0xffff, 0xffff, 0xffff, 0xffff, 0xffff, 0xffff, 0xffff, 0xffff, 0xffff, 0xffff, 0xffff, 0xffff, 0xffff, 0xffff, 0xffff, 0xffff, 0xffff, 0xffff, 0xffff, 0xffff, 0xffff, 0xffff, 0xffff, 0xffff, 0xffff, 0xffff, 0xffff, 0xffff, 0xffff, 0xffff, 0xffff, 0xffff, 0xffff, 0xffff, 0xffff, 0xffff, 0xffff, 0xffff, 0xffff, 0xffff, 0xffff, 0xffff, 0xffff, 0xffff, 0xffff, 0xffff, 0xffff, 0xffff, 0xffff, 0xffff, 0xffff, 0xffff, 0xffff, 0xffff, 0xffff, 0xffff, 0xffff, 0xffff, 0xffff, 0xffff, 0xffff, 0xffdf, 0xf79e, 0xef7d, 0xef5d, 0xef5d, 0xef5d, 0xef5d, 0xef5d, 0xef5d, 0xef5d, 0xef5d, 0xef5d, 0xef5d, 0xef5d, 0xef5d, 0xef5d, 0xef5d, 0xef5d, 0xef5d, 0xef5d, 0xef5d, 0xef5d, 0xef5d, 0xef5d, 0xef5d, 0xef5d, 0xef5d, 0xef5d, 0xef5d, 0xef5d, 0xef5d, 0xef5d, 0xef5d, 0xef5d, 0xef5d, 0xef5d, 0xef5d, 0xef5d, 0xef5d, 0xef5d, 0xef5d, 0xef5d, 0xef5d, 0xef5d, 0xef5d, 0xef5d, 0xef5d, 0xef5d, 0xef5d, 0xef5d, 0xef5d, 0xef5d, 0xef5d, 0xef5d, 0xef5d, 0xef5d, 0xef5d, 0xef5d, 0xef5d, 0xef5d, 0xef5d, 0xef5d, 0xef5d, 0xef5d, 0xef5d, 0xef5d, 0xef5d, 0xef5d, 0xef5d, 0xef5d, 0xe73c, 0xe71c, 0xdefb, 0xd6ba, 0xce79, 0xc5f7, 0xad75, 0xa513, 0x9cb2, 0x8c30, 0x7bce, 0x7b8e, 0x736d, 0x736d, 0x6b4c, 0x6b4c, 0x6b4c, 0x6b4c, 0x6b4c, 0x6b4c, 0x6b4c, 0x6b4c, 0x6b4c, 0x6b4c, 0x6b4c, 0x6b4c, 0x6b4c, 0x6b4c, 0x6b4c, 0x6b4c, 0x6b4c, 0x6b4c, 0x6b4c, 0x6b4c, 0x6b2c, 0x6b2c, 0x6b2c, 0x6b4c, 0x8c50, 0xad34, 0xbdd7, 0xce79, 0xe71c, 0xf79e, 0xffdf, 0xffff, 0xffff, 0xffff, 0xffff, 0xffff, 0xffff, 0xffff, 0xffff, 0xffff, 0xffff, 0xffff, 0xffff, 0xffff, 0xffff, 0xffff, 0xffff, 0xffff, 0xffff, 0xffff, 0xffff, 0xffff, 0xffff, 0xffff, 0xffff, 0xffff, 0xffff, 0xffff, 0xffff, 0xffff, 0xffff, 0xffff, 0xffff, 0xffff, 0xffff, 0xffff, 0xffff, 0xffff, 0xffff, 0xffff, 0xffff, 0xffff, 0xffff, 0xffff, 0xffff, 0xffff, 0xffff, 0xffff, 0xffff, 0xffff, 0xffff, 0xffff, 0xffff, 0xffff, 0xffff, 0xffff, 0xffff, 0xffff, 0xffff, 0xffff, 0xffff, 0xffff, 0xffff, 0xffff, 0xffff, 0xffff, 0xffff, 0xffff, 0xffff, 0xffff, 0xffff, 0xffff, 0xffff, 0xffff, 0xffff, 0xffff, 0xffff, 0xffff, 0xffff, 0xffff, 0xffff, 0xffff, 0xffff, 0xffff, 0xffff, 0xffff, 0xffff, 0xffff, 0xffff, 0xffff, 0xffff, 0xffff, 0xffff, 0xffff, 0xffff, 0xffff, 0xffff, 0xffff, 0xffff, 0xffff, 0xffff, 0xffff, 0xffff, 0xffff, 0xffff, 0xffff, 0xffff, 0xffff, 0xffff, 0xffff, 0xffff, 0xffff, 0xffff, 0xffff, 0xffff, 0xffff, 0xffff, 0xffff, 0xffff, 0xffff, 0xffff, 0xffff, 0xffff, 0xffdf, 0xffdf, 0xffdf, 0xf79e, 0xe73c, 0xdedb, 0xd699, 0xce79, 0xce79, 0xce79, 0xce79, 0xce79, 0xce79, 0xce79, 0xce79, 0xce79, 0xce79, 0xce79, 0xce79, 0xce79, 0xce79, 0xce79, 0xce79, 0xce79, 0xce79, 0xce79, 0xce79, 0xce79, 0xce79, 0xce79, 0xce79, 0xce79, 0xce79, 0xce79, 0xce79, 0xce79, 0xce79, 0xce79, 0xce79, 0xce79, 0xce79, 0xce79, 0xce79, 0xce79, 0xce79, 0xce79, 0xce79, 0xce79, 0xce79, 0xce79, 0xce79, 0xce79, 0xce79, 0xce79, 0xce79, 0xce79, 0xce79, 0xce79, 0xce79, 0xce79, 0xce79, 0xce79, 0xce79, 0xce79, 0xce79, 0xce79, 0xce79, 0xce79, 0xce79, 0xce79, 0xce79, 0xce79, 0xce79, 0xce79, 0xd679, 0xd699, 0xd699, 0xd679, 0xce59, 0xce38, 0xc5f7, 0xb5b6, 0xa513, 0x8c51, 0x840f, 0x7bce, 0x738d, 0x734c, 0x6b4c, 0x6b4c, 0x6b4c, 0x6b4c, 0x6b4c, 0x6b4c, 0x6b4c, 0x6b4c, 0x6b4c, 0x6b4c, 0x6b4c, 0x6b4c, 0x6b4c, 0x6b4c, 0x6b4c, 0x6b4c, 0x6b4c, 0x6b4c, 0x6b4c, 0x6b2c, 0x6b2c, 0x6b2c, 0x6b4c, 0x8c50, 0xad34, 0xbdd7, 0xce79, 0xe71c, 0xf79e, 0xffdf, 0xffff, 0xffff, 0xffff, 0xffff, 0xffff, 0xffff, 0xffff, 0xffff, 0xffff, 0xffff, 0xffff, 0xffff, 0xffff, 0xffff, 0xffff, 0xffff, 0xffff, 0xffff, 0xffff, 0xffff, 0xffff, 0xffff, 0xffff, 0xffff, 0xffff, 0xffff, 0xffff, 0xffff, 0xffff, 0xffff, 0xffff, 0xffff, 0xffff, 0xffff, 0xffff, 0xffff, 0xffff, 0xffff, 0xffff, 0xffff, 0xffff, 0xffff, 0xffff, 0xffff, 0xffff, 0xffff, 0xffff, 0xffff, 0xffff, 0xffff, 0xffff, 0xffff, 0xffff, 0xffff, 0xffff, 0xffff, 0xffff, 0xffff, 0xffff, 0xffff, 0xffff, 0xffff, 0xffff, 0xffff, 0xffff, 0xffff, 0xffff, 0xffff, 0xffff, 0xffff, 0xffff, 0xffff, 0xffff, 0xffff, 0xffff, 0xffff, 0xffff, 0xffff, 0xffff, 0xffff, 0xffff, 0xffff, 0xffff, 0xffff, 0xffff, 0xffff, 0xffff, 0xffff, 0xffff, 0xffff, 0xffff, 0xffff, 0xffff, 0xffff, 0xffff, 0xffff, 0xffff, 0xffff, 0xffff, 0xffff, 0xffff, 0xffff, 0xffff, 0xffff, 0xffff, 0xffff, 0xffff, 0xffff, 0xffff, 0xffff, 0xffff, 0xffff, 0xffff, 0xffff, 0xffff, 0xffff, 0xffff, 0xffff, 0xffff, 0xffff, 0xffff, 0xffff, 0xffdf, 0xffbe, 0xf7be, 0xe71c, 0xce38, 0xb575, 0x9cb2, 0x9492, 0x94b2, 0x9cb2, 0x9cb2, 0x9cb2, 0x9cb2, 0x9cb2, 0x9cb2, 0x9cb2, 0x9cb2, 0x9cb2, 0x9cb2, 0x9cb2, 0x9cb2, 0x9cb2, 0x9cb2, 0x9cb2, 0x9cb2, 0x9cb2, 0x9cb2, 0x9cb2, 0x9cb2, 0x9cb2, 0x9cb2, 0x9cb2, 0x9cb2, 0x9cb2, 0x9cb2, 0x9cb2, 0x9cb2, 0x9cb2, 0x9cb2, 0x9cb2, 0x9cb2, 0x9cb2, 0x9cb2, 0x9cb2, 0x9cb2, 0x9cb2, 0x9cb2, 0x9cb2, 0x9cb2, 0x9cb2, 0x9cb2, 0x9cb2, 0x9cb2, 0x9cb2, 0x9cb2, 0x9cb2, 0x9cb2, 0x9cb2, 0x9cb2, 0x9cb2, 0x9cb2, 0x9cb2, 0x9cb2, 0x9cb2, 0x9cb2, 0x9cb2, 0x9cb2, 0x9cb2, 0x9cb2, 0x9cb2, 0x9cb2, 0x9cb2, 0x9cb2, 0x9cb2, 0x9cb2, 0x9cb2, 0x9cb2, 0x9cb2, 0x9cb2, 0x9c92, 0x9471, 0x9451, 0x8410, 0x7bce, 0x7bae, 0x738d, 0x736d, 0x6b4c, 0x6b4c, 0x6b4c, 0x6b4c, 0x6b4c, 0x6b4c, 0x6b4c, 0x6b4c, 0x6b4c, 0x6b4c, 0x6b4c, 0x6b4c, 0x6b4c, 0x6b4c, 0x6b4c, 0x6b4c, 0x6b4c, 0x6b4c, 0x6b4c, 0x6b4c, 0x6b2c, 0x6b2c, 0x6b2c, 0x6b4c, 0x8c50, 0xad34, 0xbdd7, 0xce79, 0xe71c, 0xf79e, 0xffdf, 0xffff, 0xffff, 0xffff, 0xffff, 0xffff, 0xffff, 0xffff, 0xffff, 0xffff, 0xffff, 0xffff, 0xffff, 0xffff, 0xffff, 0xffff, 0xffff, 0xffff, 0xffff, 0xffff, 0xffff, 0xffff, 0xffff, 0xffff, 0xffff, 0xffff, 0xffff, 0xffff, 0xffff, 0xffff, 0xffff, 0xffff, 0xffff, 0xffff, 0xffff, 0xffff, 0xffff, 0xffff, 0xffff, 0xffff, 0xffff, 0xffff, 0xffff, 0xffff, 0xffff, 0xffff, 0xffff, 0xffff, 0xffff, 0xffff, 0xffff, 0xffff, 0xffff, 0xffff, 0xffff, 0xffff, 0xffff, 0xffff, 0xffff, 0xffff, 0xffff, 0xffff, 0xffff, 0xffff, 0xffff, 0xffff, 0xffff, 0xffff, 0xffff, 0xffff, 0xffff, 0xffff, 0xffff, 0xffff, 0xffff, 0xffff, 0xffff, 0xffff, 0xffff, 0xffff, 0xffff, 0xffff, 0xffff, 0xffff, 0xffff, 0xffff, 0xffff, 0xffff, 0xffff, 0xffff, 0xffff, 0xffff, 0xffff, 0xffff, 0xffff, 0xffff, 0xffff, 0xffff, 0xffff, 0xffff, 0xffff, 0xffff, 0xffff, 0xffff, 0xffff, 0xffff, 0xffff, 0xffff, 0xffff, 0xffff, 0xffff, 0xffff, 0xffff, 0xffff, 0xffff, 0xffff, 0xffff, 0xffff, 0xffff, 0xffff, 0xffff, 0xffff, 0xffff, 0xffdf, 0xf7be, 0xf79e, 0xd69a, 0xad34, 0x840f, 0x62eb, 0x62ca, 0x62ca, 0x62eb, 0x62eb, 0x62eb, 0x62eb, 0x62eb, 0x62eb, 0x62eb, 0x62eb, 0x62eb, 0x62eb, 0x62eb, 0x62eb, 0x62eb, 0x62eb, 0x62eb, 0x62eb, 0x62eb, 0x62eb, 0x62eb, 0x62eb, 0x62eb, 0x62eb, 0x62eb, 0x62eb, 0x62eb, 0x62eb, 0x62eb, 0x62eb, 0x62eb, 0x62eb, 0x62eb, 0x62eb, 0x62eb, 0x62eb, 0x62eb, 0x62eb, 0x62eb, 0x62eb, 0x62eb, 0x62eb, 0x62eb, 0x62eb, 0x62eb, 0x62eb, 0x62eb, 0x62eb, 0x62eb, 0x62eb, 0x62eb, 0x62eb, 0x62eb, 0x62eb, 0x62eb, 0x62eb, 0x62eb, 0x62eb, 0x62eb, 0x62eb, 0x62eb, 0x62eb, 0x62eb, 0x62eb, 0x62eb, 0x62eb, 0x62eb, 0x62eb, 0x62eb, 0x62eb, 0x62eb, 0x630b, 0x630b, 0x6b0b, 0x6b0b, 0x6b2c, 0x6b2c, 0x6b4c, 0x6b4c, 0x6b4c, 0x6b4c, 0x6b4c, 0x6b4c, 0x6b4c, 0x6b4c, 0x6b4c, 0x6b4c, 0x6b4c, 0x6b4c, 0x6b4c, 0x6b4c, 0x6b4c, 0x6b4c, 0x6b4c, 0x6b4c, 0x6b4c, 0x6b4c, 0x6b4c, 0x6b4c, 0x6b4c, 0x6b2c, 0x6b2c, 0x6b2c, 0x6b4c, 0x8c50, 0xad34, 0xbdd7, 0xce79, 0xe71c, 0xf79e, 0xffdf, 0xffff, 0xffff, 0xffff, 0xffff, 0xffff, 0xffff, 0xffff, 0xffff, 0xffff, 0xffff, 0xffff, 0xffff, 0xffff, 0xffff, 0xffff, 0xffff, 0xffff, 0xffff, 0xffff, 0xffff, 0xffff, 0xffff, 0xffff, 0xffff, 0xffff, 0xffff, 0xffff, 0xffff, 0xffff, 0xffff, 0xffff, 0xffff, 0xffff, 0xffff, 0xffff, 0xffff, 0xffff, 0xffff, 0xffff, 0xffff, 0xffff, 0xffff, 0xffff, 0xffff, 0xffff, 0xffff, 0xffff, 0xffff, 0xffff, 0xffff, 0xffff, 0xffff, 0xffff, 0xffff, 0xffff, 0xffff, 0xffff, 0xffff, 0xffff, 0xffff, 0xffff, 0xffff, 0xffff, 0xffff, 0xffff, 0xffff, 0xffff, 0xffff, 0xffff, 0xffff, 0xffff, 0xffff, 0xffff, 0xffff, 0xffff, 0xffff, 0xffff, 0xffff, 0xffff, 0xffff, 0xffff, 0xffff, 0xffff, 0xffff, 0xffff, 0xffff, 0xffff, 0xffff, 0xffff, 0xffff, 0xffff, 0xffff, 0xffff, 0xffff, 0xffff, 0xffff, 0xffff, 0xffff, 0xffff, 0xffff, 0xffff, 0xffff, 0xffff, 0xffff, 0xffff, 0xffff, 0xffff, 0xffff, 0xffff, 0xffff, 0xffff, 0xffff, 0xffff, 0xffff, 0xffff, 0xffff, 0xffff, 0xffff, 0xffff, 0xffff, 0xffff, 0xffff, 0xffdf, 0xf7be, 0xf79e, 0xd6ba, 0xad54, 0x8c30, 0x6b0b, 0x62eb, 0x630b, 0x6b0b, 0x6b2c, 0x6b2c, 0x6b2c, 0x6b2c, 0x6b2c, 0x6b2c, 0x6b2c, 0x6b2c, 0x6b2c, 0x6b2c, 0x6b2c, 0x6b2c, 0x6b2c, 0x6b2c, 0x6b2c, 0x6b2c, 0x6b2c, 0x6b2c, 0x6b2c, 0x6b2c, 0x6b2c, 0x6b2c, 0x6b2c, 0x6b2c, 0x6b2c, 0x6b2c, 0x6b2c, 0x6b2c, 0x6b2c, 0x6b2c, 0x6b2c, 0x6b2c, 0x6b2c, 0x6b2c, 0x6b2c, 0x6b2c, 0x6b2c, 0x6b2c, 0x6b2c, 0x6b2c, 0x6b2c, 0x6b2c, 0x6b2c, 0x6b2c, 0x6b2c, 0x6b2c, 0x6b2c, 0x6b2c, 0x6b2c, 0x6b2c, 0x6b2c, 0x6b2c, 0x6b2c, 0x6b2c, 0x6b2c, 0x6b2c, 0x6b2c, 0x6b2c, 0x6b2c, 0x6b2c, 0x6b2c, 0x6b2c, 0x6b2c, 0x6b2c, 0x6b2c, 0x6b2c, 0x6b2c, 0x6b2c, 0x6b2c, 0x6b2c, 0x6b2c, 0x6b2c, 0x6b2c, 0x6b4c, 0x6b4c, 0x6b4c, 0x6b4c, 0x6b4c, 0x6b4c, 0x6b4c, 0x6b4c, 0x6b4c, 0x6b4c, 0x6b4c, 0x6b4c, 0x6b4c, 0x6b4c, 0x6b4c, 0x6b4c, 0x6b4c, 0x6b4c, 0x6b4c, 0x6b4c, 0x6b4c, 0x6b4c, 0x6b4c, 0x6b4c, 0x6b2c, 0x6b2c, 0x6b2c, 0x6b4c, 0x8c50, 0xad34, 0xbdd7, 0xce79, 0xe71c, 0xf79e, 0xffdf, 0xffff, 0xffff, 0xffff, 0xffff, 0xffff, 0xffff, 0xffff, 0xffff, 0xffff, 0xffff, 0xffff, 0xffff, 0xffff, 0xffff, 0xffff, 0xffff, 0xffff, 0xffff, 0xffff, 0xffff, 0xffff, 0xffff, 0xffff, 0xffff, 0xffff, 0xffff, 0xffff, 0xffff, 0xffff, 0xffff, 0xffff, 0xffff, 0xffff, 0xffff, 0xffff, 0xffff, 0xffff, 0xffff, 0xffff, 0xffff, 0xffff, 0xffff, 0xffff, 0xffff, 0xffff, 0xffff, 0xffff, 0xffff, 0xffff, 0xffff, 0xffff, 0xffff, 0xffff, 0xffff, 0xffff, 0xffff, 0xffff, 0xffff, 0xffff, 0xffff, 0xffff, 0xffff, 0xffff, 0xffff, 0xffff, 0xffff, 0xffff, 0xffff, 0xffff, 0xffff, 0xffff, 0xffff, 0xffff, 0xffff, 0xffff, 0xffff, 0xffff, 0xffff, 0xffff, 0xffff, 0xffff, 0xffff, 0xffff, 0xffff, 0xffff, 0xffff, 0xffff, 0xffff, 0xffff, 0xffff, 0xffff, 0xffff, 0xffff, 0xffff, 0xffff, 0xffff, 0xffff, 0xffff, 0xffff, 0xffff, 0xffff, 0xffff, 0xffff, 0xffff, 0xffff, 0xffff, 0xffff, 0xffff, 0xffff, 0xffff, 0xffff, 0xffff, 0xffff, 0xffff, 0xffff, 0xffff, 0xffff, 0xffff, 0xffff, 0xffff, 0xffff, 0xffff, 0xffdf, 0xf7be, 0xf79e, 0xd6ba, 0xad55, 0x8c30, 0x6b2c, 0x630b, 0x6b2c, 0x6b2c, 0x6b4c, 0x6b4c, 0x6b4c, 0x6b4c, 0x6b4c, 0x6b4c, 0x6b4c, 0x6b4c, 0x6b4c, 0x6b4c, 0x6b4c, 0x6b4c, 0x6b4c, 0x6b4c, 0x6b4c, 0x6b4c, 0x6b4c, 0x6b4c, 0x6b4c, 0x6b4c, 0x6b4c, 0x6b4c, 0x6b4c, 0x6b4c, 0x6b4c, 0x6b4c, 0x6b4c, 0x6b4c, 0x6b4c, 0x6b4c, 0x6b4c, 0x6b4c, 0x6b4c, 0x6b4c, 0x6b4c, 0x6b4c, 0x6b4c, 0x6b4c, 0x6b4c, 0x6b4c, 0x6b4c, 0x6b4c, 0x6b4c, 0x6b4c, 0x6b4c, 0x6b4c, 0x6b4c, 0x6b4c, 0x6b4c, 0x6b4c, 0x6b4c, 0x6b4c, 0x6b4c, 0x6b4c, 0x6b4c, 0x6b4c, 0x6b4c, 0x6b4c, 0x6b4c, 0x6b4c, 0x6b4c, 0x6b4c, 0x6b4c, 0x6b4c, 0x6b4c, 0x6b4c, 0x6b4c, 0x6b4c, 0x6b4c, 0x6b4c, 0x6b4c, 0x6b4c, 0x6b4c, 0x6b4c, 0x6b4c, 0x6b4c, 0x6b4c, 0x6b4c, 0x6b4c, 0x6b4c, 0x6b4c, 0x6b4c, 0x6b4c, 0x6b4c, 0x6b4c, 0x6b4c, 0x6b4c, 0x6b4c, 0x6b4c, 0x6b4c, 0x6b4c, 0x6b4c, 0x6b4c, 0x6b4c, 0x6b4c, 0x6b4c, 0x6b4c, 0x6b2c, 0x6b2c, 0x6b2c, 0x6b4c, 0x8c50, 0xad34, 0xbdd7, 0xce79, 0xe71c, 0xf79e, 0xffdf, 0xffff, 0xffff, 0xffff, 0xffff, 0xffff, 0xffff, 0xffff, 0xffff, 0xffff, 0xffff, 0xffff, 0xffff, 0xffff, 0xffff, 0xffff, 0xffff, 0xffff, 0xffff, 0xffff, 0xffff, 0xffff, 0xffff, 0xffff, 0xffff, 0xffff, 0xffff, 0xffff, 0xffff, 0xffff, 0xffff, 0xffff, 0xffff, 0xffff, 0xffff, 0xffff, 0xffff, 0xffff, 0xffff, 0xffff, 0xffff, 0xffff, 0xffff, 0xffff, 0xffff, 0xffff, 0xffff, 0xffff, 0xffff, 0xffff, 0xffff, 0xffff, 0xffff, 0xffff, 0xffff, 0xffff, 0xffff, 0xffff, 0xffff, 0xffff, 0xffff, 0xffff, 0xffff, 0xffff, 0xffff, 0xffff, 0xffff, 0xffff, 0xffff, 0xffff, 0xffff, 0xffff, 0xffff, 0xffff, 0xffff, 0xffff, 0xffff, 0xffff, 0xffff, 0xffff, 0xffff, 0xffff, 0xffff, 0xffff, 0xffff, 0xffff, 0xffff, 0xffff, 0xffff, 0xffff, 0xffff, 0xffff, 0xffff, 0xffff, 0xffff, 0xffff, 0xffff, 0xffff, 0xffff, 0xffff, 0xffff, 0xffff, 0xffff, 0xffff, 0xffff, 0xffff, 0xffff, 0xffff, 0xffff, 0xffff, 0xffff, 0xffff, 0xffff, 0xffff, 0xffff, 0xffff, 0xffff, 0xffff, 0xffff, 0xffff, 0xffff, 0xffff, 0xffff, 0xffdf, 0xf7be, 0xf79e, 0xd6ba, 0xad55, 0x8c30, 0x6b2c, 0x630b, 0x6b2c, 0x6b2c, 0x6b4c, 0x6b4c, 0x6b4c, 0x6b4c, 0x6b4c, 0x6b4c, 0x6b4c, 0x6b4c, 0x6b4c, 0x6b4c, 0x6b4c, 0x6b4c, 0x6b4c, 0x6b4c, 0x6b4c, 0x6b4c, 0x6b4c, 0x6b4c, 0x6b4c, 0x6b4c, 0x6b4c, 0x6b4c, 0x6b4c, 0x6b4c, 0x6b4c, 0x6b4c, 0x6b4c, 0x6b4c, 0x6b4c, 0x6b4c, 0x6b4c, 0x6b4c, 0x6b4c, 0x6b4c, 0x6b4c, 0x6b4c, 0x6b4c, 0x6b4c, 0x6b4c, 0x6b4c, 0x6b4c, 0x6b4c, 0x6b4c, 0x6b4c, 0x6b4c, 0x6b4c, 0x6b4c, 0x6b4c, 0x6b4c, 0x6b4c, 0x6b4c, 0x6b4c, 0x6b4c, 0x6b4c, 0x6b4c, 0x6b4c, 0x6b4c, 0x6b4c, 0x6b4c, 0x6b4c, 0x6b4c, 0x6b4c, 0x6b4c, 0x6b4c, 0x6b4c, 0x6b4c, 0x6b4c, 0x6b4c, 0x6b4c, 0x6b4c, 0x6b4c, 0x6b4c, 0x6b4c, 0x6b4c, 0x6b4c, 0x6b4c, 0x6b4c, 0x6b4c, 0x6b4c, 0x6b4c, 0x6b4c, 0x6b4c, 0x6b4c, 0x6b4c, 0x6b4c, 0x6b4c, 0x6b4c, 0x6b4c, 0x6b4c, 0x6b4c, 0x6b4c, 0x6b4c, 0x6b4c, 0x6b4c, 0x6b4c, 0x6b4c, 0x6b4c, 0x6b2c, 0x6b2c, 0x6b2c, 0x6b4c, 0x8c50, 0xad34, 0xbdd7, 0xce79, 0xe71c, 0xf79e, 0xffdf, 0xffff, 0xffff, 0xffff, 0xffff, 0xffff, 0xffff, 0xffff, 0xffff, 0xffff, 0xffff, 0xffff, 0xffff, 0xffff, 0xffff, 0xffff, 0xffff, 0xffff, 0xffff, 0xffff, 0xffff, 0xffff, 0xffff, 0xffff, 0xffff, 0xffff, 0xffff, 0xffff, 0xffff, 0xffff, 0xffff, 0xffff, 0xffff, 0xffff, 0xffff, 0xffff, 0xffff, 0xffff, 0xffff, 0xffff, 0xffff, 0xffff, 0xffff, 0xffff, 0xffff, 0xffff, 0xffff, 0xffff, 0xffff, 0xffff, 0xffff, 0xffff, 0xffff, 0xffff, 0xffff, 0xffff, 0xffff, 0xffff, 0xffff, 0xffff, 0xffff, 0xffff, 0xffff, 0xffff, 0xffff, 0xffff, 0xffff, 0xffff, 0xffff, 0xffff, 0xffff, 0xffff, 0xffff, 0xffff, 0xffff, 0xffff, 0xffff, 0xffff, 0xffff, 0xffff, 0xffff, 0xffff, 0xffff, 0xffff, 0xffff, 0xffff, 0xffff, 0xffff, 0xffff, 0xffff, 0xffff, 0xffff, 0xffff, 0xffff, 0xffff, 0xffff, 0xffff, 0xffff, 0xffff, 0xffff, 0xffff, 0xffff, 0xffff, 0xffff, 0xffff, 0xffff, 0xffff, 0xffff, 0xffff, 0xffff, 0xffff, 0xffff, 0xffff, 0xffff, 0xffff, 0xffff, 0xffff, 0xffff, 0xffff, 0xffff, 0xffff, 0xffff, 0xffff, 0xffdf, 0xf7be, 0xf79e, 0xd6ba, 0xad55, 0x8c30, 0x6b2c, 0x630b, 0x6b2c, 0x6b2c, 0x6b4c, 0x6b4c, 0x6b4c, 0x6b4c, 0x6b4c, 0x6b4c, 0x6b4c, 0x6b4c, 0x6b4c, 0x6b4c, 0x6b4c, 0x6b4c, 0x6b4c, 0x6b4c, 0x6b4c, 0x6b4c, 0x6b4c, 0x6b4c, 0x6b4c, 0x6b4c, 0x6b4c, 0x6b4c, 0x6b4c, 0x6b4c, 0x6b4c, 0x6b4c, 0x6b4c, 0x6b4c, 0x6b4c, 0x6b4c, 0x6b4c, 0x6b4c, 0x6b4c, 0x6b4c, 0x6b4c, 0x6b4c, 0x6b4c, 0x6b4c, 0x6b4c, 0x6b4c, 0x6b4c, 0x6b4c, 0x6b4c, 0x6b4c, 0x6b4c, 0x6b4c, 0x6b4c, 0x6b4c, 0x6b4c, 0x6b4c, 0x6b4c, 0x6b4c, 0x6b4c, 0x6b4c, 0x6b4c, 0x6b4c, 0x6b4c, 0x6b4c, 0x6b4c, 0x6b4c, 0x6b4c, 0x6b4c, 0x6b4c, 0x6b4c, 0x6b4c, 0x6b4c, 0x6b4c, 0x6b4c, 0x6b4c, 0x6b4c, 0x6b4c, 0x6b4c, 0x6b4c, 0x6b4c, 0x6b4c, 0x6b4c, 0x6b4c, 0x6b4c, 0x6b4c, 0x6b4c, 0x6b4c, 0x6b4c, 0x6b4c, 0x6b4c, 0x6b4c, 0x6b4c, 0x6b4c, 0x6b4c, 0x6b4c, 0x6b4c, 0x6b4c, 0x6b4c, 0x6b4c, 0x6b4c, 0x6b4c, 0x6b4c, 0x6b4c, 0x6b2c, 0x6b2c, 0x6b2c, 0x6b4c, 0x8c50, 0xad34, 0xbdd7, 0xce79, 0xe71c, 0xf79e, 0xffdf, 0xffff, 0xffff, 0xffff, 0xffff, 0xffff, 0xffff, 0xffff, 0xffff, 0xffff, 0xffff, 0xffff, 0xffff, 0xffff, 0xffff, 0xffff, 0xffff, 0xffff, 0xffff, 0xffff, 0xffff, 0xffff, 0xffff, 0xffff, 0xffff, 0xffff, 0xffff, 0xffff, 0xffff, 0xffff, 0xffff, 0xffff, 0xffff, 0xffff, 0xffff, 0xffff, 0xffff, 0xffff, 0xffff, 0xffff, 0xffff, 0xffff, 0xffff, 0xffff, 0xffff, 0xffff, 0xffff, 0xffff, 0xffff, 0xffff, 0xffff, 0xffff, 0xffff, 0xffff, 0xffff, 0xffff, 0xffff, 0xffff, 0xffff, 0xffff, 0xffff, 0xffff, 0xffff, 0xffff, 0xffff, 0xffff, 0xffff, 0xffff, 0xffff, 0xffff, 0xffff, 0xffff, 0xffff, 0xffff, 0xffff, 0xffff, 0xffff, 0xffff, 0xffff, 0xffff, 0xffff, 0xffff, 0xffff, 0xffff, 0xffff, 0xffff, 0xffff, 0xffff, 0xffff, 0xffff, 0xffff, 0xffff, 0xffff, 0xffff, 0xffff, 0xffff, 0xffff, 0xffff, 0xffff, 0xffff, 0xffff, 0xffff, 0xffff, 0xffff, 0xffff, 0xffff, 0xffff, 0xffff, 0xffff, 0xffff, 0xffff, 0xffff, 0xffff, 0xffff, 0xffff, 0xffff, 0xffff, 0xffff, 0xffff, 0xffff, 0xffff, 0xffff, 0xffff, 0xffdf, 0xf7be, 0xf79e, 0xd6ba, 0xad55, 0x8c30, 0x6b2c, 0x630b, 0x6b2c, 0x6b2c, 0x6b4c, 0x6b4c, 0x6b4c, 0x6b4c, 0x6b4c, 0x6b4c, 0x6b4c, 0x6b4c, 0x6b4c, 0x6b4c, 0x6b4c, 0x6b4c, 0x6b4c, 0x6b4c, 0x6b4c, 0x6b4c, 0x6b4c, 0x6b4c, 0x6b4c, 0x6b4c, 0x6b4c, 0x6b4c, 0x6b4c, 0x6b4c, 0x6b4c, 0x6b4c, 0x6b4c, 0x6b4c, 0x6b4c, 0x6b4c, 0x6b4c, 0x6b4c, 0x6b4c, 0x6b4c, 0x6b4c, 0x6b4c, 0x6b4c, 0x6b4c, 0x6b4c, 0x6b4c, 0x6b4c, 0x6b4c, 0x6b4c, 0x6b4c, 0x6b4c, 0x6b4c, 0x6b4c, 0x6b4c, 0x6b4c, 0x6b4c, 0x6b4c, 0x6b4c, 0x6b4c, 0x6b4c, 0x6b4c, 0x6b4c, 0x6b4c, 0x6b4c, 0x6b4c, 0x6b4c, 0x6b4c, 0x6b4c, 0x6b4c, 0x6b4c, 0x6b4c, 0x6b4c, 0x6b4c, 0x6b4c, 0x6b4c, 0x6b4c, 0x6b4c, 0x6b4c, 0x6b4c, 0x6b4c, 0x6b4c, 0x6b4c, 0x6b4c, 0x6b4c, 0x6b4c, 0x6b4c, 0x6b4c, 0x6b4c, 0x6b4c, 0x6b4c, 0x6b4c, 0x6b4c, 0x6b4c, 0x6b4c, 0x6b4c, 0x6b4c, 0x6b4c, 0x6b4c, 0x6b4c, 0x6b4c, 0x6b4c, 0x6b4c, 0x6b4c, 0x6b2c, 0x6b2c, 0x6b2c, 0x6b4c, 0x8c50, 0xad34, 0xbdd7, 0xce79, 0xe71c, 0xf79e, 0xffdf, 0xffff, 0xffff, 0xffff, 0xffff, 0xffff, 0xffff, 0xffff, 0xffff, 0xffff, 0xffff, 0xffff, 0xffff, 0xffff, 0xffff, 0xffff, 0xffff, 0xffff, 0xffff, 0xffff, 0xffff, 0xffff, 0xffff, 0xffff, 0xffff, 0xffff, 0xffff, 0xffff, 0xffff, 0xffff, 0xffff, 0xffff, 0xffff, 0xffff, 0xffff, 0xffff, 0xffff, 0xffff, 0xffff, 0xffff, 0xffff, 0xffff, 0xffff, 0xffff, 0xffff, 0xffff, 0xffff, 0xffff, 0xffff, 0xffff, 0xffff, 0xffff, 0xffff, 0xffff, 0xffff, 0xffff, 0xffff, 0xffff, 0xffff, 0xffff, 0xffff, 0xffff, 0xffff, 0xffff, 0xffff, 0xffff, 0xffff, 0xffff, 0xffff, 0xffff, 0xffff, 0xffff, 0xffff, 0xffff, 0xffff, 0xffff, 0xffff, 0xffff, 0xffff, 0xffff, 0xffff, 0xffff, 0xffff, 0xffff, 0xffff, 0xffff, 0xffff, 0xffff, 0xffff, 0xffff, 0xffff, 0xffff, 0xffff, 0xffff, 0xffff, 0xffff, 0xffff, 0xffff, 0xffff, 0xffff, 0xffff, 0xffff, 0xffff, 0xffff, 0xffff, 0xffff, 0xffff, 0xffff, 0xffff, 0xffff, 0xffff, 0xffff, 0xffff, 0xffff, 0xffff, 0xffff, 0xffff, 0xffff, 0xffff, 0xffff, 0xffff, 0xffff, 0xffff, 0xffdf, 0xf7be, 0xf79e, 0xd6ba, 0xad55, 0x8c30, 0x6b2c, 0x630b, 0x6b2c, 0x6b2c, 0x6b4c, 0x6b4c, 0x6b4c, 0x6b4c, 0x6b4c, 0x6b4c, 0x6b4c, 0x6b4c, 0x6b4c, 0x6b4c, 0x6b4c, 0x6b4c, 0x6b4c, 0x6b4c, 0x6b4c, 0x6b4c, 0x6b4c, 0x6b4c, 0x6b4c, 0x6b4c, 0x6b4c, 0x6b4c, 0x6b4c, 0x6b4c, 0x6b4c, 0x6b4c, 0x6b4c, 0x6b4c, 0x6b4c, 0x6b4c, 0x6b4c, 0x6b4c, 0x6b4c, 0x6b4c, 0x6b4c, 0x6b4c, 0x6b4c, 0x6b4c, 0x6b4c, 0x6b4c, 0x6b4c, 0x6b4c, 0x6b4c, 0x6b4c, 0x6b4c, 0x6b4c, 0x6b4c, 0x6b4c, 0x6b4c, 0x6b4c, 0x6b4c, 0x6b4c, 0x6b4c, 0x6b4c, 0x6b4c, 0x6b4c, 0x6b4c, 0x6b4c, 0x6b4c, 0x6b4c, 0x6b4c, 0x6b4c, 0x6b4c, 0x6b4c, 0x6b4c, 0x6b4c, 0x6b4c, 0x6b4c, 0x6b4c, 0x6b4c, 0x6b4c, 0x6b4c, 0x6b4c, 0x6b4c, 0x6b4c, 0x6b4c, 0x6b4c, 0x6b4c, 0x6b4c, 0x6b4c, 0x6b4c, 0x6b4c, 0x6b4c, 0x6b4c, 0x6b4c, 0x6b4c, 0x6b4c, 0x6b4c, 0x6b4c, 0x6b4c, 0x6b4c, 0x6b4c, 0x6b4c, 0x6b4c, 0x6b4c, 0x6b4c, 0x6b4c, 0x6b2c, 0x6b2c, 0x6b2c, 0x6b4c, 0x8c50, 0xad34, 0xbdd7, 0xce79, 0xe71c, 0xf79e, 0xffdf, 0xffff, 0xffff, 0xffff, 0xffff, 0xffff, 0xffff, 0xffff, 0xffff, 0xffff, 0xffff, 0xffff, 0xffff, 0xffff, 0xffff, 0xffff, 0xffff, 0xffff, 0xffff, 0xffff, 0xffff, 0xffff, 0xffff, 0xffff, 0xffff, 0xffff, 0xffff, 0xffff, 0xffff, 0xffff, 0xffff, 0xffff, 0xffff, 0xffff, 0xffff, 0xffff, 0xffff, 0xffff, 0xffff, 0xffff, 0xffff, 0xffff, 0xffff, 0xffff, 0xffff, 0xffff, 0xffff, 0xffff, 0xffff, 0xffff, 0xffff, 0xffff, 0xffff, 0xffff, 0xffff, 0xffff, 0xffff, 0xffff, 0xffff, 0xffff, 0xffff, 0xffff, 0xffff, 0xffff, 0xffff, 0xffff, 0xffff, 0xffff, 0xffff, 0xffff, 0xffff, 0xffff, 0xffff, 0xffff, 0xffff, 0xffff, 0xffff, 0xffff, 0xffff, 0xffff, 0xffff, 0xffff, 0xffff, 0xffff, 0xffff, 0xffff, 0xffff, 0xffff, 0xffff, 0xffff, 0xffff, 0xffff, 0xffff, 0xffff, 0xffff, 0xffff, 0xffff, 0xffff, 0xffff, 0xffff, 0xffff, 0xffff, 0xffff, 0xffff, 0xffff, 0xffff, 0xffff, 0xffff, 0xffff, 0xffff, 0xffff, 0xffff, 0xffff, 0xffff, 0xffff, 0xffff, 0xffff, 0xffff, 0xffff, 0xffff, 0xffff, 0xffff, 0xffff, 0xffdf, 0xf7be, 0xf79e, 0xd6ba, 0xad55, 0x8c30, 0x6b2c, 0x630b, 0x6b2c, 0x6b2c, 0x6b4c, 0x6b4c, 0x6b4c, 0x6b4c, 0x6b4c, 0x6b4c, 0x6b4c, 0x6b4c, 0x6b4c, 0x6b4c, 0x6b4c, 0x6b4c, 0x6b4c, 0x6b4c, 0x6b4c, 0x6b4c, 0x6b4c, 0x6b4c, 0x6b4c, 0x6b4c, 0x6b4c, 0x6b4c, 0x6b4c, 0x6b4c, 0x6b4c, 0x6b4c, 0x6b4c, 0x6b4c, 0x6b4c, 0x6b4c, 0x6b4c, 0x6b4c, 0x6b4c, 0x6b4c, 0x6b4c, 0x6b4c, 0x6b4c, 0x6b4c, 0x6b4c, 0x6b4c, 0x6b4c, 0x6b4c, 0x6b4c, 0x6b4c, 0x6b4c, 0x6b4c, 0x6b4c, 0x6b4c, 0x6b4c, 0x6b4c, 0x6b4c, 0x6b4c, 0x6b4c, 0x6b4c, 0x6b4c, 0x6b4c, 0x6b4c, 0x6b4c, 0x6b4c, 0x6b4c, 0x6b4c, 0x6b4c, 0x6b4c, 0x6b4c, 0x6b4c, 0x6b4c, 0x6b4c, 0x6b4c, 0x6b4c, 0x6b4c, 0x6b4c, 0x6b4c, 0x6b4c, 0x6b4c, 0x6b4c, 0x6b4c, 0x6b4c, 0x6b4c, 0x6b4c, 0x6b4c, 0x6b4c, 0x6b4c, 0x6b4c, 0x6b4c, 0x6b4c, 0x6b4c, 0x6b4c, 0x6b4c, 0x6b4c, 0x6b4c, 0x6b4c, 0x6b4c, 0x6b4c, 0x6b4c, 0x6b4c, 0x6b4c, 0x6b4c, 0x6b2c, 0x6b2c, 0x6b2c, 0x6b4c, 0x8c50, 0xad34, 0xbdd7, 0xce79, 0xe71c, 0xf79e, 0xffdf, 0xffff, 0xffff, 0xffff, 0xffff, 0xffff, 0xffff, 0xffff, 0xffff, 0xffff, 0xffff, 0xffff, 0xffff, 0xffff, 0xffff, 0xffff, 0xffff, 0xffff, 0xffff, 0xffff, 0xffff, 0xffff, 0xffff, 0xffff, 0xffff, 0xffff, 0xffff, 0xffff, 0xffff, 0xffff, 0xffff, 0xffff, 0xffff, 0xffff, 0xffff, 0xffff, 0xffff, 0xffff, 0xffff, 0xffff, 0xffff, 0xffff, 0xffff, 0xffff, 0xffff, 0xffff, 0xffff, 0xffff, 0xffff, 0xffff, 0xffff, 0xffff, 0xffff, 0xffff, 0xffff, 0xffff, 0xffff, 0xffff, 0xffff, 0xffff, 0xffff, 0xffff, 0xffff, 0xffff, 0xffff, 0xffff, 0xffff, 0xffff, 0xffff, 0xffff, 0xffff, 0xffff, 0xffff, 0xffff, 0xffff, 0xffff, 0xffff, 0xffff, 0xffff, 0xffff, 0xffff, 0xffff, 0xffff, 0xffff, 0xffff, 0xffff, 0xffff, 0xffff, 0xffff, 0xffff, 0xffff, 0xffff, 0xffff, 0xffff, 0xffff, 0xffff, 0xffff, 0xffff, 0xffff, 0xffff, 0xffff, 0xffff, 0xffff, 0xffff, 0xffff, 0xffff, 0xffff, 0xffff, 0xffff, 0xffff, 0xffff, 0xffff, 0xffff, 0xffff, 0xffff, 0xffff, 0xffff, 0xffff, 0xffff, 0xffff, 0xffff, 0xffff, 0xffff, 0xffdf, 0xf7be, 0xf79e, 0xd6ba, 0xad55, 0x8c30, 0x6b2c, 0x630b, 0x6b2c, 0x6b2c, 0x6b4c, 0x6b4c, 0x6b4c, 0x6b4c, 0x6b4c, 0x6b4c, 0x6b4c, 0x6b4c, 0x6b4c, 0x6b4c, 0x6b4c, 0x6b4c, 0x6b4c, 0x6b4c, 0x6b4c, 0x6b4c, 0x6b4c, 0x6b4c, 0x6b4c, 0x6b4c, 0x6b4c, 0x6b4c, 0x6b4c, 0x6b4c, 0x6b4c, 0x6b4c, 0x6b4c, 0x6b4c, 0x6b4c, 0x6b4c, 0x6b4c, 0x6b4c, 0x6b4c, 0x6b4c, 0x6b4c, 0x6b4c, 0x6b4c, 0x6b4c, 0x6b4c, 0x6b4c, 0x6b4c, 0x6b4c, 0x6b4c, 0x6b4c, 0x6b4c, 0x6b4c, 0x6b4c, 0x6b4c, 0x6b4c, 0x6b4c, 0x6b4c, 0x6b4c, 0x6b4c, 0x6b4c, 0x6b4c, 0x6b4c, 0x6b4c, 0x6b4c, 0x6b4c, 0x6b4c, 0x6b4c, 0x6b4c, 0x6b4c, 0x6b4c, 0x6b4c, 0x6b4c, 0x6b4c, 0x6b4c, 0x6b4c, 0x6b4c, 0x6b4c, 0x6b4c, 0x6b4c, 0x6b4c, 0x6b4c, 0x6b4c, 0x6b4c, 0x6b4c, 0x6b4c, 0x6b4c, 0x6b4c, 0x6b4c, 0x6b4c, 0x6b4c, 0x6b4c, 0x6b4c, 0x6b4c, 0x6b4c, 0x6b4c, 0x6b4c, 0x6b4c, 0x6b4c, 0x6b4c, 0x6b4c, 0x6b4c, 0x6b4c, 0x6b4c, 0x6b2c, 0x6b2c, 0x6b2c, 0x6b4c, 0x8c50, 0xad34, 0xbdd7, 0xce79, 0xe71c, 0xf79e, 0xffdf, 0xffff, 0xffff, 0xffff, 0xffff, 0xffff, 0xffff, 0xffff, 0xffff, 0xffff, 0xffff, 0xffff, 0xffff, 0xffff, 0xffff, 0xffff, 0xffff, 0xffff, 0xffff, 0xffff, 0xffff, 0xffff, 0xffff, 0xffff, 0xffff, 0xffff, 0xffff, 0xffff, 0xffff, 0xffff, 0xffff, 0xffff, 0xffff, 0xffff, 0xffff, 0xffff, 0xffff, 0xffff, 0xffff, 0xffff, 0xffff, 0xffff, 0xffff, 0xffff, 0xffff, 0xffff, 0xffff, 0xffff, 0xffff, 0xffff, 0xffff, 0xffff, 0xffff, 0xffff, 0xffff, 0xffff, 0xffff, 0xffff, 0xffff, 0xffff, 0xffff, 0xffff, 0xffff, 0xffff, 0xffff, 0xffff, 0xffff, 0xffff, 0xffff, 0xffff, 0xffff, 0xffff, 0xffff, 0xffff, 0xffff, 0xffff, 0xffff, 0xffff, 0xffff, 0xffff, 0xffff, 0xffff, 0xffff, 0xffff, 0xffff, 0xffff, 0xffff, 0xffff, 0xffff, 0xffff, 0xffff, 0xffff, 0xffff, 0xffff, 0xffff, 0xffff, 0xffff, 0xffff, 0xffff, 0xffff, 0xffff, 0xffff, 0xffff, 0xffff, 0xffff, 0xffff, 0xffff, 0xffff, 0xffff, 0xffff, 0xffff, 0xffff, 0xffff, 0xffff, 0xffff, 0xffff, 0xffff, 0xffff, 0xffff, 0xffff, 0xffff, 0xffff, 0xffff, 0xffdf, 0xf7be, 0xf79e, 0xd6ba, 0xad55, 0x8c30, 0x6b2c, 0x630b, 0x6b2c, 0x6b2c, 0x6b4c, 0x6b4c, 0x6b4c, 0x6b4c, 0x6b4c, 0x6b4c, 0x6b4c, 0x6b4c, 0x6b4c, 0x6b4c, 0x6b4c, 0x6b4c, 0x6b4c, 0x6b4c, 0x6b4c, 0x6b4c, 0x6b4c, 0x6b4c, 0x6b4c, 0x6b4c, 0x6b4c, 0x6b4c, 0x6b4c, 0x6b4c, 0x6b4c, 0x6b4c, 0x6b4c, 0x6b4c, 0x6b4c, 0x6b4c, 0x6b4c, 0x6b4c, 0x6b4c, 0x6b4c, 0x6b4c, 0x6b4c, 0x6b4c, 0x6b4c, 0x6b4c, 0x6b4c, 0x6b4c, 0x6b4c, 0x6b4c, 0x6b4c, 0x6b4c, 0x6b4c, 0x6b4c, 0x6b4c, 0x6b4c, 0x6b4c, 0x6b4c, 0x6b4c, 0x6b4c, 0x6b4c, 0x6b4c, 0x6b4c, 0x6b4c, 0x6b4c, 0x6b4c, 0x6b4c, 0x6b4c, 0x6b4c, 0x6b4c, 0x6b4c, 0x6b4c, 0x6b4c, 0x6b4c, 0x6b4c, 0x6b4c, 0x6b4c, 0x6b4c, 0x6b4c, 0x6b4c, 0x6b4c, 0x6b4c, 0x6b4c, 0x6b4c, 0x6b4c, 0x6b4c, 0x6b4c, 0x6b4c, 0x6b4c, 0x6b4c, 0x6b4c, 0x6b4c, 0x6b4c, 0x6b4c, 0x6b4c, 0x6b4c, 0x6b4c, 0x6b4c, 0x6b4c, 0x6b4c, 0x6b4c, 0x6b4c, 0x6b4c, 0x6b4c, 0x6b2c, 0x6b2c, 0x6b2c, 0x6b4c, 0x8c50, 0xad34, 0xbdd7, 0xce79, 0xe71c, 0xf79e, 0xffdf, 0xffff, 0xffff, 0xffff, 0xffff, 0xffff, 0xffff, 0xffff, 0xffff, 0xffff, 0xffff, 0xffff, 0xffff, 0xffff, 0xffff, 0xffff, 0xffff, 0xffff, 0xffff, 0xffff, 0xffff, 0xffff, 0xffff, 0xffff, 0xffff, 0xffff, 0xffff, 0xffff, 0xffff, 0xffff, 0xffff, 0xffff, 0xffff, 0xffff, 0xffff, 0xffff, 0xffff, 0xffff, 0xffff, 0xffff, 0xffff, 0xffff, 0xffff, 0xffff, 0xffff, 0xffff, 0xffff, 0xffff, 0xffff, 0xffff, 0xffff, 0xffff, 0xffff, 0xffff, 0xffff, 0xffff, 0xffff, 0xffff, 0xffff, 0xffff, 0xffff, 0xffff, 0xffff, 0xffff, 0xffff, 0xffff, 0xffff, 0xffff, 0xffff, 0xffff, 0xffff, 0xffff, 0xffff, 0xffff, 0xffff, 0xffff, 0xffff, 0xffff, 0xffff, 0xffff, 0xffff, 0xffff, 0xffff, 0xffff, 0xffff, 0xffff, 0xffff, 0xffff, 0xffff, 0xffff, 0xffff, 0xffff, 0xffff, 0xffff, 0xffff, 0xffff, 0xffff, 0xffff, 0xffff, 0xffff, 0xffff, 0xffff, 0xffff, 0xffff, 0xffff, 0xffff, 0xffff, 0xffff, 0xffff, 0xffff, 0xffff, 0xffff, 0xffff, 0xffff, 0xffff, 0xffff, 0xffff, 0xffff, 0xffff, 0xffff, 0xffff, 0xffff, 0xffff, 0xffdf, 0xf7be, 0xf79e, 0xd6ba, 0xad55, 0x8c30, 0x6b2c, 0x630b, 0x6b2c, 0x6b2c, 0x6b4c, 0x6b4c, 0x6b4c, 0x6b4c, 0x6b4c, 0x6b4c, 0x6b4c, 0x6b4c, 0x6b4c, 0x6b4c, 0x6b4c, 0x6b4c, 0x6b4c, 0x6b4c, 0x6b4c, 0x6b4c, 0x6b4c, 0x6b4c, 0x6b4c, 0x6b4c, 0x6b4c, 0x6b4c, 0x6b4c, 0x6b4c, 0x6b4c, 0x6b4c, 0x6b4c, 0x6b4c, 0x6b4c, 0x6b4c, 0x6b4c, 0x6b4c, 0x6b4c, 0x6b4c, 0x6b4c, 0x6b4c, 0x6b4c, 0x6b4c, 0x6b4c, 0x6b4c, 0x6b4c, 0x6b4c, 0x6b4c, 0x6b4c, 0x6b4c, 0x6b4c, 0x6b4c, 0x6b4c, 0x6b4c, 0x6b4c, 0x6b4c, 0x6b4c, 0x6b4c, 0x6b4c, 0x6b4c, 0x6b4c, 0x6b4c, 0x6b4c, 0x6b4c, 0x6b4c, 0x6b4c, 0x6b4c, 0x6b4c, 0x6b4c, 0x6b4c, 0x6b4c, 0x6b4c, 0x6b4c, 0x6b4c, 0x6b4c, 0x6b4c, 0x6b4c, 0x6b4c, 0x6b4c, 0x6b4c, 0x6b4c, 0x6b4c, 0x6b4c, 0x6b4c, 0x6b4c, 0x6b4c, 0x6b4c, 0x6b4c, 0x6b4c, 0x6b4c, 0x6b4c, 0x6b4c, 0x6b4c, 0x6b4c, 0x6b4c, 0x6b4c, 0x6b4c, 0x6b4c, 0x6b4c, 0x6b4c, 0x6b4c, 0x6b4c, 0x6b2c, 0x6b2c, 0x6b2c, 0x6b4c, 0x8c50, 0xad34, 0xbdd7, 0xce79, 0xe71c, 0xf79e, 0xffdf, 0xffff, 0xffff, 0xffff, 0xffff, 0xffff, 0xffff, 0xffff, 0xffff, 0xffff, 0xffff, 0xffff, 0xffff, 0xffff, 0xffff, 0xffff, 0xffff, 0xffff, 0xffff, 0xffff, 0xffff, 0xffff, 0xffff, 0xffff, 0xffff, 0xffff, 0xffff, 0xffff, 0xffff, 0xffff, 0xffff, 0xffff, 0xffff, 0xffff, 0xffff, 0xffff, 0xffff, 0xffff, 0xffff, 0xffff, 0xffff, 0xffff, 0xffff, 0xffff, 0xffff, 0xffff, 0xffff, 0xffff, 0xffff, 0xffff, 0xffff, 0xffff, 0xffff, 0xffff, 0xffff, 0xffff, 0xffff, 0xffff, 0xffff, 0xffff, 0xffff, 0xffff, 0xffff, 0xffff, 0xffff, 0xffff, 0xffff, 0xffff, 0xffff, 0xffff, 0xffff, 0xffff, 0xffff, 0xffff, 0xffff, 0xffff, 0xffff, 0xffff, 0xffff, 0xffff, 0xffff, 0xffff, 0xffff, 0xffff, 0xffff, 0xffff, 0xffff, 0xffff, 0xffff, 0xffff, 0xffff, 0xffff, 0xffff, 0xffff, 0xffff, 0xffff, 0xffff, 0xffff, 0xffff, 0xffff, 0xffff, 0xffff, 0xffff, 0xffff, 0xffff, 0xffff, 0xffff, 0xffff, 0xffff, 0xffff, 0xffff, 0xffff, 0xffff, 0xffff, 0xffff, 0xffff, 0xffff, 0xffff, 0xffff, 0xffff, 0xffff, 0xffff, 0xffff, 0xffdf, 0xf7be, 0xf79e, 0xd6ba, 0xad55, 0x8c30, 0x6b2c, 0x630b, 0x6b2c, 0x6b2c, 0x6b4c, 0x6b4c, 0x6b4c, 0x6b4c, 0x6b4c, 0x6b4c, 0x6b4c, 0x6b4c, 0x6b4c, 0x6b4c, 0x6b4c, 0x6b4c, 0x6b4c, 0x6b4c, 0x6b4c, 0x6b4c, 0x6b4c, 0x6b4c, 0x6b4c, 0x6b4c, 0x6b4c, 0x6b4c, 0x6b4c, 0x6b4c, 0x6b4c, 0x6b4c, 0x6b4c, 0x6b4c, 0x6b4c, 0x6b4c, 0x6b4c, 0x6b4c, 0x6b4c, 0x6b4c, 0x6b4c, 0x6b4c, 0x6b4c, 0x6b4c, 0x6b4c, 0x6b4c, 0x6b4c, 0x6b4c, 0x6b4c, 0x6b4c, 0x6b4c, 0x6b4c, 0x6b4c, 0x6b4c, 0x6b4c, 0x6b4c, 0x6b4c, 0x6b4c, 0x6b4c, 0x6b4c, 0x6b4c, 0x6b4c, 0x6b4c, 0x6b4c, 0x6b4c, 0x6b4c, 0x6b4c, 0x6b4c, 0x6b4c, 0x6b4c, 0x6b4c, 0x6b4c, 0x6b4c, 0x6b4c, 0x6b4c, 0x6b4c, 0x6b4c, 0x6b4c, 0x6b4c, 0x6b4c, 0x6b4c, 0x6b4c, 0x6b4c, 0x6b4c, 0x6b4c, 0x6b4c, 0x6b4c, 0x6b4c, 0x6b4c, 0x6b4c, 0x6b4c, 0x6b4c, 0x6b4c, 0x6b4c, 0x6b4c, 0x6b4c, 0x6b4c, 0x6b4c, 0x6b4c, 0x6b4c, 0x6b4c, 0x6b4c, 0x6b4c, 0x6b2c, 0x6b2c, 0x6b2c, 0x6b4c, 0x8c50, 0xad34, 0xbdd7, 0xce79, 0xe71c, 0xf79e, 0xffdf, 0xffff, 0xffff, 0xffff, 0xffff, 0xffff, 0xffff, 0xffff, 0xffff, 0xffff, 0xffff, 0xffff, 0xffff, 0xffff, 0xffff, 0xffff, 0xffff, 0xffff, 0xffff, 0xffff, 0xffff, 0xffff, 0xffff, 0xffff, 0xffff, 0xffff, 0xffff, 0xffff, 0xffff, 0xffff, 0xffff, 0xffff, 0xffff, 0xffff, 0xffff, 0xffff, 0xffff, 0xffff, 0xffff, 0xffff, 0xffff, 0xffff, 0xffff, 0xffff, 0xffff, 0xffff, 0xffff, 0xffff, 0xffff, 0xffff, 0xffff, 0xffff, 0xffff, 0xffff, 0xffff, 0xffff, 0xffff, 0xffff, 0xffff, 0xffff, 0xffff, 0xffff, 0xffff, 0xffff, 0xffff, 0xffff, 0xffff, 0xffff, 0xffff, 0xffff, 0xffff, 0xffff, 0xffff, 0xffff, 0xffff, 0xffff, 0xffff, 0xffff, 0xffff, 0xffff, 0xffff, 0xffff, 0xffff, 0xffff, 0xffff, 0xffff, 0xffff, 0xffff, 0xffff, 0xffff, 0xffff, 0xffff, 0xffff, 0xffff, 0xffff, 0xffff, 0xffff, 0xffff, 0xffff, 0xffff, 0xffff, 0xffff, 0xffff, 0xffff, 0xffff, 0xffff, 0xffff, 0xffff, 0xffff, 0xffff, 0xffff, 0xffff, 0xffff, 0xffff, 0xffff, 0xffff, 0xffff, 0xffff, 0xffff, 0xffff, 0xffff, 0xffff, 0xffff, 0xffdf, 0xf7be, 0xf79e, 0xdefb, 0xbdd7, 0xa4f3, 0x8c30, 0x840f, 0x8c30, 0x8c30, 0x8c50, 0x8c50, 0x8c50, 0x8c50, 0x8c50, 0x8c50, 0x8c50, 0x8c50, 0x8c50, 0x8c50, 0x8c50, 0x8c50, 0x8c50, 0x8c50, 0x8c50, 0x8c50, 0x8c50, 0x8c50, 0x8c50, 0x8c50, 0x8c50, 0x8c50, 0x8c50, 0x8c50, 0x8c50, 0x8c50, 0x8c50, 0x8c50, 0x8c50, 0x8c50, 0x8c50, 0x8c50, 0x8c50, 0x8c50, 0x8c50, 0x8c50, 0x8c50, 0x8c50, 0x8c50, 0x8c50, 0x8c50, 0x8c50, 0x8c50, 0x8c50, 0x8c50, 0x8c50, 0x8c50, 0x8c50, 0x8c50, 0x8c50, 0x8c50, 0x8c50, 0x8c50, 0x8c50, 0x8c50, 0x8c50, 0x8c50, 0x8c50, 0x8c50, 0x8c50, 0x8c50, 0x8c50, 0x8c50, 0x8c50, 0x8c50, 0x8c50, 0x8c50, 0x8c50, 0x8c50, 0x8c50, 0x8c50, 0x8c50, 0x8c50, 0x8c50, 0x8c50, 0x8c50, 0x8c50, 0x8c50, 0x8c50, 0x8c50, 0x8c50, 0x8c50, 0x8c50, 0x8c50, 0x8c50, 0x8c50, 0x8c50, 0x8c50, 0x8c50, 0x8c50, 0x8c50, 0x8c50, 0x8c50, 0x8c50, 0x8c50, 0x8c50, 0x8c50, 0x8c30, 0x8c30, 0x8c30, 0x8c50, 0xa514, 0xbdd6, 0xce58, 0xdeba, 0xef3c, 0xf7be, 0xffdf, 0xffff, 0xffff, 0xffff, 0xffff, 0xffff, 0xffff, 0xffff, 0xffff, 0xffff, 0xffff, 0xffff, 0xffff, 0xffff, 0xffff, 0xffff, 0xffff, 0xffff, 0xffff, 0xffff, 0xffff, 0xffff, 0xffff, 0xffff, 0xffff, 0xffff, 0xffff, 0xffff, 0xffff, 0xffff, 0xffff, 0xffff, 0xffff, 0xffff, 0xffff, 0xffff, 0xffff, 0xffff, 0xffff, 0xffff, 0xffff, 0xffff, 0xffff, 0xffff, 0xffff, 0xffff, 0xffff, 0xffff, 0xffff, 0xffff, 0xffff, 0xffff, 0xffff, 0xffff, 0xffff, 0xffff, 0xffff, 0xffff, 0xffff, 0xffff, 0xffff, 0xffff, 0xffff, 0xffff, 0xffff, 0xffff, 0xffff, 0xffff, 0xffff, 0xffff, 0xffff, 0xffff, 0xffff, 0xffff, 0xffff, 0xffff, 0xffff, 0xffff, 0xffff, 0xffff, 0xffff, 0xffff, 0xffff, 0xffff, 0xffff, 0xffff, 0xffff, 0xffff, 0xffff, 0xffff, 0xffff, 0xffff, 0xffff, 0xffff, 0xffff, 0xffff, 0xffff, 0xffff, 0xffff, 0xffff, 0xffff, 0xffff, 0xffff, 0xffff, 0xffff, 0xffff, 0xffff, 0xffff, 0xffff, 0xffff, 0xffff, 0xffff, 0xffff, 0xffff, 0xffff, 0xffff, 0xffff, 0xffff, 0xffff, 0xffff, 0xffff, 0xffff, 0xffff, 0xffdf, 0xffdf, 0xffbe, 0xf77d, 0xe71c, 0xdedb, 0xd679, 0xd679, 0xd679, 0xd69a, 0xd69a, 0xd69a, 0xd69a, 0xd69a, 0xd69a, 0xd69a, 0xd69a, 0xd69a, 0xd69a, 0xd69a, 0xd69a, 0xd69a, 0xd69a, 0xd69a, 0xd69a, 0xd69a, 0xd69a, 0xd69a, 0xd69a, 0xd69a, 0xd69a, 0xd69a, 0xd69a, 0xd69a, 0xd69a, 0xd69a, 0xd69a, 0xd69a, 0xd69a, 0xd69a, 0xd69a, 0xd69a, 0xd69a, 0xd69a, 0xd69a, 0xd69a, 0xd69a, 0xd69a, 0xd69a, 0xd69a, 0xd69a, 0xd69a, 0xd69a, 0xd69a, 0xd69a, 0xd69a, 0xd69a, 0xd69a, 0xd69a, 0xd69a, 0xd69a, 0xd69a, 0xd69a, 0xd69a, 0xd69a, 0xd69a, 0xd69a, 0xd69a, 0xd69a, 0xd69a, 0xd69a, 0xd69a, 0xd69a, 0xd69a, 0xd69a, 0xd69a, 0xd69a, 0xd69a, 0xd69a, 0xd69a, 0xd69a, 0xd69a, 0xd69a, 0xd69a, 0xd69a, 0xd69a, 0xd69a, 0xd69a, 0xd69a, 0xd69a, 0xd69a, 0xd69a, 0xd69a, 0xd69a, 0xd69a, 0xd69a, 0xd69a, 0xd69a, 0xd69a, 0xd69a, 0xd69a, 0xd69a, 0xd69a, 0xd69a, 0xd69a, 0xd69a, 0xd69a, 0xd69a, 0xd69a, 0xd69a, 0xd6ba, 0xdefb, 0xe71c, 0xef5d, 0xef7d, 0xf7be, 0xffdf, 0xffff, 0xffff, 0xffff, 0xffff, 0xffff, 0xffff, 0xffff, 0xffff, 0xffff, 0xffff, 0xffff, 0xffff, 0xffff, 0xffff, 0xffff, 0xffff, 0xffff, 0xffff, 0xffff, 0xffff, 0xffff, 0xffff, 0xffff, 0xffff, 0xffff, 0xffff, 0xffff, 0xffff, 0xffff, 0xffff, 0xffff, 0xffff, 0xffff, 0xffff, 0xffff, 0xffff, 0xffff, 0xffff, 0xffff, 0xffff, 0xffff, 0xffff, 0xffff, 0xffff, 0xffff, 0xffff, 0xffff, 0xffff, 0xffff, 0xffff, 0xffff, 0xffff, 0xffff, 0xffff, 0xffff, 0xffff, 0xffff, 0xffff, 0xffff, 0xffff, 0xffff, 0xffff, 0xffff, 0xffff, 0xffff, 0xffff, 0xffff, 0xffff, 0xffff, 0xffff, 0xffff, 0xffff, 0xffff, 0xffff, 0xffff, 0xffff, 0xffff, 0xffff, 0xffff, 0xffff, 0xffff, 0xffff, 0xffff, 0xffff, 0xffff, 0xffff, 0xffff, 0xffff, 0xffff, 0xffff, 0xffff, 0xffff, 0xffff, 0xffff, 0xffff, 0xffff, 0xffff, 0xffff, 0xffff, 0xffff, 0xffff, 0xffff, 0xffff, 0xffff, 0xffff, 0xffff, 0xffff, 0xffff, 0xffff, 0xffff, 0xffff, 0xffff, 0xffff, 0xffff, 0xffff, 0xffff, 0xffff, 0xffff, 0xffff, 0xffff, 0xffff, 0xffff, 0xffff, 0xffff, 0xffff, 0xffdf, 0xf7be, 0xf77d, 0xef5d, 0xe73c, 0xe73c, 0xe73c, 0xe73c, 0xe73c, 0xef3c, 0xef3c, 0xef3c, 0xef3c, 0xef3c, 0xef3c, 0xef3c, 0xef3c, 0xef3c, 0xef3c, 0xef3c, 0xef3c, 0xef3c, 0xef3c, 0xef3c, 0xef3c, 0xef3c, 0xef3c, 0xef3c, 0xef3c, 0xef3c, 0xef3c, 0xef3c, 0xef3c, 0xef3c, 0xef3c, 0xef3c, 0xef3c, 0xef3c, 0xef3c, 0xef3c, 0xef3c, 0xef3c, 0xef3c, 0xef3c, 0xef3c, 0xef3c, 0xef3c, 0xef3c, 0xef3c, 0xef3c, 0xef3c, 0xef3c, 0xef3c, 0xef3c, 0xef3c, 0xef3c, 0xef3c, 0xef3c, 0xef3c, 0xef3c, 0xef3c, 0xef3c, 0xef3c, 0xef3c, 0xef3c, 0xef3c, 0xef3c, 0xef3c, 0xef3c, 0xef3c, 0xef3c, 0xef3c, 0xef3c, 0xef3c, 0xef3c, 0xef3c, 0xef3c, 0xef3c, 0xef3c, 0xef3c, 0xef3c, 0xef3c, 0xef3c, 0xef3c, 0xef3c, 0xef3c, 0xef3c, 0xef3c, 0xef3c, 0xef3c, 0xef3c, 0xef3c, 0xef3c, 0xef3c, 0xef3c, 0xef3c, 0xef3c, 0xef3c, 0xef3c, 0xef3c, 0xef3c, 0xef3c, 0xef3c, 0xef3c, 0xef3c, 0xef3c, 0xef3c, 0xef3c, 0xef5c, 0xef7d, 0xf79e, 0xf79e, 0xf7be, 0xffdf, 0xffff, 0xffff, 0xffff, 0xffff, 0xffff, 0xffff, 0xffff, 0xffff, 0xffff, 0xffff, 0xffff, 0xffff, 0xffff, 0xffff, 0xffff, 0xffff, 0xffff, 0xffff, 0xffff, 0xffff, 0xffff, 0xffff, 0xffff, 0xffff, 0xffff, 0xffff, 0xffff, 0xffff, 0xffff, 0xffff, 0xffff, 0xffff, 0xffff, 0xffff, 0xffff, 0xffff, 0xffff, 0xffff, 0xffff, 0xffff, 0xffff, 0xffff, 0xffff, 0xffff, 0xffff, 0xffff, 0xffff, 0xffff, 0xffff, 0xffff, 0xffff, 0xffff, 0xffff, 0xffff, 0xffff, 0xffff, 0xffff, 0xffff, 0xffff, 0xffff, 0xffff, 0xffff, 0xffff, 0xffff, 0xffff, 0xffff, 0xffff, 0xffff, 0xffff, 0xffff, 0xffff, 0xffff, 0xffff, 0xffff, 0xffff, 0xffff, 0xffff, 0xffff, 0xffff, 0xffff, 0xffff, 0xffff, 0xffff, 0xffff, 0xffff, 0xffff, 0xffff, 0xffff, 0xffff, 0xffff, 0xffff, 0xffff, 0xffff, 0xffff, 0xffff, 0xffff, 0xffff, 0xffff, 0xffff, 0xffff, 0xffff, 0xffff, 0xffff, 0xffff, 0xffff, 0xffff, 0xffff, 0xffff, 0xffff, 0xffff, 0xffff, 0xffff, 0xffff, 0xffff, 0xffff, 0xffff, 0xffff, 0xffff, 0xffff, 0xffff, 0xffff, 0xffff, 0xffff, 0xffff, 0xffff, 0xffff, 0xffff, 0xffff, 0xffff, 0xffff, 0xffff, 0xffff, 0xffff, 0xffff, 0xffff, 0xffff, 0xffff, 0xffff, 0xffff, 0xffff, 0xffff, 0xffff, 0xffff, 0xffff, 0xffff, 0xffff, 0xffff, 0xffff, 0xffff, 0xffff, 0xffff, 0xffff, 0xffff, 0xffff, 0xffff, 0xffff, 0xffff, 0xffff, 0xffff, 0xffff, 0xffff, 0xffff, 0xffff, 0xffff, 0xffff, 0xffff, 0xffff, 0xffff, 0xffff, 0xffff, 0xffff, 0xffff, 0xffff, 0xffff, 0xffff, 0xffff, 0xffff, 0xffff, 0xffff, 0xffff, 0xffff, 0xffff, 0xffff, 0xffff, 0xffff, 0xffff, 0xffff, 0xffff, 0xffff, 0xffff, 0xffff, 0xffff, 0xffff, 0xffff, 0xffff, 0xffff, 0xffff, 0xffff, 0xffff, 0xffff, 0xffff, 0xffff, 0xffff, 0xffff, 0xffff, 0xffff, 0xffff, 0xffff, 0xffff, 0xffff, 0xffff, 0xffff, 0xffff, 0xffff, 0xffff, 0xffff, 0xffff, 0xffff, 0xffff, 0xffff, 0xffff, 0xffff, 0xffff, 0xffff, 0xffff, 0xffff, 0xffff, 0xffff, 0xffff, 0xffff, 0xffff, 0xffff, 0xffff, 0xffff, 0xffff, 0xffff, 0xffff, 0xffff, 0xffff, 0xffff, 0xffff, 0xffff, 0xffff, 0xffff, 0xffff, 0xffff, 0xffff, 0xffff, 0xffff, 0xffff, 0xffff, 0xffff, 0xffff, 0xffff, 0xffff, 0xffff, 0xffff, 0xffff, 0xffff, 0xffff, 0xffff, 0xffff, 0xffff, 0xffff, 0xffff, 0xffff, 0xffff, 0xffff, 0xffff, 0xffff, 0xffff, 0xffff, 0xffff, 0xffff, 0xffff, 0xffff, 0xffff, 0xffff, 0xffff, 0xffff, 0xffff, 0xffff, 0xffff, 0xffff, 0xffff, 0xffff, 0xffff, 0xffff, 0xffff, 0xffff, 0xffff, 0xffff, 0xffff, 0xffff, 0xffff, 0xffff, 0xffff, 0xffff, 0xffff, 0xffff, 0xffff, 0xffff, 0xffff, 0xffff, 0xffff, 0xffff, 0xffff, 0xffff, 0xffff, 0xffff, 0xffff, 0xffff, 0xffff, 0xffff, 0xffff, 0xffff, 0xffff, 0xffff, 0xffff, 0xffff, 0xffff, 0xffff, 0xffff, 0xffff, 0xffff, 0xffff, 0xffff, 0xffff, 0xffff, 0xffff, 0xffff, 0xffff, 0xffff, 0xffff, 0xffff, 0xffff, 0xffff, 0xffff, 0xffff, 0xffff, 0xffff, 0xffff, 0xffff, 0xffff, 0xffff, 0xffff, 0xffff, 0xffff, 0xffff, 0xffff, 0xffff, 0xffff, 0xffff, 0xffff, 0xffff, 0xffff, 0xffff, 0xffff, 0xffff, 0xffff, 0xffff, 0xffff, 0xffff, 0xffff, 0xffff, 0xffff, 0xffff, 0xffff, 0xffff, 0xffff, 0xffff, 0xffff, 0xffff, 0xffff, 0xffff, 0xffff, 0xffff, 0xffff, 0xffff, 0xffff, 0xffff, 0xffff, 0xffff, 0xffff, 0xffff, 0xffff, 0xffff, 0xffff, 0xffff, 0xffff, 0xffff, 0xffff, 0xffff, 0xffff, 0xffff, 0xffff, 0xffff, 0xffff, 0xffff, 0xffff, 0xffff, 0xffff, 0xffff, 0xffff, 0xffff, 0xffff, 0xffff, 0xffff, 0xffff, 0xffff, 0xffff, 0xffff, 0xffff, 0xffff, 0xffff, 0xffff, 0xffff, 0xffff, 0xffff, 0xffff, 0xffff, 0xffff, 0xffff, 0xffff, 0xffff, 0xffff, 0xffff, 0xffff, 0xffff, 0xffff, 0xffff, 0xffff, 0xffff, 0xffff, 0xffff, 0xffff, 0xffff, 0xffff, 0xffff, 0xffff, 0xffff, 0xffff, 0xffff, 0xffff, 0xffff, 0xffff, 0xffff, 0xffff, 0xffff, 0xffff, 0xffff, 0xffff, 0xffff, 0xffff, 0xffff, 0xffff, 0xffff, 0xffff, 0xffff, 0xffff, 0xffff, 0xffff, 0xffff, 0xffff, 0xffff, 0xffff, 0xffff, 0xffff, 0xffff, 0xffff, 0xffff, 0xffff, 0xffff, 0xffff, 0xffff, 0xffff, 0xffff, 0xffff, 0xffff, 0xffff, 0xffff, 0xffff, 0xffff, 0xffff, 0xffff, 0xffff, 0xffff, 0xffff, 0xffff, 0xffff, 0xffff, 0xffff, 0xffff, 0xffff, 0xffff, 0xffff, 0xffff, 0xffff, 0xffff, 0xffff, 0xffff, 0xffff, 0xffff, 0xffff, 0xffff, 0xffff, 0xffff, 0xffff, 0xffff, 0xffff, 0xffff, 0xffff, 0xffff, 0xffff, 0xffff, 0xffff, 0xffff, 0xffff, 0xffff, 0xffff, 0xffff, 0xffff, 0xffff, 0xffff, 0xffff, 0xffff, 0xffff, 0xffff, 0xffff, 0xffff, 0xffff, 0xffff, 0xffff, 0xffff, 0xffff, 0xffff, 0xffff, 0xffff, 0xffff, 0xffff, 0xffff, 0xffff, 0xffff, 0xffff, 0xffff, 0xffff, 0xffff, 0xffff, 0xffff, 0xffff, 0xffff, 0xffff, 0xffff, 0xffff, 0xffff, 0xffff, 0xffff, 0xffff, 0xffff, 0xffff, 0xffff, 0xffff, 0xffff, 0xffff, 0xffff, 0xffff, 0xffff, 0xffff, 0xffff, 0xffff, 0xffff, 0xffff, 0xffff, 0xffff, 0xffff, 0xffff, 0xffff, 0xffff, 0xffff, 0xffff, 0xffff, 0xffff, 0xffff, 0xffff, 0xffff, 0xffff, 0xffff, 0xffff, 0xffff, 0xffff, 0xffff, 0xffff, 0xffff, 0xffff, 0xffff, 0xffff, 0xffff, 0xffff, 0xffff, 0xffff, 0xffff, 0xffff, 0xffff, 0xffff, 0xffff, 0xffff, 0xffff, 0xffff, 0xffff, 0xffff, 0xffff, 0xffff, 0xffff, 0xffff, 0xffff, 0xffff, 0xffff, 0xffff, 0xffff, 0xffff, 0xffff, 0xffff, 0xffff, 0xffff, 0xffff, 0xffff, 0xffff, 0xffff, 0xffff, 0xffff, 0xffff, 0xffff, 0xffff, 0xffff, 0xffff, 0xffff, 0xffff, 0xffff, 0xffff, 0xffff, 0xffff, 0xffff, 0xffff, 0xffff, 0xffff, 0xffff, 0xffff, 0xffff, 0xffff, 0xffff, 0xffff, 0xffff, 0xffff, 0xffff, 0xffff, 0xffff, 0xffff, 0xffff, 0xffff, 0xffff, 0xffff, 0xffff, 0xffff, 0xffff, 0xffff, 0xffff, 0xffff, 0xffff, 0xffff, 0xffff, 0xffff, 0xffff, 0xffff, 0xffff, 0xffff, 0xffff, 0xffff, 0xffff, 0xffff, 0xffff, 0xffff, 0xffff, 0xffff, 0xffff, 0xffff, 0xffff, 0xffff, 0xffff, 0xffff, 0xffff, 0xffff, 0xffff, 0xffff, 0xffff, 0xffff, 0xffff, 0xffff, 0xffff, 0xffff, 0xffff, 0xffff, 0xffff, 0xffff, 0xffff, 0xffff, 0xffff, 0xffff, 0xffff, 0xffff, 0xffff, 0xffff, 0xffff, 0xffff, 0xffff, 0xffff, 0xffff, 0xffff, 0xffff, 0xffff, 0xffff, 0xffff, 0xffff, 0xffff, 0xffff, 0xffff, 0xffff, 0xffff, 0xffff, 0xffff, 0xffff, 0xffff, 0xffff, 0xffff, 0xffff, 0xffff, 0xffff, 0xffff, 0xffff, 0xffff, 0xffff, 0xffff, 0xffff, 0xffff, 0xffff, 0xffff, 0xffff, 0xffff, 0xffff, 0xffff, 0xffff, 0xffff, 0xffff, 0xffff, 0xffff, 0xffff, 0xffff, 0xffff, 0xffff, 0xffff, 0xffff, 0xffff, 0xffff, 0xffff, 0xffff, 0xffff, 0xffff, 0xffff, 0xffff, 0xffff, 0xffff, 0xffff, 0xffff, 0xffff, 0xffff, 0xffff, 0xffff, 0xffff, 0xffff, 0xffff, 0xffff, 0xffff, 0xffff, 0xffff, 0xffff, 0xffff, 0xffff, 0xffff, 0xffff, 0xffff, 0xffff, 0xffff, 0xffff, 0xffff, 0xffff, 0xffff, 0xffff, 0xffff, 0xffff, 0xffff, 0xffff, 0xffff, 0xffff, 0xffff, 0xffff, 0xffff, 0xffff, 0xffff, 0xffff, 0xffff, 0xffff, 0xffff, 0xffff, 0xffff, 0xffff, 0xffff, 0xffff, 0xffff, 0xffff, 0xffff, 0xffff, 0xffff, 0xffff, 0xffff, 0xffff, 0xffff, 0xffff, 0xffff, 0xffff, 0xffff, 0xffff, 0xffff, 0xffff, 0xffff, 0xffff, 0xffff, 0xffff, 0xffff, 0xffff, 0xffff, 0xffff, 0xffff, 0xffff, 0xffff, 0xffff, 0xffff, 0xffff, 0xffff, 0xffff, 0xffff, 0xffff, 0xffff, 0xffff, 0xffff, 0xffff, 0xffff, 0xffff, 0xffff, 0xffff, 0xffff, 0xffff, 0xffff, 0xffff, 0xffff, 0xffff, 0xffff, 0xffff, 0xffff, 0xffff, 0xffff, 0xffff, 0xffff, 0xffff, 0xffff, 0xffff, 0xffff, 0xffff, 0xffff, 0xffff, 0xffff, 0xffff, 0xffff, 0xffff, 0xffff, 0xffff, 0xffff, 0xffff, 0xffff, 0xffff, 0xffff, 0xffff, 0xffff, 0xffff, 0xffff, 0xffff, 0xffff, 0xffff, 0xffff, 0xffff, 0xffff, 0xffff, 0xffff, 0xffff, 0xffff, 0xffff, 0xffff, 0xffff, 0xffff, 0xffff, 0xffff, 0xffff, 0xffff, 0xffff, 0xffff, 0xffff, 0xffff, 0xffff, 0xffff, 0xffff, 0xffff, 0xffff, 0xffff, 0xffff, 0xffff, 0xffff, 0xffff, 0xffff, 0xffff, 0xffff, 0xffff, 0xffff, 0xffff, 0xffff, 0xffff, 0xffff, 0xffff, 0xffff, 0xffff, 0xffff, 0xffff, 0xffff, 0xffff, 0xffff, 0xffff, 0xffff, 0xffff, 0xffff, 0xffff, 0xffff, 0xffff, 0xffff, 0xffff, 0xffff, 0xffff, 0xffff, 0xffff, 0xffff, 0xffff, 0xffff, 0xffff, 0xffff, 0xffff, 0xffff, 0xffff, 0xffff, 0xffff, 0xffff, 0xffff, 0xffff, 0xffff, 0xffff, 0xffff, 0xffff, 0xffff, 0xffff, 0xffff, 0xffff, 0xffff, 0xffff, 0xffff, 0xffff, 0xffff, 0xffff, 0xffff, 0xffff, 0xffff, 0xffff, 0xffff, 0xffff, 0xffff, 0xffff, 0xffff, 0xffff, 0xffff, 0xffff, 0xffff, 0xffff, 0xffff, 0xffff, 0xffff, 0xffff, 0xffff, 0xffff, 0xffff, 0xffff, 0xffff, 0xffff, 0xffff, 0xffff, 0xffff, 0xffff, 0xffff, 0xffff, 0xffff, 0xffff, 0xffff, 0xffff, 0xffff, 0xffff, 0xffff, 0xffff, 0xffff, 0xffff, 0xffff, 0xffff, 0xffff, 0xffff, 0xffff, 0xffff, 0xffff, 0xffff, 0xffff, 0xffff, 0xffff, 0xffff, 0xffff, 0xffff, 0xffff, 0xffff, 0xffff, 0xffff, 0xffff, 0xffff, 0xffff, 0xffff, 0xffff, 0xffff, 0xffff, 0xffff, 0xffff, 0xffff, 0xffff, 0xffff, 0xffff, 0xffff, 0xffff, 0xffff, 0xffff, 0xffff, 0xffff, 0xffff, 0xffff, 0xffff, 0xffff, 0xffff, 0xffff, 0xffff, 0xffff, 0xffff, 0xffff, 0xffff, 0xffff, 0xffff, 0xffff, 0xffff, 0xffff, 0xffff, 0xffff, 0xffff, 0xffff, 0xffff, 0xffff, 0xffff, 0xffff, 0xffff, 0xffff, 0xffff, 0xffff, 0xffff, 0xffff, 0xffff, 0xffff, 0xffff, 0xffff, 0xffff, 0xffff, 0xffff, 0xffff, 0xffff, 0xffff, 0xffff, 0xffff, 0xffff, 0xffff, 0xffff, 0xffff, 0xffff, 0xffff, 0xffff, 0xffff, 0xffff, 0xffff, 0xffff, 0xffff, 0xffff, 0xffff, 0xffff, 0xffff, 0xffff, 0xffff, 0xffff, 0xffff, 0xffff, 0xffff, 0xffff, 0xffff, 0xffff, 0xffff, 0xffff, 0xffff, 0xffff, 0xffff, 0xffff, 0xffff, 0xffff, 0xffff, 0xffff, 0xffff, 0xffff, 0xffff, 0xffff, 0xffff, 0xffff, 0xffff, 0xffff, 0xffff, 0xffff, 0xffff, 0xffff, 0xffff, 0xffff, 0xffff, 0xffff, 0xffff, 0xffff, 0xffff, 0xffff, 0xffff, 0xffff, 0xffff, 0xffff, 0xffff, 0xffff, 0xffff, 0xffff, 0xffff, 0xffff, 0xffff, 0xffff, 0xffff, 0xffff, 0xffff, 0xffff, 0xffff, 0xffff, 0xffff, 0xffff, 0xffff, 0xffff, 0xffff, 0xffff, 0xffff, 0xffff, 0xffff, 0xffff, 0xffff, 0xffff, 0xffff, 0xffff, 0xffff, 0xffff, 0xffff, 0xffff, 0xffff, 0xffff, 0xffff, 0xffff, 0xffff, 0xffff, 0xffff, 0xffff, 0xffff, 0xffff, 0xffff, 0xffff, 0xffff, 0xffff, 0xffff, 0xffff, 0xffff, 0xffff, 0xffff, 0xffff, 0xffff, 0xffff, 0xffff, 0xffff, 0xffff, 0xffff, 0xffff, 0xffff, 0xffff, 0xffff, 0xffff, 0xffff, 0xffff, 0xffff, 0xffff, 0xffff, 0xffff, 0xffff, 0xffff, 0xffff, 0xffff, 0xffff, 0xffff, 0xffff, 0xffff, 0xffff, 0xffff, 0xffff, 0xffff, 0xffff, 0xffff, 0xffff, 0xffff, 0xffff, 0xffff, 0xffff, 0xffff, 0xffff, 0xffff, 0xffff, 0xffff, 0xffff, 0xffff, 0xffff, 0xffff, 0xffff, 0xffff, 0xffff, 0xffff, 0xffff, 0xffff, 0xffff, 0xffff, 0xffff, 0xffff, 0xffff, 0xffff, 0xffff, 0xffff, 0xffff, 0xffff, 0xffff, 0xffff, 0xffff, 0xffff, 0xffff, 0xffff, 0xffff, 0xffff, 0xffff, 0xffff, 0xffff, 0xffff, 0xffff, 0xffff, 0xffff, 0xffff, 0xffff, 0xffff, 0xffff, 0xffff, 0xffff, 0xffff, 0xffff, 0xffff, 0xffff, 0xffff, 0xffff, 0xffff, 0xffff, 0xffff, 0xffff, 0xffff, 0xffff, 0xffff, 0xffff, 0xffff, 0xffff, 0xffff, 0xffff, 0xffff, 0xffff, 0xffff, 0xffff, 0xffff, 0xffff, 0xffff, 0xffff, 0xffff, 0xffff, 0xffff, 0xffff, 0xffff, 0xffff, 0xffff, 0xffff, 0xffff, 0xffff, 0xffff, 0xffff, 0xffff, 0xffff, 0xffff, 0xffff, 0xffff, 0xffff, 0xffff, 0xffff, 0xffff, 0xffff, 0xffff, 0xffff, 0xffff, 0xffff, 0xffff, 0xffff, 0xffff, 0xffff, 0xffff, 0xffff, 0xffff, 0xffff, 0xffff, 0xffff, 0xffff, 0xffff, 0xffff, 0xffff, 0xffff, 0xffff, 0xffff, 0xffff, 0xffff, 0xffff, 0xffff, 0xffff, 0xffff, 0xffff, 0xffff, 0xffff, 0xffff, 0xffff, 0xffff, 0xffff, 0xffff, 0xffff, 0xffff, 0xffff, 0xffff, 0xffff, 0xffff, 0xffff, 0xffff, 0xffff, 0xffff, 0xffff, 0xffff, 0xffff, 0xffff, 0xffff, 0xffff, 0xffff, 0xffff, 0xffff, 0xffff, 0xffff, 0xffff, 0xffff, 0xffff, 0xffff, 0xffff, 0xffff, 0xffff, 0xffff, 0xffff, 0xffff, 0xffff, 0xffff, 0xffff, 0xffff, 0xffff, 0xffff, 0xffff, 0xffff, 0xffff, 0xffff, 0xffff, 0xffff, 0xffff, 0xffff, 0xffff, 0xffff, 0xffff, 0xffff, 0xffff, 0xffff, 0xffff, 0xffff, 0xffff, 0xffff, 0xffff, 0xffff, 0xffff, 0xffff, 0xffff, 0xffff, 0xffff, 0xffff, 0xffff, 0xffff, 0xffff, 0xffff, 0xffff, 0xffff, 0xffff, 0xffff, 0xffff, 0xffff, 0xffff, 0xffff, 0xffff, 0xffff, 0xffff, 0xffff, 0xffff, 0xffff, 0xffff, 0xffff, 0xffff, 0xffff, 0xffff, 0xffff, 0xffff, 0xffff, 0xffff, 0xffff, 0xffff, 0xffff, 0xffff, 0xffff, 0xffff, 0xffff, 0xffff, 0xffff, 0xffff, 0xffff, 0xffff, 0xffff, 0xffff, 0xffff, 0xffff, 0xffff, 0xffff, 0xffff, 0xffff, 0xffff, 0xffff, 0xffff, 0xffff, 0xffff, 0xffff, 0xffff, 0xffff, 0xffff, 0xffff, 0xffff, 0xffff, 0xffff, 0xffff, 0xffff, 0xffff, 0xffff, 0xffff, 0xffff, 0xffff, 0xffff, 0xffff, 0xffff, 0xffff, 0xffff, 0xffff, 0xffff, 0xffff, 0xffff, 0xffff, 0xffff, 0xffff, 0xffff, 0xffff, 0xffff, 0xffff, 0xffff, 0xffff, 0xffff, 0xffff, 0xffff, 0xffff, 0xffff, 0xffff, 0xffff, 0xffff, 0xffff, 0xffff, 0xffff, 0xffff, 0xffff, 0xffff, 0xffff, 0xffff, 0xffff, 0xffff, 0xffff, 0xffff, 0xffff, 0xffff, 0xffff, 0xffff, 0xffff, 0xffff, 0xffff, 0xffff, 0xffff, 0xffff, 0xffff, 0xffff, 0xffff, 0xffff, 0xffff, 0xffff, 0xffff, 0xffff, 0xffff, 0xffff, 0xffff, 0xffff, 0xffff, 0xffff, 0xffff, 0xffff, 0xffff, 0xffff, 0xffff, 0xffff, 0xffff, 0xffff, 0xffff, 0xffff, 0xffff, 0xffff, 0xffff, 0xffff, 0xffff, 0xffff, 0xffff, 0xffff, 0xffff, 0xffff, 0xffff, 0xffff, 0xffff, 0xffff, 0xffff, 0xffff, 0xffff, 0xffff, 0xffff, 0xffff, 0xffff, 0xffff, 0xffff, 0xffff, 0xffff, 0xffff, 0xffff, 0xffff, 0xffff, 0xffff, 0xffff, 0xffff, 0xffff, 0xffff, 0xffff, 0xffff, 0xffff, 0xffff, 0xffff, 0xffff, 0xffff, 0xffff, 0xffff, 0xffff, 0xffff, 0xffff, 0xffff, 0xffff, 0xffff, 0xffff, 0xffff, 0xffff, 0xffff, 0xffff, 0xffff, 0xffff, 0xffff, 0xffff, 0xffff, 0xffff, 0xffff, 0xffff, 0xffff, 0xffff, 0xffff, 0xffff, 0xffff, 0xffff, 0xffff, 0xffff, 0xffff, 0xffff, 0xffff, 0xffff, 0xffff, 0xffff, 0xffff, 0xffff, 0xffff, 0xffff, 0xffff, 0xffff, 0xffff, 0xffff, 0xffff, 0xffff, 0xffff, 0xffff, 0xffff, 0xffff, 0xffff, 0xffff, 0xffff, 0xffff, 0xffff, 0xffff, 0xffff, 0xffff, 0xffff, 0xffff, 0xffff, 0xffff, 0xffff, 0xffff, 0xffff, 0xffff, 0xffff, 0xffff, 0xffff, 0xffff, 0xffff, 0xffff, 0xffff, 0xffff, 0xffff, 0xffff, 0xffff, 0xffff, 0xffff, 0xffff, 0xffff, 0xffff, 0xffff, 0xffff, 0xffff, 0xffff, 0xffff, 0xffff, 0xffff, 0xffff, 0xffff, 0xffff, 0xffff, 0xffff, 0xffff, 0xffff, 0xffff, 0xffff, 0xffff, 0xffff, 0xffff, 0xffff, 0xffff, 0xffff, 0xffff, 0xffff, 0xffff, 0xffff, 0xffff, 0xffff, 0xffff, 0xffff, 0xffff, 0xffff, 0xffff, 0xffff, 0xffff, 0xffff, 0xffff, 0xffff, 0xffff, 0xffff, 0xffff, 0xffff, 0xffff, 0xffff, 0xffff, 0xffff, 0xffff, 0xffff, 0xffff, 0xffff, 0xffff, 0xffff, 0xffff, 0xffff, 0xffff, 0xffff, 0xffff, 0xffff, 0xffff, 0xffff, 0xffff, 0xffff, 0xffff, 0xffff, 0xffff, 0xffff, 0xffff, 0xffff, 0xffff, 0xffff, 0xffff, 0xffff, 0xffff, 0xffff, 0xffff, 0xffff, 0xffff, 0xffff, 0xffff, 0xffff, 0xffff, 0xffff, 0xffff, 0xffff, 0xffff, 0xffff, 0xffff, 0xffff, 0xffff, 0xffff, 0xffff, 0xffff, 0xffff, 0xffff, 0xffff, 0xffff, 0xffff, 0xffff, 0xffff, 0xffff, 0xffff, 0xffff, 0xffff, 0xffff, 0xffff, 0xffdf, 0xffdf, 0xf79e, 0xf77d, 0xef5d, 0xef5d, 0xef5d, 0xef5d, 0xef5d, 0xef5d, 0xef5d, 0xef5d, 0xef5d, 0xef5d, 0xef5d, 0xef5d, 0xef5d, 0xef5d, 0xef5d, 0xef5d, 0xef5d, 0xef5d, 0xef5d, 0xef5d, 0xef5d, 0xef5d, 0xef5d, 0xef5d, 0xef7d, 0xf79e, 0xf79e, 0xf7be, 0xffdf, 0xffff, 0xffff, 0xffff, 0xffff, 0xffff, 0xffff, 0xffff, 0xffff, 0xffff, 0xffff, 0xffff, 0xffff, 0xffff, 0xffff, 0xffff, 0xffff, 0xffff, 0xffff, 0xffff, 0xffff, 0xffff, 0xffff, 0xffff, 0xffff, 0xffff, 0xffff, 0xffdf, 0xffdf, 0xf7be, 0xf7be, 0xf79e, 0xf79e, 0xf77d, 0xef7d, 0xef7d, 0xef7d, 0xef5d, 0xef5d, 0xef5d, 0xef5d, 0xef5d, 0xef5d, 0xef5d, 0xef5d, 0xef5d, 0xef5d, 0xef5d, 0xef5d, 0xef5d, 0xef5d, 0xef5d, 0xef7d, 0xef7d, 0xef7d, 0xf79e, 0xf7be, 0xf7be, 0xffdf, 0xffdf, 0xffdf, 0xffdf, 0xffff, 0xffff, 0xffff, 0xffff, 0xffff, 0xffff, 0xffff, 0xffff, 0xffff, 0xffff, 0xffff, 0xffff, 0xffff, 0xffff, 0xffff, 0xffff, 0xffff, 0xffff, 0xffff, 0xffff, 0xffff, 0xffff, 0xffff, 0xffff, 0xffff, 0xffff, 0xffff, 0xffff, 0xffff, 0xffff, 0xffff, 0xffff, 0xffff, 0xffff, 0xffff, 0xffff, 0xffff, 0xffff, 0xffff, 0xffff, 0xffff, 0xffff, 0xffff, 0xffff, 0xffff, 0xffff, 0xffff, 0xffff, 0xffff, 0xffff, 0xffff, 0xffff, 0xffff, 0xffff, 0xffff, 0xffff, 0xffff, 0xffff, 0xffff, 0xffff, 0xffff, 0xffff, 0xffff, 0xffff, 0xffff, 0xffff, 0xffff, 0xffff, 0xffff, 0xffff, 0xffff, 0xffff, 0xffff, 0xffff, 0xffff, 0xffff, 0xffff, 0xffff, 0xffff, 0xffff, 0xffff, 0xffff, 0xffff, 0xffff, 0xffff, 0xffff, 0xffff, 0xffff, 0xffff, 0xffff, 0xffff, 0xffff, 0xffff, 0xffff, 0xffff, 0xffff, 0xffff, 0xffff, 0xffff, 0xffff, 0xffff, 0xffff, 0xffff, 0xffff, 0xffff, 0xffff, 0xffff, 0xffff, 0xffff, 0xffff, 0xffff, 0xffff, 0xffff, 0xffff, 0xffff, 0xffff, 0xffff, 0xffff, 0xffff, 0xffff, 0xffff, 0xffff, 0xffff, 0xffff, 0xffff, 0xffff, 0xffff, 0xffff, 0xffff, 0xffff, 0xffff, 0xffff, 0xffff, 0xffff, 0xffff, 0xffff, 0xffff, 0xffff, 0xffff, 0xffff, 0xffff, 0xffff, 0xffff, 0xffff, 0xffdf, 0xffdf, 0xffdf, 0xf79e, 0xef3c, 0xdefb, 0xd6ba, 0xd6ba, 0xd6ba, 0xd6ba, 0xd6ba, 0xd6ba, 0xd6ba, 0xd6ba, 0xd6ba, 0xd6ba, 0xd6ba, 0xd6ba, 0xd6ba, 0xd6ba, 0xd6ba, 0xd6ba, 0xd6ba, 0xd6ba, 0xd6ba, 0xd6ba, 0xd6ba, 0xd6ba, 0xd6ba, 0xdeba, 0xdedb, 0xe71c, 0xe73c, 0xef5d, 0xf79e, 0xffdf, 0xffff, 0xffff, 0xffff, 0xffff, 0xffff, 0xffff, 0xffff, 0xffff, 0xffff, 0xffff, 0xffff, 0xffff, 0xffff, 0xffff, 0xffff, 0xffff, 0xffff, 0xffff, 0xffff, 0xffff, 0xffff, 0xffff, 0xffff, 0xffdf, 0xffdf, 0xf7be, 0xf7be, 0xef7d, 0xef5d, 0xe73c, 0xe71c, 0xdefb, 0xdefb, 0xdedb, 0xdeda, 0xdeba, 0xd6ba, 0xd6ba, 0xd6ba, 0xd6ba, 0xd6ba, 0xd6ba, 0xd6ba, 0xd6ba, 0xd6ba, 0xd6ba, 0xd6ba, 0xd6ba, 0xd6ba, 0xdeba, 0xdeda, 0xdedb, 0xdefb, 0xe71c, 0xef5c, 0xef7d, 0xf77d, 0xf79e, 0xf7be, 0xf7be, 0xffdf, 0xffdf, 0xffff, 0xffff, 0xffff, 0xffff, 0xffff, 0xffff, 0xffff, 0xffff, 0xffff, 0xffff, 0xffff, 0xffff, 0xffff, 0xffff, 0xffff, 0xffff, 0xffff, 0xffff, 0xffff, 0xffff, 0xffff, 0xffff, 0xffff, 0xffff, 0xffff, 0xffff, 0xffff, 0xffff, 0xffff, 0xffff, 0xffff, 0xffff, 0xffff, 0xffff, 0xffff, 0xffff, 0xffff, 0xffff, 0xffff, 0xffff, 0xffff, 0xffff, 0xffff, 0xffff, 0xffff, 0xffff, 0xffff, 0xffff, 0xffff, 0xffff, 0xffff, 0xffff, 0xffff, 0xffff, 0xffff, 0xffff, 0xffff, 0xffff, 0xffff, 0xffff, 0xffff, 0xffff, 0xffff, 0xffff, 0xffff, 0xffff, 0xffff, 0xffff, 0xffff, 0xffff, 0xffff, 0xffff, 0xffff, 0xffff, 0xffff, 0xffff, 0xffff, 0xffff, 0xffff, 0xffff, 0xffff, 0xffff, 0xffff, 0xffff, 0xffff, 0xffff, 0xffff, 0xffff, 0xffff, 0xffff, 0xffff, 0xffff, 0xffff, 0xffff, 0xffff, 0xffff, 0xffff, 0xffff, 0xffff, 0xffff, 0xffff, 0xffff, 0xffff, 0xffff, 0xffff, 0xffff, 0xffff, 0xffff, 0xffff, 0xffff, 0xffff, 0xffff, 0xffff, 0xffff, 0xffff, 0xffff, 0xffff, 0xffff, 0xffff, 0xffff, 0xffff, 0xffff, 0xffff, 0xffff, 0xffff, 0xffff, 0xffff, 0xffff, 0xffff, 0xffff, 0xffff, 0xffff, 0xffff, 0xffff, 0xffff, 0xffff, 0xffff, 0xffff, 0xffff, 0xffff, 0xffff, 0xffff, 0xffdf, 0xf7be, 0xf79e, 0xe6fb, 0xc617, 0xad34, 0x9471, 0x8c50, 0x9471, 0x9471, 0x9471, 0x9491, 0x9491, 0x9491, 0x9491, 0x9491, 0x9491, 0x9491, 0x9491, 0x9491, 0x9491, 0x9491, 0x9491, 0x9491, 0x9471, 0x9471, 0x9471, 0x9471, 0x9471, 0x9492, 0xa4f3, 0xad75, 0xbdd7, 0xce38, 0xdefb, 0xf7be, 0xffdf, 0xffff, 0xffff, 0xffff, 0xffff, 0xffff, 0xffff, 0xffff, 0xffff, 0xffff, 0xffff, 0xffff, 0xffff, 0xffff, 0xffff, 0xffff, 0xffff, 0xffff, 0xffff, 0xffdf, 0xf79e, 0xef7d, 0xef5d, 0xdedb, 0xce59, 0xc618, 0xbdb6, 0xb575, 0xa514, 0xa4f3, 0x9cd2, 0x9cb2, 0x9492, 0x9491, 0x9491, 0x9491, 0x9491, 0x9491, 0x9491, 0x9491, 0x9491, 0x9491, 0x9491, 0x9491, 0x9491, 0x9491, 0x9491, 0x9491, 0x9491, 0x9491, 0x9491, 0x9491, 0x9cb2, 0x9cb2, 0xa4f3, 0xa513, 0xad34, 0xad75, 0xb596, 0xbdf7, 0xce59, 0xdedb, 0xe73c, 0xef7d, 0xf7be, 0xffdf, 0xffff, 0xffff, 0xffff, 0xffff, 0xffff, 0xffff, 0xffff, 0xffff, 0xffff, 0xffff, 0xffff, 0xffff, 0xffff, 0xffff, 0xffff, 0xffff, 0xffff, 0xffff, 0xffff, 0xffff, 0xffff, 0xffff, 0xffff, 0xffff, 0xffff, 0xffff, 0xffff, 0xffff, 0xffff, 0xffff, 0xffff, 0xffff, 0xffff, 0xffff, 0xffff, 0xffff, 0xffff, 0xffff, 0xffff, 0xffff, 0xffff, 0xffff, 0xffff, 0xffff, 0xffff, 0xffff, 0xffff, 0xffff, 0xffff, 0xffff, 0xffff, 0xffff, 0xffff, 0xffff, 0xffff, 0xffff, 0xffff, 0xffff, 0xffff, 0xffff, 0xffff, 0xffff, 0xffff, 0xffff, 0xffff, 0xffff, 0xffff, 0xffff, 0xffff, 0xffff, 0xffff, 0xffff, 0xffff, 0xffff, 0xffff, 0xffff, 0xffff, 0xffff, 0xffff, 0xffff, 0xffff, 0xffff, 0xffff, 0xffff, 0xffff, 0xffff, 0xffff, 0xffff, 0xffff, 0xffff, 0xffff, 0xffff, 0xffff, 0xffff, 0xffff, 0xffff, 0xffff, 0xffff, 0xffff, 0xffff, 0xffff, 0xffff, 0xffff, 0xffff, 0xffff, 0xffff, 0xffff, 0xffff, 0xffff, 0xffff, 0xffff, 0xffff, 0xffff, 0xffff, 0xffff, 0xffff, 0xffff, 0xffff, 0xffff, 0xffff, 0xffff, 0xffff, 0xffff, 0xffff, 0xffff, 0xffff, 0xffff, 0xffff, 0xffff, 0xffff, 0xffff, 0xffff, 0xffff, 0xffff, 0xffff, 0xffff, 0xffff, 0xffff, 0xffdf, 0xf7be, 0xf79e, 0xd69a, 0xad34, 0x83ef, 0x62ca, 0x5aaa, 0x62ca, 0x62eb, 0x62eb, 0x630b, 0x630b, 0x630b, 0x630b, 0x630b, 0x630b, 0x630b, 0x630b, 0x630b, 0x630b, 0x630b, 0x630b, 0x630b, 0x62eb, 0x62eb, 0x62eb, 0x62ca, 0x62eb, 0x6b0b, 0x7bae, 0x8c50, 0x9cd3, 0xb575, 0xd679, 0xf79e, 0xffdf, 0xffff, 0xffff, 0xffff, 0xffff, 0xffff, 0xffff, 0xffff, 0xffff, 0xffff, 0xffff, 0xffff, 0xffff, 0xffff, 0xffff, 0xffff, 0xffff, 0xffdf, 0xffdf, 0xf79e, 0xe73c, 0xdefb, 0xd69a, 0xbdf7, 0xad34, 0x9cd2, 0x8c50, 0x83ef, 0x738d, 0x734c, 0x6b2c, 0x6b0b, 0x630b, 0x630b, 0x630b, 0x630b, 0x630b, 0x630b, 0x630b, 0x630b, 0x630b, 0x630b, 0x630b, 0x630b, 0x630b, 0x630b, 0x630b, 0x630b, 0x630b, 0x630b, 0x630b, 0x630b, 0x630b, 0x6b0c, 0x6b2c, 0x734d, 0x738d, 0x7bce, 0x8410, 0x9491, 0xad34, 0xbdd6, 0xce79, 0xdedb, 0xe73c, 0xf79e, 0xffdf, 0xffff, 0xffff, 0xffff, 0xffff, 0xffff, 0xffff, 0xffff, 0xffff, 0xffff, 0xffff, 0xffff, 0xffff, 0xffff, 0xffff, 0xffff, 0xffff, 0xffff, 0xffff, 0xffff, 0xffff, 0xffff, 0xffff, 0xffff, 0xffff, 0xffff, 0xffff, 0xffff, 0xffff, 0xffff, 0xffff, 0xffff, 0xffff, 0xffff, 0xffff, 0xffff, 0xffff, 0xffff, 0xffff, 0xffff, 0xffff, 0xffff, 0xffff, 0xffff, 0xffff, 0xffff, 0xffff, 0xffff, 0xffff, 0xffff, 0xffff, 0xffff, 0xffff, 0xffff, 0xffff, 0xffff, 0xffff, 0xffff, 0xffff, 0xffff, 0xffff, 0xffff, 0xffff, 0xffff, 0xffff, 0xffff, 0xffff, 0xffff, 0xffff, 0xffff, 0xffff, 0xffff, 0xffff, 0xffff, 0xffff, 0xffff, 0xffff, 0xffff, 0xffff, 0xffff, 0xffff, 0xffff, 0xffff, 0xffff, 0xffff, 0xffff, 0xffff, 0xffff, 0xffff, 0xffff, 0xffff, 0xffff, 0xffff, 0xffff, 0xffff, 0xffff, 0xffff, 0xffff, 0xffff, 0xffff, 0xffff, 0xffff, 0xffff, 0xffff, 0xffff, 0xffff, 0xffff, 0xffff, 0xffff, 0xffff, 0xffff, 0xffff, 0xffff, 0xffff, 0xffff, 0xffff, 0xffff, 0xffff, 0xffff, 0xffff, 0xffff, 0xffff, 0xffff, 0xffff, 0xffff, 0xffff, 0xffff, 0xffff, 0xffff, 0xffff, 0xffff, 0xffff, 0xffff, 0xffff, 0xffff, 0xffff, 0xffff, 0xffff, 0xffdf, 0xf7be, 0xf79e, 0xd6ba, 0xad54, 0x8c30, 0x6b0b, 0x62eb, 0x630b, 0x6b0b, 0x6b2c, 0x6b2c, 0x6b2c, 0x6b2c, 0x6b2c, 0x6b2c, 0x6b2c, 0x6b2c, 0x6b2c, 0x6b2c, 0x6b2c, 0x6b2c, 0x6b2c, 0x6b2c, 0x6b2c, 0x6b2c, 0x6b2c, 0x6b0b, 0x6b2c, 0x6b4c, 0x7bce, 0x8c51, 0xa4f3, 0xb595, 0xd699, 0xf79e, 0xffdf, 0xffff, 0xffff, 0xffff, 0xffff, 0xffff, 0xffff, 0xffff, 0xffff, 0xffff, 0xffff, 0xffff, 0xffff, 0xffff, 0xffff, 0xf7be, 0xe73c, 0xdeda, 0xce79, 0xbdd7, 0xad34, 0x9cb2, 0x8c50, 0x840f, 0x7bce, 0x7bae, 0x738d, 0x736d, 0x734d, 0x6b4c, 0x6b2c, 0x6b2c, 0x6b2c, 0x6b2c, 0x6b2c, 0x6b2c, 0x6b2c, 0x6b2c, 0x6b2c, 0x6b2c, 0x6b2c, 0x6b2c, 0x6b2c, 0x6b2c, 0x6b2c, 0x6b2c, 0x6b2c, 0x6b2c, 0x6b2c, 0x6b2c, 0x6b2c, 0x6b2c, 0x6b2c, 0x6b2c, 0x6b4c, 0x6b4c, 0x734d, 0x736d, 0x736d, 0x7b8e, 0x7bce, 0x83ef, 0x8c10, 0x9cb2, 0xb575, 0xc638, 0xdedb, 0xe73c, 0xf79e, 0xf7be, 0xffff, 0xffff, 0xffff, 0xffff, 0xffff, 0xffff, 0xffff, 0xffff, 0xffff, 0xffff, 0xffff, 0xffff, 0xffff, 0xffff, 0xffff, 0xffff, 0xffff, 0xffff, 0xffff, 0xffff, 0xffff, 0xffff, 0xffff, 0xffff, 0xffff, 0xffff, 0xffff, 0xffff, 0xffff, 0xffff, 0xffff, 0xffff, 0xffff, 0xffff, 0xffff, 0xffff, 0xffff, 0xffff, 0xffff, 0xffff, 0xffff, 0xffff, 0xffff, 0xffff, 0xffff, 0xffff, 0xffff, 0xffff, 0xffff, 0xffff, 0xffff, 0xffff, 0xffff, 0xffff, 0xffff, 0xffff, 0xffff, 0xffff, 0xffff, 0xffff, 0xffff, 0xffff, 0xffff, 0xffff, 0xffff, 0xffff, 0xffff, 0xffff, 0xffff, 0xffff, 0xffff, 0xffff, 0xffff, 0xffff, 0xffff, 0xffff, 0xffff, 0xffff, 0xffff, 0xffff, 0xffff, 0xffff, 0xffff, 0xffff, 0xffff, 0xffff, 0xffff, 0xffff, 0xffff, 0xffff, 0xffff, 0xffff, 0xffff, 0xffff, 0xffff, 0xffff, 0xffff, 0xffff, 0xffff, 0xffff, 0xffff, 0xffff, 0xffff, 0xffff, 0xffff, 0xffff, 0xffff, 0xffff, 0xffff, 0xffff, 0xffff, 0xffff, 0xffff, 0xffff, 0xffff, 0xffff, 0xffff, 0xffff, 0xffff, 0xffff, 0xffff, 0xffff, 0xffff, 0xffff, 0xffff, 0xffff, 0xffff, 0xffff, 0xffff, 0xffff, 0xffff, 0xffff, 0xffff, 0xffff, 0xffdf, 0xf7be, 0xf79e, 0xd6ba, 0xad55, 0x8c30, 0x6b2c, 0x630b, 0x6b2c, 0x6b2c, 0x6b4c, 0x6b4c, 0x6b4c, 0x6b4c, 0x6b4c, 0x6b4c, 0x6b4c, 0x6b4c, 0x6b4c, 0x6b4c, 0x6b4c, 0x6b4c, 0x6b4c, 0x6b4c, 0x6b4c, 0x6b4c, 0x6b2c, 0x6b2c, 0x6b4c, 0x736d, 0x83ef, 0x9471, 0xa513, 0xb596, 0xd69a, 0xf79e, 0xffdf, 0xffff, 0xffff, 0xffff, 0xffff, 0xffff, 0xffff, 0xffff, 0xffff, 0xffff, 0xffff, 0xffff, 0xffff, 0xffff, 0xffff, 0xef7d, 0xd6ba, 0xc5f7, 0xad55, 0x9cb2, 0x840f, 0x736d, 0x630b, 0x630b, 0x6b0c, 0x6b2c, 0x6b2c, 0x6b2c, 0x6b4c, 0x6b4c, 0x6b4c, 0x6b4c, 0x6b4c, 0x6b4c, 0x6b4c, 0x6b4c, 0x6b4c, 0x6b4c, 0x6b4c, 0x6b4c, 0x6b4c, 0x6b4c, 0x6b4c, 0x6b4c, 0x6b4c, 0x6b4c, 0x6b4c, 0x6b4c, 0x6b4c, 0x6b4c, 0x6b4c, 0x6b4c, 0x6b4c, 0x6b4c, 0x6b4c, 0x6b4c, 0x6b2c, 0x6b2c, 0x6b2c, 0x6b0c, 0x630b, 0x62eb, 0x62ca, 0x736d, 0x9451, 0xad34, 0xc5f7, 0xd69a, 0xe71c, 0xef7d, 0xffdf, 0xffdf, 0xffff, 0xffff, 0xffff, 0xffff, 0xffff, 0xffff, 0xffff, 0xffff, 0xffff, 0xffff, 0xffff, 0xffff, 0xffff, 0xffff, 0xffff, 0xffff, 0xffff, 0xffff, 0xffff, 0xffff, 0xffff, 0xffff, 0xffff, 0xffff, 0xffff, 0xffff, 0xffff, 0xffff, 0xffff, 0xffff, 0xffff, 0xffff, 0xffff, 0xffff, 0xffff, 0xffff, 0xffff, 0xffff, 0xffff, 0xffff, 0xffff, 0xffff, 0xffff, 0xffff, 0xffff, 0xffff, 0xffff, 0xffff, 0xffff, 0xffff, 0xffff, 0xffff, 0xffff, 0xffff, 0xffff, 0xffff, 0xffff, 0xffff, 0xffff, 0xffff, 0xffff, 0xffff, 0xffff, 0xffff, 0xffff, 0xffff, 0xffff, 0xffff, 0xffff, 0xffff, 0xffff, 0xffff, 0xffff, 0xffff, 0xffff, 0xffff, 0xffff, 0xffff, 0xffff, 0xffff, 0xffff, 0xffff, 0xffff, 0xffff, 0xffff, 0xffff, 0xffff, 0xffff, 0xffff, 0xffff, 0xffff, 0xffff, 0xffff, 0xffff, 0xffff, 0xffff, 0xffff, 0xffff, 0xffff, 0xffff, 0xffff, 0xffff, 0xffff, 0xffff, 0xffff, 0xffff, 0xffff, 0xffff, 0xffff, 0xffff, 0xffff, 0xffff, 0xffff, 0xffff, 0xffff, 0xffff, 0xffff, 0xffff, 0xffff, 0xffff, 0xffff, 0xffff, 0xffff, 0xffff, 0xffff, 0xffff, 0xffff, 0xffff, 0xffff, 0xffff, 0xffff, 0xffff, 0xffdf, 0xf7be, 0xf79e, 0xd6ba, 0xad55, 0x8c30, 0x6b2c, 0x630b, 0x6b2c, 0x6b2c, 0x6b4c, 0x6b4c, 0x6b4c, 0x6b4c, 0x6b4c, 0x6b4c, 0x6b4c, 0x6b4c, 0x6b4c, 0x6b4c, 0x6b4c, 0x6b4c, 0x6b4c, 0x6b4c, 0x6b4c, 0x6b4c, 0x6b2c, 0x6b2c, 0x6b4c, 0x736d, 0x83ef, 0x9471, 0xa513, 0xb596, 0xd69a, 0xf79e, 0xffdf, 0xffff, 0xffff, 0xffff, 0xffff, 0xffff, 0xffff, 0xffff, 0xffff, 0xffff, 0xffff, 0xffff, 0xffbe, 0xf79e, 0xef7d, 0xd6ba, 0xb596, 0x9cb2, 0x7bce, 0x738d, 0x736d, 0x6b4c, 0x6b2c, 0x6b2c, 0x6b2c, 0x6b2c, 0x6b4c, 0x6b4c, 0x6b4c, 0x6b4c, 0x6b4c, 0x6b4c, 0x6b4c, 0x6b4c, 0x6b4c, 0x6b4c, 0x6b4c, 0x6b4c, 0x6b4c, 0x6b4c, 0x6b4c, 0x6b4c, 0x6b4c, 0x6b4c, 0x6b4c, 0x6b4c, 0x6b4c, 0x6b4c, 0x6b4c, 0x6b4c, 0x6b4c, 0x6b4c, 0x6b4c, 0x6b4c, 0x6b4c, 0x6b4c, 0x6b4c, 0x6b4c, 0x6b4c, 0x6b2c, 0x6b2c, 0x6b2c, 0x6b2c, 0x6b4c, 0x738d, 0x7bce, 0x840f, 0x9cd2, 0xbdb6, 0xce79, 0xe71c, 0xef5d, 0xf7be, 0xffdf, 0xffff, 0xffff, 0xffff, 0xffff, 0xffff, 0xffff, 0xffff, 0xffff, 0xffff, 0xffff, 0xffff, 0xffff, 0xffff, 0xffff, 0xffff, 0xffff, 0xffff, 0xffff, 0xffff, 0xffff, 0xffff, 0xffff, 0xffff, 0xffff, 0xffff, 0xffff, 0xffff, 0xffff, 0xffff, 0xffff, 0xffff, 0xffff, 0xffff, 0xffff, 0xffff, 0xffff, 0xffff, 0xffff, 0xffff, 0xffff, 0xffff, 0xffff, 0xffff, 0xffff, 0xffff, 0xffff, 0xffff, 0xffff, 0xffff, 0xffff, 0xffff, 0xffff, 0xffff, 0xffff, 0xffff, 0xffff, 0xffff, 0xffff, 0xffff, 0xffff, 0xffff, 0xffff, 0xffff, 0xffff, 0xffff, 0xffff, 0xffff, 0xffff, 0xffff, 0xffff, 0xffff, 0xffff, 0xffff, 0xffff, 0xffff, 0xffff, 0xffff, 0xffff, 0xffff, 0xffff, 0xffff, 0xffff, 0xffff, 0xffff, 0xffff, 0xffff, 0xffff, 0xffff, 0xffff, 0xffff, 0xffff, 0xffff, 0xffff, 0xffff, 0xffff, 0xffff, 0xffff, 0xffff, 0xffff, 0xffff, 0xffff, 0xffff, 0xffff, 0xffff, 0xffff, 0xffff, 0xffff, 0xffff, 0xffff, 0xffff, 0xffff, 0xffff, 0xffff, 0xffff, 0xffff, 0xffff, 0xffff, 0xffff, 0xffff, 0xffff, 0xffff, 0xffff, 0xffff, 0xffff, 0xffff, 0xffff, 0xffff, 0xffff, 0xffff, 0xffff, 0xffdf, 0xf7be, 0xf79e, 0xd6ba, 0xad55, 0x8c30, 0x6b2c, 0x630b, 0x6b2c, 0x6b2c, 0x6b4c, 0x6b4c, 0x6b4c, 0x6b4c, 0x6b4c, 0x6b4c, 0x6b4c, 0x6b4c, 0x6b4c, 0x6b4c, 0x6b4c, 0x6b4c, 0x6b4c, 0x6b4c, 0x6b4c, 0x6b4c, 0x6b2c, 0x6b2c, 0x6b4c, 0x736d, 0x83ef, 0x9471, 0xa513, 0xb596, 0xd69a, 0xf79e, 0xffdf, 0xffff, 0xffff, 0xffff, 0xffff, 0xffff, 0xffff, 0xffff, 0xffff, 0xffff, 0xffff, 0xffdf, 0xf79e, 0xef5c, 0xe6fb, 0xc638, 0xa513, 0x840f, 0x6b2c, 0x6b0b, 0x6b2c, 0x6b2c, 0x6b4c, 0x6b4c, 0x6b4c, 0x6b4c, 0x6b4c, 0x6b4c, 0x6b4c, 0x6b4c, 0x6b4c, 0x6b4c, 0x6b4c, 0x6b4c, 0x6b4c, 0x6b4c, 0x6b4c, 0x6b4c, 0x6b4c, 0x6b4c, 0x6b4c, 0x6b4c, 0x6b4c, 0x6b4c, 0x6b4c, 0x6b4c, 0x6b4c, 0x6b4c, 0x6b4c, 0x6b4c, 0x6b4c, 0x6b4c, 0x6b4c, 0x6b4c, 0x6b4c, 0x6b4c, 0x6b4c, 0x6b4c, 0x6b4c, 0x6b4c, 0x6b4c, 0x6b4c, 0x6b4c, 0x6b4c, 0x6b2c, 0x6b2c, 0x6b2c, 0x83ef, 0xa4f3, 0xb596, 0xce59, 0xdedb, 0xef5d, 0xf7be, 0xffff, 0xffff, 0xffff, 0xffff, 0xffff, 0xffff, 0xffff, 0xffff, 0xffff, 0xffff, 0xffff, 0xffff, 0xffff, 0xffff, 0xffff, 0xffff, 0xffff, 0xffff, 0xffff, 0xffff, 0xffff, 0xffff, 0xffff, 0xffff, 0xffff, 0xffff, 0xffff, 0xffff, 0xffff, 0xffff, 0xffff, 0xffff, 0xffff, 0xffff, 0xffff, 0xffff, 0xffff, 0xffff, 0xffff, 0xffff, 0xffff, 0xffff, 0xffff, 0xffff, 0xffff, 0xffff, 0xffff, 0xffff, 0xffff, 0xffff, 0xffff, 0xffff, 0xffff, 0xffff, 0xffff, 0xffff, 0xffff, 0xffff, 0xffff, 0xffff, 0xffff, 0xffff, 0xffff, 0xffff, 0xffff, 0xffff, 0xffff, 0xffff, 0xffff, 0xffff, 0xffff, 0xffff, 0xffff, 0xffff, 0xffff, 0xffff, 0xffff, 0xffff, 0xffff, 0xffff, 0xffff, 0xffff, 0xffff, 0xffff, 0xffff, 0xffff, 0xffff, 0xffff, 0xffff, 0xffff, 0xffff, 0xffff, 0xffff, 0xffff, 0xffff, 0xffff, 0xffff, 0xffff, 0xffff, 0xffff, 0xffff, 0xffff, 0xffff, 0xffff, 0xffff, 0xffff, 0xffff, 0xffff, 0xffff, 0xffff, 0xffff, 0xffff, 0xffff, 0xffff, 0xffff, 0xffff, 0xffff, 0xffff, 0xffff, 0xffff, 0xffff, 0xffff, 0xffff, 0xffff, 0xffff, 0xffff, 0xffff, 0xffff, 0xffff, 0xffff, 0xffdf, 0xf7be, 0xf79e, 0xd6ba, 0xad55, 0x8c30, 0x6b2c, 0x630b, 0x6b2c, 0x6b2c, 0x6b4c, 0x6b4c, 0x6b4c, 0x6b4c, 0x6b4c, 0x6b4c, 0x6b4c, 0x6b4c, 0x6b4c, 0x6b4c, 0x6b4c, 0x6b4c, 0x6b4c, 0x6b4c, 0x6b4c, 0x6b4c, 0x6b2c, 0x6b2c, 0x6b4c, 0x736d, 0x83ef, 0x9471, 0xa513, 0xb596, 0xd69a, 0xf79e, 0xffdf, 0xffff, 0xffff, 0xffff, 0xffff, 0xffff, 0xffff, 0xffff, 0xffff, 0xffff, 0xffff, 0xf7be, 0xe71c, 0xd679, 0xbdd7, 0xad34, 0x9471, 0x7bce, 0x6b2c, 0x6b2c, 0x6b2c, 0x6b2c, 0x6b4c, 0x6b4c, 0x6b4c, 0x6b4c, 0x6b4c, 0x6b4c, 0x6b4c, 0x6b4c, 0x6b4c, 0x6b4c, 0x6b4c, 0x6b4c, 0x6b4c, 0x6b4c, 0x6b4c, 0x6b4c, 0x6b4c, 0x6b4c, 0x6b4c, 0x6b4c, 0x6b4c, 0x6b4c, 0x6b4c, 0x6b4c, 0x6b4c, 0x6b4c, 0x6b4c, 0x6b4c, 0x6b4c, 0x6b4c, 0x6b4c, 0x6b4c, 0x6b4c, 0x6b4c, 0x6b4c, 0x6b4c, 0x6b4c, 0x6b4c, 0x6b4c, 0x6b4c, 0x6b4c, 0x6b4c, 0x6b2c, 0x6b2c, 0x6b2c, 0x738d, 0x83ef, 0x8c51, 0x9cb2, 0xb5b6, 0xd69a, 0xe73c, 0xf7be, 0xffdf, 0xffff, 0xffff, 0xffff, 0xffff, 0xffff, 0xffff, 0xffff, 0xffff, 0xffff, 0xffff, 0xffff, 0xffff, 0xffff, 0xffff, 0xffff, 0xffff, 0xffff, 0xffff, 0xffff, 0xffff, 0xffff, 0xffff, 0xffff, 0xffff, 0xffff, 0xffff, 0xffff, 0xffff, 0xffff, 0xffff, 0xffff, 0xffff, 0xffff, 0xffff, 0xffff, 0xffff, 0xffff, 0xffff, 0xffff, 0xffff, 0xffff, 0xffff, 0xffff, 0xffff, 0xffff, 0xffff, 0xffff, 0xffff, 0xffff, 0xffff, 0xffff, 0xffff, 0xffff, 0xffff, 0xffff, 0xffff, 0xffff, 0xffff, 0xffff, 0xffff, 0xffff, 0xffff, 0xffff, 0xffff, 0xffff, 0xffff, 0xffff, 0xffff, 0xffff, 0xffff, 0xffff, 0xffff, 0xffff, 0xffff, 0xffff, 0xffff, 0xffff, 0xffff, 0xffff, 0xffff, 0xffff, 0xffff, 0xffff, 0xffff, 0xffff, 0xffff, 0xffff, 0xffff, 0xffff, 0xffff, 0xffff, 0xffff, 0xffff, 0xffff, 0xffff, 0xffff, 0xffff, 0xffff, 0xffff, 0xffff, 0xffff, 0xffff, 0xffff, 0xffff, 0xffff, 0xffff, 0xffff, 0xffff, 0xffff, 0xffff, 0xffff, 0xffff, 0xffff, 0xffff, 0xffff, 0xffff, 0xffff, 0xffff, 0xffff, 0xffff, 0xffff, 0xffff, 0xffff, 0xffff, 0xffff, 0xffff, 0xffff, 0xffff, 0xffdf, 0xf7be, 0xf79e, 0xd6ba, 0xad55, 0x8c30, 0x6b2c, 0x630b, 0x6b2c, 0x6b2c, 0x6b4c, 0x6b4c, 0x6b4c, 0x6b4c, 0x6b4c, 0x6b4c, 0x6b4c, 0x6b4c, 0x6b4c, 0x6b4c, 0x6b4c, 0x6b4c, 0x6b4c, 0x6b4c, 0x6b4c, 0x6b4c, 0x6b2c, 0x6b2c, 0x6b4c, 0x736d, 0x83ef, 0x9471, 0xa513, 0xb596, 0xd69a, 0xf79e, 0xffdf, 0xffff, 0xffff, 0xffff, 0xffff, 0xffff, 0xffff, 0xffff, 0xffff, 0xffff, 0xffff, 0xf79e, 0xd6ba, 0xbdf7, 0xa534, 0x9491, 0x840f, 0x7bae, 0x6b4c, 0x6b2c, 0x6b2c, 0x6b4c, 0x6b4c, 0x6b4c, 0x6b4c, 0x6b4c, 0x6b4c, 0x6b4c, 0x6b4c, 0x6b4c, 0x6b4c, 0x6b4c, 0x6b4c, 0x6b4c, 0x6b4c, 0x6b4c, 0x6b4c, 0x6b4c, 0x6b4c, 0x6b4c, 0x6b4c, 0x6b4c, 0x6b4c, 0x6b4c, 0x6b4c, 0x6b4c, 0x6b4c, 0x6b4c, 0x6b4c, 0x6b4c, 0x6b4c, 0x6b4c, 0x6b4c, 0x6b4c, 0x6b4c, 0x6b4c, 0x6b4c, 0x6b4c, 0x6b4c, 0x6b4c, 0x6b4c, 0x6b4c, 0x6b4c, 0x6b4c, 0x6b2c, 0x6b2c, 0x6b2c, 0x734d, 0x738d, 0x7bce, 0x83ef, 0xa4f3, 0xc618, 0xdeba, 0xef5d, 0xf79e, 0xffdf, 0xffff, 0xffff, 0xffff, 0xffff, 0xffff, 0xffff, 0xffff, 0xffff, 0xffff, 0xffff, 0xffff, 0xffff, 0xffff, 0xffff, 0xffff, 0xffff, 0xffff, 0xffff, 0xffff, 0xffff, 0xffff, 0xffff, 0xffff, 0xffff, 0xffff, 0xffff, 0xffff, 0xffff, 0xffff, 0xffff, 0xffff, 0xffff, 0xffff, 0xffff, 0xffff, 0xffff, 0xffff, 0xffff, 0xffff, 0xffff, 0xffff, 0xffff, 0xffff, 0xffff, 0xffff, 0xffff, 0xffff, 0xffff, 0xffff, 0xffff, 0xffff, 0xffff, 0xffff, 0xffff, 0xffff, 0xffff, 0xffff, 0xffff, 0xffff, 0xffff, 0xffff, 0xffff, 0xffff, 0xffff, 0xffff, 0xffff, 0xffff, 0xffff, 0xffff, 0xffff, 0xffff, 0xffff, 0xffff, 0xffff, 0xffff, 0xffff, 0xffff, 0xffff, 0xffff, 0xffff, 0xffff, 0xffff, 0xffff, 0xffff, 0xffff, 0xffff, 0xffff, 0xffff, 0xffff, 0xffff, 0xffff, 0xffff, 0xffff, 0xffff, 0xffff, 0xffff, 0xffff, 0xffff, 0xffff, 0xffff, 0xffff, 0xffff, 0xffff, 0xffff, 0xffff, 0xffff, 0xffff, 0xffff, 0xffff, 0xffff, 0xffff, 0xffff, 0xffff, 0xffff, 0xffff, 0xffff, 0xffff, 0xffff, 0xffff, 0xffff, 0xffff, 0xffff, 0xffff, 0xffff, 0xffff, 0xffff, 0xffff, 0xffdf, 0xf7be, 0xf79e, 0xd6ba, 0xad55, 0x8c30, 0x6b2c, 0x630b, 0x6b2c, 0x6b2c, 0x6b4c, 0x6b4c, 0x6b4c, 0x6b4c, 0x6b4c, 0x6b4c, 0x6b4c, 0x6b4c, 0x6b4c, 0x6b4c, 0x6b4c, 0x6b4c, 0x6b4c, 0x6b4c, 0x6b4c, 0x6b4c, 0x6b2c, 0x6b2c, 0x6b4c, 0x736d, 0x83ef, 0x9471, 0xa513, 0xb596, 0xd69a, 0xf79e, 0xffdf, 0xffff, 0xffff, 0xffff, 0xffff, 0xffff, 0xffff, 0xffff, 0xffff, 0xffdf, 0xf7be, 0xe73c, 0xc618, 0xa4f3, 0x83ef, 0x738d, 0x736d, 0x734d, 0x6b4c, 0x6b4c, 0x6b4c, 0x6b4c, 0x6b4c, 0x6b4c, 0x6b4c, 0x6b4c, 0x6b4c, 0x6b4c, 0x6b4c, 0x6b4c, 0x6b4c, 0x6b4c, 0x6b4c, 0x6b4c, 0x6b4c, 0x6b4c, 0x6b4c, 0x6b4c, 0x6b4c, 0x6b4c, 0x6b4c, 0x6b4c, 0x6b4c, 0x6b4c, 0x6b4c, 0x6b4c, 0x6b4c, 0x6b4c, 0x6b4c, 0x6b4c, 0x6b4c, 0x6b4c, 0x6b4c, 0x6b4c, 0x6b4c, 0x6b4c, 0x6b4c, 0x6b4c, 0x6b4c, 0x6b4c, 0x6b4c, 0x6b4c, 0x6b4c, 0x6b4c, 0x6b4c, 0x6b4c, 0x6b4c, 0x6b2c, 0x6b2c, 0x6b2c, 0x6b2c, 0x8c30, 0xad34, 0xbdd6, 0xce79, 0xdefb, 0xef7d, 0xffdf, 0xffff, 0xffff, 0xffff, 0xffff, 0xffff, 0xffff, 0xffff, 0xffff, 0xffff, 0xffff, 0xffff, 0xffff, 0xffff, 0xffff, 0xffff, 0xffff, 0xffff, 0xffff, 0xffff, 0xffff, 0xffff, 0xffff, 0xffff, 0xffff, 0xffff, 0xffff, 0xffff, 0xffff, 0xffff, 0xffff, 0xffff, 0xffff, 0xffff, 0xffff, 0xffff, 0xffff, 0xffff, 0xffff, 0xffff, 0xffff, 0xffff, 0xffff, 0xffff, 0xffff, 0xffff, 0xffff, 0xffff, 0xffff, 0xffff, 0xffff, 0xffff, 0xffff, 0xffff, 0xffff, 0xffff, 0xffff, 0xffff, 0xffff, 0xffff, 0xffff, 0xffff, 0xffff, 0xffff, 0xffff, 0xffff, 0xffff, 0xffff, 0xffff, 0xffff, 0xffff, 0xffff, 0xffff, 0xffff, 0xffff, 0xffff, 0xffff, 0xffff, 0xffff, 0xffff, 0xffff, 0xffff, 0xffff, 0xffff, 0xffff, 0xffff, 0xffff, 0xffff, 0xffff, 0xffff, 0xffff, 0xffff, 0xffff, 0xffff, 0xffff, 0xffff, 0xffff, 0xffff, 0xffff, 0xffff, 0xffff, 0xffff, 0xffff, 0xffff, 0xffff, 0xffff, 0xffff, 0xffff, 0xffff, 0xffff, 0xffff, 0xffff, 0xffff, 0xffff, 0xffff, 0xffff, 0xffff, 0xffff, 0xffff, 0xffff, 0xffff, 0xffff, 0xffff, 0xffff, 0xffff, 0xffff, 0xffff, 0xffdf, 0xf7be, 0xf79e, 0xd6ba, 0xad55, 0x8c30, 0x6b2c, 0x630b, 0x6b2c, 0x6b2c, 0x6b4c, 0x6b4c, 0x6b4c, 0x6b4c, 0x6b4c, 0x6b4c, 0x6b4c, 0x6b4c, 0x6b4c, 0x6b4c, 0x6b4c, 0x6b4c, 0x6b4c, 0x6b4c, 0x6b4c, 0x6b4c, 0x6b2c, 0x6b2c, 0x6b4c, 0x736d, 0x83ef, 0x9471, 0xa513, 0xb596, 0xd69a, 0xf79e, 0xffdf, 0xffff, 0xffff, 0xffff, 0xffff, 0xffff, 0xffff, 0xffff, 0xf7be, 0xf79e, 0xef5d, 0xd6ba, 0xb596, 0x9492, 0x7b8e, 0x6b2c, 0x6b2c, 0x6b4c, 0x6b4c, 0x6b4c, 0x6b4c, 0x6b4c, 0x6b4c, 0x6b4c, 0x6b4c, 0x6b4c, 0x6b4c, 0x6b4c, 0x6b4c, 0x6b4c, 0x6b4c, 0x6b4c, 0x6b4c, 0x6b4c, 0x6b4c, 0x6b4c, 0x6b4c, 0x6b4c, 0x6b4c, 0x6b4c, 0x6b4c, 0x6b4c, 0x6b4c, 0x6b4c, 0x6b4c, 0x6b4c, 0x6b4c, 0x6b4c, 0x6b4c, 0x6b4c, 0x6b4c, 0x6b4c, 0x6b4c, 0x6b4c, 0x6b4c, 0x6b4c, 0x6b4c, 0x6b4c, 0x6b4c, 0x6b4c, 0x6b4c, 0x6b4c, 0x6b4c, 0x6b4c, 0x6b4c, 0x6b4c, 0x6b4c, 0x6b2c, 0x6b2c, 0x6b0b, 0x6b0b, 0x7bce, 0x9492, 0xa534, 0xbdb6, 0xd699, 0xef5c, 0xf7be, 0xffff, 0xffff, 0xffff, 0xffff, 0xffff, 0xffff, 0xffff, 0xffff, 0xffff, 0xffff, 0xffff, 0xffff, 0xffff, 0xffff, 0xffff, 0xffff, 0xffff, 0xffff, 0xffff, 0xffff, 0xffff, 0xffff, 0xffff, 0xffff, 0xffff, 0xffff, 0xffff, 0xffff, 0xffff, 0xffff, 0xffff, 0xffff, 0xffff, 0xffff, 0xffff, 0xffff, 0xffff, 0xffff, 0xffff, 0xffff, 0xffff, 0xffff, 0xffff, 0xffff, 0xffff, 0xffff, 0xffff, 0xffff, 0xffff, 0xffff, 0xffff, 0xffff, 0xffff, 0xffff, 0xffff, 0xffff, 0xffff, 0xffff, 0xffff, 0xffff, 0xffff, 0xffff, 0xffff, 0xffff, 0xffff, 0xffff, 0xffff, 0xffff, 0xffff, 0xffff, 0xffff, 0xffff, 0xffff, 0xffff, 0xffff, 0xffff, 0xffff, 0xffff, 0xffff, 0xffff, 0xffff, 0xffff, 0xffff, 0xffff, 0xffff, 0xffff, 0xffff, 0xffff, 0xffff, 0xffff, 0xffff, 0xffff, 0xffff, 0xffff, 0xffff, 0xffff, 0xffff, 0xffff, 0xffff, 0xffff, 0xffff, 0xffff, 0xffff, 0xffff, 0xffff, 0xffff, 0xffff, 0xffff, 0xffff, 0xffff, 0xffff, 0xffff, 0xffff, 0xffff, 0xffff, 0xffff, 0xffff, 0xffff, 0xffff, 0xffff, 0xffff, 0xffff, 0xffff, 0xffff, 0xffff, 0xffff, 0xffdf, 0xf7be, 0xf79e, 0xd6ba, 0xad55, 0x8c30, 0x6b2c, 0x630b, 0x6b2c, 0x6b2c, 0x6b4c, 0x6b4c, 0x6b4c, 0x6b4c, 0x6b4c, 0x6b4c, 0x6b4c, 0x6b4c, 0x6b4c, 0x6b4c, 0x6b4c, 0x6b4c, 0x6b4c, 0x6b4c, 0x6b4c, 0x6b4c, 0x6b2c, 0x6b2c, 0x6b4c, 0x736d, 0x83ef, 0x9471, 0xa513, 0xb596, 0xd69a, 0xf79e, 0xffdf, 0xffff, 0xffff, 0xffff, 0xffff, 0xffff, 0xffff, 0xffdf, 0xef7d, 0xdedb, 0xce59, 0xb596, 0x9cd2, 0x840f, 0x734c, 0x6b0c, 0x6b2c, 0x6b2c, 0x6b4c, 0x6b4c, 0x6b4c, 0x6b4c, 0x6b4c, 0x6b4c, 0x6b4c, 0x6b4c, 0x6b4c, 0x6b4c, 0x6b4c, 0x6b4c, 0x6b4c, 0x6b4c, 0x6b4c, 0x6b4c, 0x6b4c, 0x6b4c, 0x6b4c, 0x6b4c, 0x6b4c, 0x6b4c, 0x6b4c, 0x6b4c, 0x6b4c, 0x6b4c, 0x6b4c, 0x6b4c, 0x6b4c, 0x6b4c, 0x6b4c, 0x6b4c, 0x6b4c, 0x6b4c, 0x6b4c, 0x6b4c, 0x6b4c, 0x6b4c, 0x6b4c, 0x6b4c, 0x6b4c, 0x6b4c, 0x6b4c, 0x6b4c, 0x6b4c, 0x6b4c, 0x6b4c, 0x6b4c, 0x6b4c, 0x6b2c, 0x6b2c, 0x6b2c, 0x6b2c, 0x736d, 0x7bae, 0x840f, 0x9471, 0xbdb6, 0xdedb, 0xef7d, 0xffff, 0xffff, 0xffff, 0xffff, 0xffff, 0xffff, 0xffff, 0xffff, 0xffff, 0xffff, 0xffff, 0xffff, 0xffff, 0xffff, 0xffff, 0xffff, 0xffff, 0xffff, 0xffff, 0xffff, 0xffff, 0xffff, 0xffff, 0xffff, 0xffff, 0xffff, 0xffff, 0xffff, 0xffff, 0xffff, 0xffff, 0xffff, 0xffff, 0xffff, 0xffff, 0xffff, 0xffff, 0xffff, 0xffff, 0xffff, 0xffff, 0xffff, 0xffff, 0xffff, 0xffff, 0xffff, 0xffff, 0xffff, 0xffff, 0xffff, 0xffff, 0xffff, 0xffff, 0xffff, 0xffff, 0xffff, 0xffff, 0xffff, 0xffff, 0xffff, 0xffff, 0xffff, 0xffff, 0xffff, 0xffff, 0xffff, 0xffff, 0xffff, 0xffff, 0xffff, 0xffff, 0xffff, 0xffff, 0xffff, 0xffff, 0xffff, 0xffff, 0xffff, 0xffff, 0xffff, 0xffff, 0xffff, 0xffff, 0xffff, 0xffff, 0xffff, 0xffff, 0xffff, 0xffff, 0xffff, 0xffff, 0xffff, 0xffff, 0xffff, 0xffff, 0xffff, 0xffff, 0xffff, 0xffff, 0xffff, 0xffff, 0xffff, 0xffff, 0xffff, 0xffff, 0xffff, 0xffff, 0xffff, 0xffff, 0xffff, 0xffff, 0xffff, 0xffff, 0xffff, 0xffff, 0xffff, 0xffff, 0xffff, 0xffff, 0xffff, 0xffff, 0xffff, 0xffff, 0xffff, 0xffff, 0xffff, 0xffdf, 0xf7be, 0xf79e, 0xd6ba, 0xad55, 0x8c30, 0x6b2c, 0x630b, 0x6b2c, 0x6b2c, 0x6b4c, 0x6b4c, 0x6b4c, 0x6b4c, 0x6b4c, 0x6b4c, 0x6b4c, 0x6b4c, 0x6b4c, 0x6b4c, 0x6b4c, 0x6b4c, 0x6b4c, 0x6b4c, 0x6b4c, 0x6b4c, 0x6b2c, 0x6b2c, 0x6b4c, 0x736d, 0x83ef, 0x9471, 0xa513, 0xb596, 0xd69a, 0xf79e, 0xffdf, 0xffff, 0xffff, 0xffff, 0xffff, 0xffff, 0xffff, 0xffdf, 0xe73c, 0xd69a, 0xbdd7, 0xa514, 0x9471, 0x83cf, 0x6b4c, 0x6b0c, 0x6b2c, 0x6b2c, 0x6b4c, 0x6b4c, 0x6b4c, 0x6b4c, 0x6b4c, 0x6b4c, 0x6b4c, 0x6b4c, 0x6b4c, 0x6b4c, 0x6b4c, 0x6b4c, 0x6b4c, 0x6b4c, 0x6b4c, 0x6b4c, 0x6b4c, 0x6b4c, 0x6b4c, 0x6b4c, 0x6b4c, 0x6b4c, 0x6b4c, 0x6b4c, 0x6b4c, 0x6b4c, 0x6b4c, 0x6b4c, 0x6b4c, 0x6b4c, 0x6b4c, 0x6b4c, 0x6b4c, 0x6b4c, 0x6b4c, 0x6b4c, 0x6b4c, 0x6b4c, 0x6b4c, 0x6b4c, 0x6b4c, 0x6b4c, 0x6b4c, 0x6b4c, 0x6b4c, 0x6b4c, 0x6b4c, 0x6b4c, 0x6b4c, 0x6b4c, 0x6b2c, 0x6b2c, 0x6b2c, 0x6b4c, 0x736d, 0x7b8e, 0x83ef, 0xad55, 0xd6ba, 0xef5d, 0xffff, 0xffff, 0xffff, 0xffff, 0xffff, 0xffff, 0xffff, 0xffff, 0xffff, 0xffff, 0xffff, 0xffff, 0xffff, 0xffff, 0xffff, 0xffff, 0xffff, 0xffff, 0xffff, 0xffff, 0xffff, 0xffff, 0xffff, 0xffff, 0xffff, 0xffff, 0xffff, 0xffff, 0xffff, 0xffff, 0xffff, 0xffff, 0xffff, 0xffff, 0xffff, 0xffff, 0xffff, 0xffff, 0xffff, 0xffff, 0xffff, 0xffff, 0xffff, 0xffff, 0xffff, 0xffff, 0xffff, 0xffff, 0xffff, 0xffff, 0xffff, 0xffff, 0xffff, 0xffff, 0xffff, 0xffff, 0xffff, 0xffff, 0xffff, 0xffff, 0xffff, 0xffff, 0xffff, 0xffff, 0xffff, 0xffff, 0xffff, 0xffff, 0xffff, 0xffff, 0xffff, 0xffff, 0xffff, 0xffff, 0xffff, 0xffff, 0xffff, 0xffff, 0xffff, 0xffff, 0xffff, 0xffff, 0xffff, 0xffff, 0xffff, 0xffff, 0xffff, 0xffff, 0xffff, 0xffff, 0xffff, 0xffff, 0xffff, 0xffff, 0xffff, 0xffff, 0xffff, 0xffff, 0xffff, 0xffff, 0xffff, 0xffff, 0xffff, 0xffff, 0xffff, 0xffff, 0xffff, 0xffff, 0xffff, 0xffff, 0xffff, 0xffff, 0xffff, 0xffff, 0xffff, 0xffff, 0xffff, 0xffff, 0xffff, 0xffff, 0xffff, 0xffff, 0xffff, 0xffff, 0xffff, 0xffff, 0xffdf, 0xf7be, 0xf79e, 0xd6ba, 0xad55, 0x8c30, 0x6b2c, 0x630b, 0x6b2c, 0x6b2c, 0x6b4c, 0x6b4c, 0x6b4c, 0x6b4c, 0x6b4c, 0x6b4c, 0x6b4c, 0x6b4c, 0x6b4c, 0x6b4c, 0x6b4c, 0x6b4c, 0x6b4c, 0x6b4c, 0x6b4c, 0x6b4c, 0x6b2c, 0x6b2c, 0x6b4c, 0x736d, 0x83ef, 0x9471, 0xa513, 0xb596, 0xd69a, 0xf79e, 0xffdf, 0xffff, 0xffff, 0xffff, 0xffff, 0xffff, 0xffff, 0xf7be, 0xdefb, 0xc618, 0xa514, 0x9471, 0x840f, 0x7bae, 0x6b4c, 0x6b2c, 0x6b2c, 0x6b2c, 0x6b4c, 0x6b4c, 0x6b4c, 0x6b4c, 0x6b4c, 0x6b4c, 0x6b4c, 0x6b4c, 0x6b4c, 0x6b4c, 0x6b4c, 0x6b4c, 0x6b4c, 0x6b4c, 0x6b4c, 0x6b4c, 0x6b4c, 0x6b4c, 0x6b4c, 0x6b4c, 0x6b2c, 0x6b2c, 0x6b2c, 0x6b2c, 0x6b2c, 0x6b2c, 0x6b4c, 0x6b4c, 0x6b4c, 0x6b4c, 0x6b4c, 0x6b4c, 0x6b4c, 0x6b4c, 0x6b4c, 0x6b4c, 0x6b4c, 0x6b4c, 0x6b4c, 0x6b4c, 0x6b4c, 0x6b4c, 0x6b4c, 0x6b4c, 0x6b4c, 0x6b4c, 0x6b4c, 0x6b4c, 0x6b4c, 0x6b4c, 0x6b4c, 0x6b4c, 0x6b4c, 0x6b2c, 0x6b2c, 0x6b2c, 0x736d, 0xa4f3, 0xce59, 0xe71c, 0xf7be, 0xffdf, 0xffff, 0xffff, 0xffff, 0xffff, 0xffff, 0xffff, 0xffff, 0xffff, 0xffff, 0xffff, 0xffff, 0xffff, 0xffff, 0xffff, 0xffff, 0xffff, 0xffff, 0xffff, 0xffff, 0xffff, 0xffff, 0xffff, 0xffff, 0xffff, 0xffff, 0xffff, 0xffff, 0xffff, 0xffff, 0xffff, 0xffff, 0xffff, 0xffff, 0xffff, 0xffff, 0xffff, 0xffff, 0xffff, 0xffff, 0xffff, 0xffff, 0xffff, 0xffff, 0xffff, 0xffff, 0xffff, 0xffff, 0xffff, 0xffff, 0xffff, 0xffff, 0xffff, 0xffff, 0xffff, 0xffff, 0xffff, 0xffff, 0xffff, 0xffff, 0xffff, 0xffff, 0xffff, 0xffff, 0xffff, 0xffff, 0xffff, 0xffff, 0xffff, 0xffff, 0xffff, 0xffff, 0xffff, 0xffff, 0xffff, 0xffff, 0xffff, 0xffff, 0xffff, 0xffff, 0xffff, 0xffff, 0xffff, 0xffff, 0xffff, 0xffff, 0xffff, 0xffff, 0xffff, 0xffff, 0xffff, 0xffff, 0xffff, 0xffff, 0xffff, 0xffff, 0xffff, 0xffff, 0xffff, 0xffff, 0xffff, 0xffff, 0xffff, 0xffff, 0xffff, 0xffff, 0xffff, 0xffff, 0xffff, 0xffff, 0xffff, 0xffff, 0xffff, 0xffff, 0xffff, 0xffff, 0xffff, 0xffff, 0xffff, 0xffff, 0xffff, 0xffff, 0xffff, 0xffff, 0xffff, 0xffdf, 0xf7be, 0xf79e, 0xd6ba, 0xad55, 0x8c30, 0x6b2c, 0x630b, 0x6b2c, 0x6b2c, 0x6b4c, 0x6b4c, 0x6b4c, 0x6b4c, 0x6b4c, 0x6b4c, 0x6b4c, 0x6b4c, 0x6b4c, 0x6b4c, 0x6b4c, 0x6b4c, 0x6b4c, 0x6b4c, 0x6b4c, 0x6b4c, 0x6b2c, 0x6b2c, 0x6b4c, 0x736d, 0x83ef, 0x9471, 0xa513, 0xb596, 0xd69a, 0xf79e, 0xffdf, 0xffff, 0xffff, 0xffff, 0xffff, 0xffff, 0xffff, 0xf7be, 0xdefb, 0xc617, 0xa4f3, 0x8c50, 0x83ef, 0x7b8e, 0x6b4c, 0x6b2c, 0x6b2c, 0x6b2c, 0x6b4c, 0x6b4c, 0x6b4c, 0x6b4c, 0x6b4c, 0x6b4c, 0x6b4c, 0x6b4c, 0x6b4c, 0x6b4c, 0x6b4c, 0x6b4c, 0x6b4c, 0x6b4c, 0x734c, 0x736d, 0x738d, 0x83cf, 0x840f, 0x8c30, 0x8c30, 0x8c50, 0x8c50, 0x8c50, 0x8c51, 0x8c51, 0x8c51, 0x8c50, 0x8c10, 0x83ef, 0x7bce, 0x7bae, 0x736d, 0x6b2c, 0x6b2c, 0x6b2c, 0x6b4c, 0x6b4c, 0x6b4c, 0x6b4c, 0x6b4c, 0x6b4c, 0x6b4c, 0x6b4c, 0x6b4c, 0x6b4c, 0x6b4c, 0x6b4c, 0x6b4c, 0x6b4c, 0x6b4c, 0x6b4c, 0x6b4c, 0x6b2c, 0x6b0c, 0x6b2c, 0x734c, 0x9cb2, 0xc618, 0xdedb, 0xef7d, 0xf7be, 0xffdf, 0xffff, 0xffff, 0xffff, 0xffff, 0xffff, 0xffff, 0xffff, 0xffff, 0xffff, 0xffff, 0xffff, 0xffff, 0xffff, 0xffff, 0xffff, 0xffff, 0xffff, 0xffff, 0xffff, 0xffff, 0xffff, 0xffff, 0xffff, 0xffff, 0xffff, 0xffff, 0xffff, 0xffff, 0xffff, 0xffff, 0xffff, 0xffff, 0xffff, 0xffff, 0xffff, 0xffff, 0xffff, 0xffff, 0xffff, 0xffff, 0xffff, 0xffff, 0xffff, 0xffff, 0xffff, 0xffff, 0xffff, 0xffff, 0xffff, 0xffff, 0xffff, 0xffff, 0xffff, 0xffff, 0xffff, 0xffff, 0xffff, 0xffff, 0xffff, 0xffff, 0xffff, 0xffff, 0xffff, 0xffff, 0xffff, 0xffff, 0xffff, 0xffff, 0xffff, 0xffff, 0xffff, 0xffff, 0xffff, 0xffff, 0xffff, 0xffff, 0xffff, 0xffff, 0xffff, 0xffff, 0xffff, 0xffff, 0xffff, 0xffff, 0xffff, 0xffff, 0xffff, 0xffff, 0xffff, 0xffff, 0xffff, 0xffff, 0xffff, 0xffff, 0xffff, 0xffff, 0xffff, 0xffff, 0xffff, 0xffff, 0xffff, 0xffff, 0xffff, 0xffff, 0xffff, 0xffff, 0xffff, 0xffff, 0xffff, 0xffff, 0xffff, 0xffff, 0xffff, 0xffff, 0xffff, 0xffff, 0xffff, 0xffff, 0xffff, 0xffff, 0xffff, 0xffff, 0xffff, 0xffdf, 0xf7be, 0xf79e, 0xd6ba, 0xad55, 0x8c30, 0x6b2c, 0x630b, 0x6b2c, 0x6b2c, 0x6b4c, 0x6b4c, 0x6b4c, 0x6b4c, 0x6b4c, 0x6b4c, 0x6b4c, 0x6b4c, 0x6b4c, 0x6b4c, 0x6b4c, 0x6b4c, 0x6b4c, 0x6b4c, 0x6b4c, 0x6b4c, 0x6b2c, 0x6b2c, 0x6b4c, 0x736d, 0x83ef, 0x9471, 0xa513, 0xb596, 0xd69a, 0xf79e, 0xffdf, 0xffff, 0xffff, 0xffff, 0xffff, 0xffff, 0xffff, 0xf7be, 0xdedb, 0xc5f7, 0x9cd3, 0x8c30, 0x7bcf, 0x738d, 0x6b4c, 0x6b2c, 0x6b2c, 0x6b2c, 0x6b4c, 0x6b4c, 0x6b4c, 0x6b4c, 0x6b4c, 0x6b4c, 0x6b4c, 0x6b4c, 0x6b4c, 0x6b4c, 0x6b4c, 0x6b4c, 0x6b4c, 0x734d, 0x736d, 0x7bae, 0x8410, 0xa4f3, 0xb596, 0xbdf7, 0xc638, 0xce59, 0xd679, 0xd69a, 0xd69a, 0xd69a, 0xce79, 0xce38, 0xbdd6, 0xad55, 0xa4f3, 0x9471, 0x7bce, 0x6b2c, 0x6b2c, 0x6b2c, 0x6b2c, 0x6b4c, 0x6b4c, 0x6b4c, 0x6b4c, 0x6b4c, 0x6b4c, 0x6b4c, 0x6b4c, 0x6b4c, 0x6b4c, 0x6b4c, 0x6b4c, 0x6b4c, 0x6b4c, 0x6b4c, 0x6b4c, 0x6b2c, 0x6b2c, 0x6b2c, 0x734c, 0x9491, 0xbdb6, 0xce59, 0xdefb, 0xef5d, 0xf7be, 0xffdf, 0xffff, 0xffff, 0xffff, 0xffff, 0xffff, 0xffff, 0xffff, 0xffff, 0xffff, 0xffff, 0xffff, 0xffff, 0xffff, 0xffff, 0xffff, 0xffff, 0xffff, 0xffff, 0xffff, 0xffff, 0xffff, 0xffff, 0xffff, 0xffff, 0xffff, 0xffff, 0xffff, 0xffff, 0xffff, 0xffff, 0xffff, 0xffff, 0xffff, 0xffff, 0xffff, 0xffff, 0xffff, 0xffff, 0xffff, 0xffff, 0xffff, 0xffff, 0xffff, 0xffff, 0xffff, 0xffff, 0xffff, 0xffff, 0xffff, 0xffff, 0xffff, 0xffff, 0xffff, 0xffff, 0xffff, 0xffff, 0xffff, 0xffff, 0xffff, 0xffff, 0xffff, 0xffff, 0xffff, 0xffff, 0xffff, 0xffff, 0xffff, 0xffff, 0xffff, 0xffff, 0xffff, 0xffff, 0xffff, 0xffff, 0xffff, 0xffff, 0xffff, 0xffff, 0xffff, 0xffff, 0xffff, 0xffff, 0xffff, 0xffff, 0xffff, 0xffff, 0xffff, 0xffff, 0xffff, 0xffff, 0xffff, 0xffff, 0xffff, 0xffff, 0xffff, 0xffff, 0xffff, 0xffff, 0xffff, 0xffff, 0xffff, 0xffff, 0xffff, 0xffff, 0xffff, 0xffff, 0xffff, 0xffff, 0xffff, 0xffff, 0xffff, 0xffff, 0xffff, 0xffff, 0xffff, 0xffff, 0xffff, 0xffff, 0xffff, 0xffff, 0xffff, 0xffff, 0xffdf, 0xf7be, 0xf79e, 0xd6ba, 0xad55, 0x8c30, 0x6b2c, 0x630b, 0x6b2c, 0x6b2c, 0x6b4c, 0x6b4c, 0x6b4c, 0x6b4c, 0x6b4c, 0x6b4c, 0x6b4c, 0x6b4c, 0x6b4c, 0x6b4c, 0x6b4c, 0x6b4c, 0x6b4c, 0x6b4c, 0x6b4c, 0x6b4c, 0x6b2c, 0x6b2c, 0x6b4c, 0x736d, 0x83ef, 0x9471, 0xa513, 0xb596, 0xd69a, 0xf79e, 0xffdf, 0xffff, 0xffff, 0xffff, 0xffff, 0xffff, 0xffff, 0xf7be, 0xdedb, 0xbdd7, 0x9cd2, 0x840f, 0x7bce, 0x738d, 0x6b4c, 0x6b2c, 0x6b2c, 0x6b2c, 0x6b4c, 0x6b4c, 0x6b4c, 0x6b4c, 0x6b4c, 0x6b4c, 0x6b4c, 0x6b4c, 0x6b4c, 0x6b4c, 0x6b4c, 0x6b4c, 0x734c, 0x736d, 0x738d, 0x7bce, 0x8c51, 0xad55, 0xc618, 0xd699, 0xdedb, 0xe6fb, 0xe71c, 0xe73c, 0xe73c, 0xe73c, 0xe6fb, 0xdedb, 0xce59, 0xbdd6, 0xad54, 0x9cb2, 0x83ef, 0x6b2c, 0x6b2c, 0x6b2c, 0x6b2c, 0x6b4c, 0x6b4c, 0x6b4c, 0x6b4c, 0x6b4c, 0x6b4c, 0x6b4c, 0x6b4c, 0x6b4c, 0x6b4c, 0x6b4c, 0x6b4c, 0x6b4c, 0x6b4c, 0x6b4c, 0x6b4c, 0x6b2c, 0x6b2c, 0x6b2c, 0x734c, 0x9471, 0xb575, 0xc618, 0xdeba, 0xef3c, 0xf7be, 0xffdf, 0xffff, 0xffff, 0xffff, 0xffff, 0xffff, 0xffff, 0xffff, 0xffff, 0xffff, 0xffff, 0xffff, 0xffff, 0xffff, 0xffff, 0xffff, 0xffff, 0xffff, 0xffff, 0xffff, 0xffff, 0xffff, 0xffff, 0xffff, 0xffff, 0xffff, 0xffff, 0xffff, 0xffff, 0xffff, 0xffff, 0xffff, 0xffff, 0xffff, 0xffff, 0xffff, 0xffff, 0xffff, 0xffff, 0xffff, 0xffff, 0xffff, 0xffff, 0xffff, 0xffff, 0xffff, 0xffff, 0xffff, 0xffff, 0xffff, 0xffff, 0xffff, 0xffff, 0xffff, 0xffff, 0xffff, 0xffff, 0xffff, 0xffff, 0xffff, 0xffff, 0xffff, 0xffff, 0xffff, 0xffff, 0xffff, 0xffff, 0xffff, 0xffff, 0xffff, 0xffff, 0xffff, 0xffff, 0xffff, 0xffff, 0xffff, 0xffff, 0xffff, 0xffff, 0xffff, 0xffff, 0xffff, 0xffff, 0xffff, 0xffff, 0xffff, 0xffff, 0xffff, 0xffff, 0xffff, 0xffff, 0xffff, 0xffff, 0xffff, 0xffff, 0xffff, 0xffff, 0xffff, 0xffff, 0xffff, 0xffff, 0xffff, 0xffff, 0xffff, 0xffff, 0xffff, 0xffff, 0xffff, 0xffff, 0xffff, 0xffff, 0xffff, 0xffff, 0xffff, 0xffff, 0xffff, 0xffff, 0xffff, 0xffff, 0xffff, 0xffff, 0xffff, 0xffff, 0xffdf, 0xf7be, 0xf79e, 0xd6ba, 0xad55, 0x8c30, 0x6b2c, 0x630b, 0x6b2c, 0x6b2c, 0x6b4c, 0x6b4c, 0x6b4c, 0x6b4c, 0x6b4c, 0x6b4c, 0x6b4c, 0x6b4c, 0x6b4c, 0x6b4c, 0x6b4c, 0x6b4c, 0x6b4c, 0x6b4c, 0x6b4c, 0x6b4c, 0x6b2c, 0x6b2c, 0x6b4c, 0x736d, 0x83ef, 0x9471, 0xa513, 0xb596, 0xd69a, 0xf79e, 0xffdf, 0xffff, 0xffff, 0xffff, 0xffff, 0xffdf, 0xffdf, 0xf77d, 0xd6ba, 0xbdb6, 0x9cb2, 0x83ef, 0x7bae, 0x736d, 0x6b2c, 0x6b2c, 0x6b2c, 0x6b2c, 0x6b4c, 0x6b4c, 0x6b4c, 0x6b4c, 0x6b4c, 0x6b4c, 0x6b4c, 0x6b4c, 0x6b4c, 0x6b4c, 0x6b4c, 0x6b4c, 0x734d, 0x736d, 0x7bae, 0x83ef, 0x9c92, 0xbdf7, 0xdedb, 0xef5d, 0xf79e, 0xffdf, 0xffff, 0xffff, 0xffff, 0xffff, 0xffbe, 0xf77d, 0xdefb, 0xce59, 0xbdb6, 0xa514, 0x8c10, 0x6b4c, 0x6b2c, 0x6b2c, 0x6b2c, 0x6b4c, 0x6b4c, 0x6b4c, 0x6b4c, 0x6b4c, 0x6b4c, 0x6b4c, 0x6b4c, 0x6b4c, 0x6b4c, 0x6b4c, 0x6b4c, 0x6b4c, 0x6b4c, 0x6b4c, 0x6b4c, 0x6b2c, 0x6b2c, 0x6b2c, 0x6b4c, 0x8c50, 0xad54, 0xbdd7, 0xce79, 0xe71c, 0xf79e, 0xffdf, 0xffff, 0xffff, 0xffff, 0xffff, 0xffff, 0xffff, 0xffff, 0xffff, 0xffff, 0xffff, 0xffff, 0xffff, 0xffff, 0xffff, 0xffff, 0xffff, 0xffff, 0xffff, 0xffff, 0xffff, 0xffff, 0xffff, 0xffff, 0xffff, 0xffff, 0xffff, 0xffff, 0xffff, 0xffff, 0xffff, 0xffff, 0xffff, 0xffff, 0xffff, 0xffff, 0xffff, 0xffff, 0xffff, 0xffff, 0xffff, 0xffff, 0xffff, 0xffff, 0xffff, 0xffff, 0xffff, 0xffff, 0xffff, 0xffff, 0xffff, 0xffff, 0xffff, 0xffff, 0xffff, 0xffff, 0xffff, 0xffff, 0xffff, 0xffff, 0xffff, 0xffff, 0xffff, 0xffff, 0xffff, 0xffff, 0xffff, 0xffff, 0xffff, 0xffff, 0xffff, 0xffff, 0xffff, 0xffff, 0xffff, 0xffff, 0xffff, 0xffff, 0xffff, 0xffff, 0xffff, 0xffff, 0xffff, 0xffff, 0xffff, 0xffff, 0xffff, 0xffff, 0xffff, 0xffff, 0xffff, 0xffff, 0xffff, 0xffff, 0xffff, 0xffff, 0xffff, 0xffff, 0xffff, 0xffff, 0xffff, 0xffff, 0xffff, 0xffff, 0xffff, 0xffff, 0xffff, 0xffff, 0xffff, 0xffff, 0xffff, 0xffff, 0xffff, 0xffff, 0xffff, 0xffff, 0xffff, 0xffff, 0xffff, 0xffff, 0xffff, 0xffff, 0xffff, 0xffdf, 0xf7be, 0xf79e, 0xd6ba, 0xad55, 0x8c30, 0x6b2c, 0x630b, 0x6b2c, 0x6b2c, 0x6b4c, 0x6b4c, 0x6b4c, 0x6b4c, 0x6b4c, 0x6b4c, 0x6b4c, 0x6b4c, 0x6b4c, 0x6b4c, 0x6b4c, 0x6b4c, 0x6b4c, 0x6b4c, 0x6b4c, 0x6b4c, 0x6b2c, 0x6b2c, 0x6b4c, 0x736d, 0x83ef, 0x9471, 0xa513, 0xb596, 0xd69a, 0xf79e, 0xffdf, 0xffff, 0xffff, 0xffff, 0xffff, 0xffdf, 0xffdf, 0xf77d, 0xd6ba, 0xbdb6, 0x9cb2, 0x83ef, 0x7bae, 0x736d, 0x6b2c, 0x6b2c, 0x6b2c, 0x6b2c, 0x6b4c, 0x6b4c, 0x6b4c, 0x6b4c, 0x6b4c, 0x6b4c, 0x6b4c, 0x6b4c, 0x6b4c, 0x6b4c, 0x6b4c, 0x6b4c, 0x734d, 0x736d, 0x7bae, 0x83ef, 0x9cb2, 0xc5f7, 0xdedb, 0xef5d, 0xf7be, 0xffdf, 0xffff, 0xffff, 0xffff, 0xffff, 0xffdf, 0xf79e, 0xe6fb, 0xce59, 0xbdd6, 0xa534, 0x8c30, 0x6b4c, 0x6b2c, 0x6b2c, 0x6b2c, 0x6b4c, 0x6b4c, 0x6b4c, 0x6b4c, 0x6b4c, 0x6b4c, 0x6b4c, 0x6b4c, 0x6b4c, 0x6b4c, 0x6b4c, 0x6b4c, 0x6b4c, 0x6b4c, 0x6b4c, 0x6b4c, 0x6b2c, 0x6b2c, 0x6b2c, 0x6b4c, 0x8c50, 0xad34, 0xbdd7, 0xce79, 0xe71c, 0xf79e, 0xffdf, 0xffff, 0xffff, 0xffff, 0xffff, 0xffff, 0xffff, 0xffff, 0xffff, 0xffff, 0xffff, 0xffff, 0xffff, 0xffff, 0xffff, 0xffff, 0xffff, 0xffff, 0xffff, 0xffff, 0xffff, 0xffff, 0xffff, 0xffff, 0xffff, 0xffff, 0xffff, 0xffff, 0xffff, 0xffff, 0xffff, 0xffff, 0xffff, 0xffff, 0xffff, 0xffff, 0xffff, 0xffff, 0xffff, 0xffff, 0xffff, 0xffff, 0xffff, 0xffff, 0xffff, 0xffff, 0xffff, 0xffff, 0xffff, 0xffff, 0xffff, 0xffff, 0xffff, 0xffff, 0xffff, 0xffff, 0xffff, 0xffff, 0xffff, 0xffff, 0xffff, 0xffff, 0xffff, 0xffff, 0xffff, 0xffff, 0xffff, 0xffff, 0xffff, 0xffff, 0xffff, 0xffff, 0xffff, 0xffff, 0xffff, 0xffff, 0xffff, 0xffff, 0xffff, 0xffff, 0xffff, 0xffff, 0xffff, 0xffff, 0xffff, 0xffff, 0xffff, 0xffff, 0xffff, 0xffff, 0xffff, 0xffff, 0xffff, 0xffff, 0xffff, 0xffff, 0xffff, 0xffff, 0xffff, 0xffff, 0xffff, 0xffff, 0xffff, 0xffff, 0xffff, 0xffff, 0xffff, 0xffff, 0xffff, 0xffff, 0xffff, 0xffff, 0xffff, 0xffff, 0xffff, 0xffff, 0xffff, 0xffff, 0xffff, 0xffff, 0xffff, 0xffff, 0xffff, 0xffdf, 0xf7be, 0xf79e, 0xd6ba, 0xad55, 0x8c30, 0x6b2c, 0x630b, 0x6b2c, 0x6b2c, 0x6b4c, 0x6b4c, 0x6b4c, 0x6b4c, 0x6b4c, 0x6b4c, 0x6b4c, 0x6b4c, 0x6b4c, 0x6b4c, 0x6b4c, 0x6b4c, 0x6b4c, 0x6b4c, 0x6b4c, 0x6b4c, 0x6b2c, 0x6b2c, 0x6b4c, 0x736d, 0x83ef, 0x9471, 0xa513, 0xb596, 0xd69a, 0xf79e, 0xffdf, 0xffff, 0xffff, 0xffff, 0xffff, 0xffdf, 0xffdf, 0xf77d, 0xd6ba, 0xbdb6, 0x9cb2, 0x83ef, 0x7bae, 0x736d, 0x6b2c, 0x6b2c, 0x6b2c, 0x6b2c, 0x6b4c, 0x6b4c, 0x6b4c, 0x6b4c, 0x6b4c, 0x6b4c, 0x6b4c, 0x6b4c, 0x6b4c, 0x6b4c, 0x6b4c, 0x6b4c, 0x734d, 0x736d, 0x7bae, 0x83ef, 0x9cb2, 0xc5f7, 0xdedb, 0xef5d, 0xf7be, 0xffdf, 0xffff, 0xffff, 0xffff, 0xffff, 0xffdf, 0xf79e, 0xe6fb, 0xce59, 0xbdd6, 0xa534, 0x8c30, 0x6b4c, 0x6b2c, 0x6b2c, 0x6b2c, 0x6b4c, 0x6b4c, 0x6b4c, 0x6b4c, 0x6b4c, 0x6b4c, 0x6b4c, 0x6b4c, 0x6b4c, 0x6b4c, 0x6b4c, 0x6b4c, 0x6b4c, 0x6b4c, 0x6b4c, 0x6b4c, 0x6b2c, 0x6b2c, 0x6b2c, 0x6b4c, 0x8c50, 0xad34, 0xbdd7, 0xce79, 0xe71c, 0xf79e, 0xffdf, 0xffff, 0xffff, 0xffff, 0xffff, 0xffff, 0xffff, 0xffff, 0xffff, 0xffff, 0xffff, 0xffff, 0xffff, 0xffff, 0xffff, 0xffff, 0xffff, 0xffff, 0xffff, 0xffff, 0xffff, 0xffff, 0xffff, 0xffff, 0xffff, 0xffff, 0xffff, 0xffff, 0xffff, 0xffff, 0xffff, 0xffff, 0xffff, 0xffff, 0xffff, 0xffff, 0xffff, 0xffff, 0xffff, 0xffff, 0xffff, 0xffff, 0xffff, 0xffff, 0xffff, 0xffff, 0xffff, 0xffff, 0xffff, 0xffff, 0xffff, 0xffff, 0xffff, 0xffff, 0xffff, 0xffff, 0xffff, 0xffff, 0xffff, 0xffff, 0xffff, 0xffff, 0xffff, 0xffff, 0xffff, 0xffff, 0xffff, 0xffff, 0xffff, 0xffff, 0xffff, 0xffff, 0xffff, 0xffff, 0xffff, 0xffff, 0xffff, 0xffff, 0xffff, 0xffff, 0xffff, 0xffff, 0xffff, 0xffff, 0xffff, 0xffff, 0xffff, 0xffff, 0xffff, 0xffff, 0xffff, 0xffff, 0xffff, 0xffff, 0xffff, 0xffff, 0xffff, 0xffff, 0xffff, 0xffff, 0xffff, 0xffff, 0xffff, 0xffff, 0xffff, 0xffff, 0xffff, 0xffff, 0xffff, 0xffff, 0xffff, 0xffff, 0xffff, 0xffff, 0xffff, 0xffff, 0xffff, 0xffff, 0xffff, 0xffff, 0xffff, 0xffff, 0xffff, 0xffdf, 0xf7be, 0xf79e, 0xd6ba, 0xad55, 0x8c30, 0x6b2c, 0x630b, 0x6b2c, 0x6b2c, 0x6b4c, 0x6b4c, 0x6b4c, 0x6b4c, 0x6b4c, 0x6b4c, 0x6b4c, 0x6b4c, 0x6b4c, 0x6b4c, 0x6b4c, 0x6b4c, 0x6b4c, 0x6b4c, 0x6b4c, 0x6b4c, 0x6b2c, 0x6b2c, 0x6b4c, 0x736d, 0x83ef, 0x9471, 0xa513, 0xb596, 0xd69a, 0xf79e, 0xffdf, 0xffff, 0xffff, 0xffff, 0xffff, 0xffdf, 0xffdf, 0xf77d, 0xd6ba, 0xbdb6, 0x9cb2, 0x83ef, 0x7bae, 0x736d, 0x6b2c, 0x6b2c, 0x6b2c, 0x6b2c, 0x6b4c, 0x6b4c, 0x6b4c, 0x6b4c, 0x6b4c, 0x6b4c, 0x6b4c, 0x6b4c, 0x6b4c, 0x6b4c, 0x6b4c, 0x6b4c, 0x734d, 0x736d, 0x7bae, 0x83ef, 0x9cb2, 0xc5f7, 0xdedb, 0xef5d, 0xf7be, 0xffdf, 0xffff, 0xffff, 0xffff, 0xffff, 0xffdf, 0xf79e, 0xe6fb, 0xce59, 0xbdd6, 0xa534, 0x8c30, 0x6b4c, 0x6b2c, 0x6b2c, 0x6b2c, 0x6b4c, 0x6b4c, 0x6b4c, 0x6b4c, 0x6b4c, 0x6b4c, 0x6b4c, 0x6b4c, 0x6b4c, 0x6b4c, 0x6b4c, 0x6b4c, 0x6b4c, 0x6b4c, 0x6b4c, 0x6b4c, 0x6b2c, 0x6b2c, 0x6b2c, 0x6b4c, 0x8c50, 0xad34, 0xbdd7, 0xce79, 0xe71c, 0xf79e, 0xffdf, 0xffff, 0xffff, 0xffff, 0xffff, 0xffff, 0xffff, 0xffff, 0xffff, 0xffff, 0xffff, 0xffff, 0xffff, 0xffff, 0xffff, 0xffff, 0xffff, 0xffff, 0xffff, 0xffff, 0xffff, 0xffff, 0xffff, 0xffff, 0xffff, 0xffff, 0xffff, 0xffff, 0xffff, 0xffff, 0xffff, 0xffff, 0xffff, 0xffff, 0xffff, 0xffff, 0xffff, 0xffff, 0xffff, 0xffff, 0xffff, 0xffff, 0xffff, 0xffff, 0xffff, 0xffff, 0xffff, 0xffff, 0xffff, 0xffff, 0xffff, 0xffff, 0xffff, 0xffff, 0xffff, 0xffff, 0xffff, 0xffff, 0xffff, 0xffff, 0xffff, 0xffff, 0xffff, 0xffff, 0xffff, 0xffff, 0xffff, 0xffff, 0xffff, 0xffff, 0xffff, 0xffff, 0xffff, 0xffff, 0xffff, 0xffff, 0xffff, 0xffff, 0xffff, 0xffff, 0xffff, 0xffff, 0xffff, 0xffff, 0xffff, 0xffff, 0xffff, 0xffff, 0xffff, 0xffff, 0xffff, 0xffff, 0xffff, 0xffff, 0xffff, 0xffff, 0xffff, 0xffff, 0xffff, 0xffff, 0xffff, 0xffff, 0xffff, 0xffff, 0xffff, 0xffff, 0xffff, 0xffff, 0xffff, 0xffff, 0xffff, 0xffff, 0xffff, 0xffff, 0xffff, 0xffff, 0xffff, 0xffff, 0xffff, 0xffff, 0xffff, 0xffff, 0xffff, 0xffdf, 0xf7be, 0xf79e, 0xd6ba, 0xad55, 0x8c30, 0x6b2c, 0x630b, 0x6b2c, 0x6b2c, 0x6b4c, 0x6b4c, 0x6b4c, 0x6b4c, 0x6b4c, 0x6b4c, 0x6b4c, 0x6b4c, 0x6b4c, 0x6b4c, 0x6b4c, 0x6b4c, 0x6b4c, 0x6b4c, 0x6b4c, 0x6b4c, 0x6b2c, 0x6b2c, 0x6b4c, 0x736d, 0x83ef, 0x9471, 0xa513, 0xb596, 0xd69a, 0xf79e, 0xffdf, 0xffff, 0xffff, 0xffff, 0xffff, 0xffdf, 0xffdf, 0xf77d, 0xd6ba, 0xbdb6, 0x9cb2, 0x83ef, 0x7bae, 0x736d, 0x6b2c, 0x6b2c, 0x6b2c, 0x6b2c, 0x6b4c, 0x6b4c, 0x6b4c, 0x6b4c, 0x6b4c, 0x6b4c, 0x6b4c, 0x6b4c, 0x6b4c, 0x6b4c, 0x6b4c, 0x6b4c, 0x734d, 0x736d, 0x7bae, 0x83ef, 0x9cb2, 0xc5f7, 0xdedb, 0xef5d, 0xf7be, 0xffdf, 0xffff, 0xffff, 0xffff, 0xffff, 0xffdf, 0xf79e, 0xe6fb, 0xce59, 0xbdd6, 0xa534, 0x8c30, 0x6b4c, 0x6b2c, 0x6b2c, 0x6b2c, 0x6b4c, 0x6b4c, 0x6b4c, 0x6b4c, 0x6b4c, 0x6b4c, 0x6b4c, 0x6b4c, 0x6b4c, 0x6b4c, 0x6b4c, 0x6b4c, 0x6b4c, 0x6b4c, 0x6b4c, 0x6b4c, 0x6b2c, 0x6b2c, 0x6b2c, 0x6b4c, 0x8c50, 0xad34, 0xbdd7, 0xce79, 0xe71c, 0xf79e, 0xffdf, 0xffff, 0xffff, 0xffff, 0xffff, 0xffff, 0xffff, 0xffff, 0xffff, 0xffff, 0xffff, 0xffff, 0xffff, 0xffff, 0xffff, 0xffff, 0xffff, 0xffff, 0xffff, 0xffff, 0xffff, 0xffff, 0xffff, 0xffff, 0xffff, 0xffff, 0xffff, 0xffff, 0xffff, 0xffff, 0xffff, 0xffff, 0xffff, 0xffff, 0xffff, 0xffff, 0xffff, 0xffff, 0xffff, 0xffff, 0xffff, 0xffff, 0xffff, 0xffff, 0xffff, 0xffff, 0xffff, 0xffff, 0xffff, 0xffff, 0xffff, 0xffff, 0xffff, 0xffff, 0xffff, 0xffff, 0xffff, 0xffff, 0xffff, 0xffff, 0xffff, 0xffff, 0xffff, 0xffff, 0xffff, 0xffff, 0xffff, 0xffff, 0xffff, 0xffff, 0xffff, 0xffff, 0xffff, 0xffff, 0xffff, 0xffff, 0xffff, 0xffff, 0xffff, 0xffff, 0xffff, 0xffff, 0xffff, 0xffff, 0xffff, 0xffff, 0xffff, 0xffff, 0xffff, 0xffff, 0xffff, 0xffff, 0xffff, 0xffff, 0xffff, 0xffff, 0xffff, 0xffff, 0xffff, 0xffff, 0xffff, 0xffff, 0xffff, 0xffff, 0xffff, 0xffff, 0xffff, 0xffff, 0xffff, 0xffff, 0xffff, 0xffff, 0xffff, 0xffff, 0xffff, 0xffff, 0xffff, 0xffff, 0xffff, 0xffff, 0xffff, 0xffff, 0xffff, 0xffdf, 0xf7be, 0xf79e, 0xd6ba, 0xad55, 0x8c30, 0x6b2c, 0x630b, 0x6b2c, 0x6b2c, 0x6b4c, 0x6b4c, 0x6b4c, 0x6b4c, 0x6b4c, 0x6b4c, 0x6b4c, 0x6b4c, 0x6b4c, 0x6b4c, 0x6b4c, 0x6b4c, 0x6b4c, 0x6b4c, 0x6b4c, 0x6b4c, 0x6b2c, 0x6b2c, 0x6b4c, 0x736d, 0x83ef, 0x9471, 0xa513, 0xb596, 0xd69a, 0xf79e, 0xffdf, 0xffff, 0xffff, 0xffff, 0xffff, 0xffdf, 0xffdf, 0xf77d, 0xd6ba, 0xbdb6, 0x9cb2, 0x83ef, 0x7bae, 0x736d, 0x6b2c, 0x6b2c, 0x6b2c, 0x6b2c, 0x6b4c, 0x6b4c, 0x6b4c, 0x6b4c, 0x6b4c, 0x6b4c, 0x6b4c, 0x6b4c, 0x6b4c, 0x6b4c, 0x6b4c, 0x6b4c, 0x734d, 0x736d, 0x7bae, 0x83ef, 0x9cb2, 0xc5f7, 0xdedb, 0xef5d, 0xf7be, 0xffdf, 0xffff, 0xffff, 0xffff, 0xffff, 0xffdf, 0xf79e, 0xe6fb, 0xce59, 0xbdd6, 0xa534, 0x8c30, 0x6b4c, 0x6b2c, 0x6b2c, 0x6b2c, 0x6b4c, 0x6b4c, 0x6b4c, 0x6b4c, 0x6b4c, 0x6b4c, 0x6b4c, 0x6b4c, 0x6b4c, 0x6b4c, 0x6b4c, 0x6b4c, 0x6b4c, 0x6b4c, 0x6b4c, 0x6b4c, 0x6b2c, 0x6b2c, 0x6b2c, 0x6b4c, 0x8c50, 0xad34, 0xbdd7, 0xce79, 0xe71c, 0xf79e, 0xffdf, 0xffff, 0xffff, 0xffff, 0xffff, 0xffff, 0xffff, 0xffff, 0xffff, 0xffff, 0xffff, 0xffff, 0xffff, 0xffff, 0xffff, 0xffff, 0xffff, 0xffff, 0xffff, 0xffff, 0xffff, 0xffff, 0xffff, 0xffff, 0xffff, 0xffff, 0xffff, 0xffff, 0xffff, 0xffff, 0xffff, 0xffff, 0xffff, 0xffff, 0xffff, 0xffff, 0xffff, 0xffff, 0xffff, 0xffff, 0xffff, 0xffff, 0xffff, 0xffff, 0xffff, 0xffff, 0xffff, 0xffff, 0xffff, 0xffff, 0xffff, 0xffff, 0xffff, 0xffff, 0xffff, 0xffff, 0xffff, 0xffff, 0xffff, 0xffff, 0xffff, 0xffff, 0xffff, 0xffff, 0xffff, 0xffff, 0xffff, 0xffff, 0xffff, 0xffff, 0xffff, 0xffff, 0xffff, 0xffff, 0xffff, 0xffff, 0xffff, 0xffff, 0xffff, 0xffff, 0xffff, 0xffff, 0xffff, 0xffff, 0xffff, 0xffff, 0xffff, 0xffff, 0xffff, 0xffff, 0xffff, 0xffff, 0xffff, 0xffff, 0xffff, 0xffff, 0xffff, 0xffff, 0xffff, 0xffff, 0xffff, 0xffff, 0xffff, 0xffff, 0xffff, 0xffff, 0xffff, 0xffff, 0xffff, 0xffff, 0xffff, 0xffff, 0xffff, 0xffff, 0xffff, 0xffff, 0xffff, 0xffff, 0xffff, 0xffff, 0xffff, 0xffff, 0xffff, 0xffdf, 0xf7be, 0xf79e, 0xd6ba, 0xad55, 0x8c30, 0x6b2c, 0x630b, 0x6b2c, 0x6b2c, 0x6b4c, 0x6b4c, 0x6b4c, 0x6b4c, 0x6b4c, 0x6b4c, 0x6b4c, 0x6b4c, 0x6b4c, 0x6b4c, 0x6b4c, 0x6b4c, 0x6b4c, 0x6b4c, 0x6b4c, 0x6b4c, 0x6b2c, 0x6b2c, 0x6b4c, 0x736d, 0x83ef, 0x9471, 0xa513, 0xb596, 0xd69a, 0xf79e, 0xffdf, 0xffff, 0xffff, 0xffff, 0xffff, 0xffdf, 0xffdf, 0xf77d, 0xd6ba, 0xbdb6, 0x9cb2, 0x83ef, 0x7bae, 0x736d, 0x6b2c, 0x6b2c, 0x6b2c, 0x6b2c, 0x6b4c, 0x6b4c, 0x6b4c, 0x6b4c, 0x6b4c, 0x6b4c, 0x6b4c, 0x6b4c, 0x6b4c, 0x6b4c, 0x6b4c, 0x6b4c, 0x734d, 0x736d, 0x7bae, 0x83ef, 0x9cb2, 0xc5f7, 0xdedb, 0xef5d, 0xf7be, 0xffdf, 0xffff, 0xffff, 0xffff, 0xffff, 0xffdf, 0xf79e, 0xe6fb, 0xce59, 0xbdd6, 0xa534, 0x8c30, 0x6b4c, 0x6b2c, 0x6b2c, 0x6b2c, 0x6b4c, 0x6b4c, 0x6b4c, 0x6b4c, 0x6b4c, 0x6b4c, 0x6b4c, 0x6b4c, 0x6b4c, 0x6b4c, 0x6b4c, 0x6b4c, 0x6b4c, 0x6b4c, 0x6b4c, 0x6b4c, 0x6b2c, 0x6b2c, 0x6b2c, 0x6b4c, 0x8c50, 0xad34, 0xbdd7, 0xce79, 0xe71c, 0xf79e, 0xffdf, 0xffff, 0xffff, 0xffff, 0xffff, 0xffff, 0xffff, 0xffff, 0xffff, 0xffff, 0xffff, 0xffff, 0xffff, 0xffff, 0xffff, 0xffff, 0xffff, 0xffff, 0xffff, 0xffff, 0xffff, 0xffff, 0xffff, 0xffff, 0xffff, 0xffff, 0xffff, 0xffff, 0xffff, 0xffff, 0xffff, 0xffff, 0xffff, 0xffff, 0xffff, 0xffff, 0xffff, 0xffff, 0xffff, 0xffff, 0xffff, 0xffff, 0xffff, 0xffff, 0xffff, 0xffff, 0xffff, 0xffff, 0xffff, 0xffff, 0xffff, 0xffff, 0xffff, 0xffff, 0xffff, 0xffff, 0xffff, 0xffff, 0xffff, 0xffff, 0xffff, 0xffff, 0xffff, 0xffff, 0xffff, 0xffff, 0xffff, 0xffff, 0xffff, 0xffff, 0xffff, 0xffff, 0xffff, 0xffff, 0xffff, 0xffff, 0xffff, 0xffff, 0xffff, 0xffff, 0xffff, 0xffff, 0xffff, 0xffff, 0xffff, 0xffff, 0xffff, 0xffff, 0xffff, 0xffff, 0xffff, 0xffff, 0xffff, 0xffff, 0xffff, 0xffff, 0xffff, 0xffff, 0xffff, 0xffff, 0xffff, 0xffff, 0xffff, 0xffff, 0xffff, 0xffff, 0xffff, 0xffff, 0xffff, 0xffff, 0xffff, 0xffff, 0xffff, 0xffff, 0xffff, 0xffff, 0xffff, 0xffff, 0xffff, 0xffff, 0xffff, 0xffff, 0xffff, 0xffdf, 0xf7be, 0xf79e, 0xd6ba, 0xad55, 0x8c30, 0x6b2c, 0x630b, 0x6b2c, 0x6b2c, 0x6b4c, 0x6b4c, 0x6b4c, 0x6b4c, 0x6b4c, 0x6b4c, 0x6b4c, 0x6b4c, 0x6b4c, 0x6b4c, 0x6b4c, 0x6b4c, 0x6b4c, 0x6b4c, 0x6b4c, 0x6b4c, 0x6b2c, 0x6b2c, 0x6b4c, 0x736d, 0x83ef, 0x9471, 0xa513, 0xb596, 0xd69a, 0xf79e, 0xffdf, 0xffff, 0xffff, 0xffff, 0xffff, 0xffdf, 0xffdf, 0xf77d, 0xd6ba, 0xbdb6, 0x9cb2, 0x83ef, 0x7bae, 0x736d, 0x6b2c, 0x6b2c, 0x6b2c, 0x6b2c, 0x6b4c, 0x6b4c, 0x6b4c, 0x6b4c, 0x6b4c, 0x6b4c, 0x6b4c, 0x6b4c, 0x6b4c, 0x6b4c, 0x6b4c, 0x6b4c, 0x734d, 0x736d, 0x7bae, 0x83ef, 0x9cb2, 0xc5f7, 0xdedb, 0xef5d, 0xf7be, 0xffdf, 0xffff, 0xffff, 0xffff, 0xffff, 0xffdf, 0xf79e, 0xe6fb, 0xce59, 0xbdd6, 0xa534, 0x8c30, 0x6b4c, 0x6b2c, 0x6b2c, 0x6b2c, 0x6b4c, 0x6b4c, 0x6b4c, 0x6b4c, 0x6b4c, 0x6b4c, 0x6b4c, 0x6b4c, 0x6b4c, 0x6b4c, 0x6b4c, 0x6b4c, 0x6b4c, 0x6b4c, 0x6b4c, 0x6b4c, 0x6b2c, 0x6b2c, 0x6b2c, 0x6b4c, 0x8c50, 0xad34, 0xbdd7, 0xce79, 0xe71c, 0xf79e, 0xffdf, 0xffff, 0xffff, 0xffff, 0xffff, 0xffff, 0xffff, 0xffff, 0xffff, 0xffff, 0xffff, 0xffff, 0xffff, 0xffff, 0xffff, 0xffff, 0xffff, 0xffff, 0xffff, 0xffff, 0xffff, 0xffff, 0xffff, 0xffff, 0xffff, 0xffff, 0xffff, 0xffff, 0xffff, 0xffff, 0xffff, 0xffff, 0xffff, 0xffff, 0xffff, 0xffff, 0xffff, 0xffff, 0xffff, 0xffff, 0xffff, 0xffff, 0xffff, 0xffff, 0xffff, 0xffff, 0xffff, 0xffff, 0xffff, 0xffff, 0xffff, 0xffff, 0xffff, 0xffff, 0xffff, 0xffff, 0xffff, 0xffff, 0xffff, 0xffff, 0xffff, 0xffff, 0xffff, 0xffff, 0xffff, 0xffff, 0xffff, 0xffff, 0xffff, 0xffff, 0xffff, 0xffff, 0xffff, 0xffff, 0xffff, 0xffff, 0xffff, 0xffff, 0xffff, 0xffff, 0xffff, 0xffff, 0xffff, 0xffff, 0xffff, 0xffff, 0xffff, 0xffff, 0xffff, 0xffff, 0xffff, 0xffff, 0xffff, 0xffff, 0xffff, 0xffff, 0xffff, 0xffff, 0xffff, 0xffff, 0xffff, 0xffff, 0xffff, 0xffff, 0xffff, 0xffff, 0xffff, 0xffff, 0xffff, 0xffff, 0xffff, 0xffff, 0xffff, 0xffff, 0xffff, 0xffff, 0xffff, 0xffff, 0xffff, 0xffff, 0xffff, 0xffff, 0xffff, 0xffdf, 0xf7be, 0xf79e, 0xd6ba, 0xad55, 0x8c30, 0x6b2c, 0x630b, 0x6b2c, 0x6b2c, 0x6b4c, 0x6b4c, 0x6b4c, 0x6b4c, 0x6b4c, 0x6b4c, 0x6b4c, 0x6b4c, 0x6b4c, 0x6b4c, 0x6b4c, 0x6b4c, 0x6b4c, 0x6b4c, 0x6b4c, 0x6b4c, 0x6b2c, 0x6b2c, 0x6b4c, 0x736d, 0x83ef, 0x9471, 0xa513, 0xb596, 0xd69a, 0xf79e, 0xffdf, 0xffff, 0xffff, 0xffff, 0xffff, 0xffdf, 0xffdf, 0xf77d, 0xd6ba, 0xbdb6, 0x9cb2, 0x83ef, 0x7bae, 0x736d, 0x6b2c, 0x6b2c, 0x6b2c, 0x6b2c, 0x6b4c, 0x6b4c, 0x6b4c, 0x6b4c, 0x6b4c, 0x6b4c, 0x6b4c, 0x6b4c, 0x6b4c, 0x6b4c, 0x6b4c, 0x6b4c, 0x734d, 0x736d, 0x7bae, 0x83ef, 0x9cb2, 0xc5f7, 0xdedb, 0xef5d, 0xf7be, 0xffdf, 0xffff, 0xffff, 0xffff, 0xffff, 0xffdf, 0xf79e, 0xe6fb, 0xce59, 0xbdd6, 0xa534, 0x8c30, 0x6b4c, 0x6b2c, 0x6b2c, 0x6b2c, 0x6b4c, 0x6b4c, 0x6b4c, 0x6b4c, 0x6b4c, 0x6b4c, 0x6b4c, 0x6b4c, 0x6b4c, 0x6b4c, 0x6b4c, 0x6b4c, 0x6b4c, 0x6b4c, 0x6b4c, 0x6b4c, 0x6b2c, 0x6b2c, 0x6b2c, 0x6b4c, 0x8c50, 0xad34, 0xbdd7, 0xce79, 0xe71c, 0xf79e, 0xffdf, 0xffff, 0xffff, 0xffff, 0xffff, 0xffff, 0xffff, 0xffff, 0xffff, 0xffff, 0xffff, 0xffff, 0xffff, 0xffff, 0xffff, 0xffff, 0xffff, 0xffff, 0xffff, 0xffff, 0xffff, 0xffff, 0xffff, 0xffff, 0xffff, 0xffff, 0xffff, 0xffff, 0xffff, 0xffff, 0xffff, 0xffff, 0xffff, 0xffff, 0xffff, 0xffff, 0xffff, 0xffff, 0xffff, 0xffff, 0xffff, 0xffff, 0xffff, 0xffff, 0xffff, 0xffff, 0xffff, 0xffff, 0xffff, 0xffff, 0xffff, 0xffff, 0xffff, 0xffff, 0xffff, 0xffff, 0xffff, 0xffff, 0xffff, 0xffff, 0xffff, 0xffff, 0xffff, 0xffff, 0xffff, 0xffff, 0xffff, 0xffff, 0xffff, 0xffff, 0xffff, 0xffff, 0xffff, 0xffff, 0xffff, 0xffff, 0xffff, 0xffff, 0xffff, 0xffff, 0xffff, 0xffff, 0xffff, 0xffff, 0xffff, 0xffff, 0xffff, 0xffff, 0xffff, 0xffff, 0xffff, 0xffff, 0xffff, 0xffff, 0xffff, 0xffff, 0xffff, 0xffff, 0xffff, 0xffff, 0xffff, 0xffff, 0xffff, 0xffff, 0xffff, 0xffff, 0xffff, 0xffff, 0xffff, 0xffff, 0xffff, 0xffff, 0xffff, 0xffff, 0xffff, 0xffff, 0xffff, 0xffff, 0xffff, 0xffff, 0xffff, 0xffff, 0xffff, 0xffdf, 0xf7be, 0xf79e, 0xd6ba, 0xad55, 0x8c30, 0x6b2c, 0x630b, 0x6b2c, 0x6b2c, 0x6b4c, 0x6b4c, 0x6b4c, 0x6b4c, 0x6b4c, 0x6b4c, 0x6b4c, 0x6b4c, 0x6b4c, 0x6b4c, 0x6b4c, 0x6b4c, 0x6b4c, 0x6b4c, 0x6b4c, 0x6b4c, 0x6b2c, 0x6b2c, 0x6b4c, 0x736d, 0x83ef, 0x9471, 0xa513, 0xb596, 0xd69a, 0xf79e, 0xffdf, 0xffff, 0xffff, 0xffff, 0xffff, 0xffdf, 0xffdf, 0xf77d, 0xd6ba, 0xbdb6, 0x9cb2, 0x83ef, 0x7bae, 0x736d, 0x6b2c, 0x6b2c, 0x6b2c, 0x6b2c, 0x6b4c, 0x6b4c, 0x6b4c, 0x6b4c, 0x6b4c, 0x6b4c, 0x6b4c, 0x6b4c, 0x6b4c, 0x6b4c, 0x6b4c, 0x6b4c, 0x734d, 0x736d, 0x7bae, 0x83ef, 0x9cb2, 0xc5f7, 0xdedb, 0xef5d, 0xf7be, 0xffdf, 0xffff, 0xffff, 0xffff, 0xffff, 0xffdf, 0xf79e, 0xe6fb, 0xce59, 0xbdd6, 0xa534, 0x8c30, 0x6b4c, 0x6b2c, 0x6b2c, 0x6b2c, 0x6b4c, 0x6b4c, 0x6b4c, 0x6b4c, 0x6b4c, 0x6b4c, 0x6b4c, 0x6b4c, 0x6b4c, 0x6b4c, 0x6b4c, 0x6b4c, 0x6b4c, 0x6b4c, 0x6b4c, 0x6b4c, 0x6b2c, 0x6b2c, 0x6b2c, 0x6b4c, 0x8c50, 0xad34, 0xbdd7, 0xce79, 0xe71c, 0xf79e, 0xffdf, 0xffff, 0xffff, 0xffff, 0xffff, 0xffff, 0xffff, 0xffff, 0xffff, 0xffff, 0xffff, 0xffff, 0xffff, 0xffff, 0xffff, 0xffff, 0xffff, 0xffff, 0xffff, 0xffff, 0xffff, 0xffff, 0xffff, 0xffff, 0xffff, 0xffff, 0xffff, 0xffff, 0xffff, 0xffff, 0xffff, 0xffff, 0xffff, 0xffff, 0xffff, 0xffff, 0xffff, 0xffff, 0xffff, 0xffff, 0xffff, 0xffff, 0xffff, 0xffff, 0xffff, 0xffff, 0xffff, 0xffff, 0xffff, 0xffff, 0xffff, 0xffff, 0xffff, 0xffff, 0xffff, 0xffff, 0xffff, 0xffff, 0xffff, 0xffff, 0xffff, 0xffff, 0xffff, 0xffff, 0xffff, 0xffff, 0xffff, 0xffff, 0xffff, 0xffff, 0xffff, 0xffff, 0xffff, 0xffff, 0xffff, 0xffff, 0xffff, 0xffff, 0xffff, 0xffff, 0xffff, 0xffff, 0xffff, 0xffff, 0xffff, 0xffff, 0xffff, 0xffff, 0xffff, 0xffff, 0xffff, 0xffff, 0xffff, 0xffff, 0xffff, 0xffff, 0xffff, 0xffff, 0xffff, 0xffff, 0xffff, 0xffff, 0xffff, 0xffff, 0xffff, 0xffff, 0xffff, 0xffff, 0xffff, 0xffff, 0xffff, 0xffff, 0xffff, 0xffff, 0xffff, 0xffff, 0xffff, 0xffff, 0xffff, 0xffff, 0xffff, 0xffff, 0xffff, 0xffdf, 0xf7be, 0xf79e, 0xd6ba, 0xad55, 0x8c30, 0x6b2c, 0x630b, 0x6b2c, 0x6b2c, 0x6b4c, 0x6b4c, 0x6b4c, 0x6b4c, 0x6b4c, 0x6b4c, 0x6b4c, 0x6b4c, 0x6b4c, 0x6b4c, 0x6b4c, 0x6b4c, 0x6b4c, 0x6b4c, 0x6b4c, 0x6b4c, 0x6b2c, 0x6b2c, 0x6b4c, 0x736d, 0x83ef, 0x9471, 0xa513, 0xb596, 0xd69a, 0xf79e, 0xffdf, 0xffff, 0xffff, 0xffff, 0xffff, 0xffdf, 0xffdf, 0xf77d, 0xd6ba, 0xbdb6, 0x9cb2, 0x83ef, 0x7bae, 0x736d, 0x6b2c, 0x6b2c, 0x6b2c, 0x6b2c, 0x6b4c, 0x6b4c, 0x6b4c, 0x6b4c, 0x6b4c, 0x6b4c, 0x6b4c, 0x6b4c, 0x6b4c, 0x6b4c, 0x6b4c, 0x6b4c, 0x734d, 0x736d, 0x7bae, 0x83ef, 0x9cb2, 0xc5f7, 0xdedb, 0xef5d, 0xf7be, 0xffdf, 0xffff, 0xffff, 0xffff, 0xffff, 0xffdf, 0xf79e, 0xe6fb, 0xce59, 0xbdd6, 0xa534, 0x8c30, 0x6b4c, 0x6b2c, 0x6b2c, 0x6b2c, 0x6b4c, 0x6b4c, 0x6b4c, 0x6b4c, 0x6b4c, 0x6b4c, 0x6b4c, 0x6b4c, 0x6b4c, 0x6b4c, 0x6b4c, 0x6b4c, 0x6b4c, 0x6b4c, 0x6b4c, 0x6b4c, 0x6b2c, 0x6b2c, 0x6b2c, 0x6b4c, 0x8c50, 0xad34, 0xbdd7, 0xce79, 0xe71c, 0xf79e, 0xffdf, 0xffff, 0xffff, 0xffff, 0xffff, 0xffff, 0xffff, 0xffff, 0xffff, 0xffff, 0xffff, 0xffff, 0xffff, 0xffff, 0xffff, 0xffff, 0xffff, 0xffff, 0xffff, 0xffff, 0xffff, 0xffff, 0xffff, 0xffff, 0xffff, 0xffff, 0xffff, 0xffff, 0xffff, 0xffff, 0xffff, 0xffff, 0xffff, 0xffff, 0xffff, 0xffff, 0xffff, 0xffff, 0xffff, 0xffff, 0xffff, 0xffff, 0xffff, 0xffff, 0xffff, 0xffff, 0xffff, 0xffff, 0xffff, 0xffff, 0xffff, 0xffff, 0xffff, 0xffff, 0xffff, 0xffff, 0xffff, 0xffff, 0xffff, 0xffff, 0xffff, 0xffff, 0xffff, 0xffff, 0xffff, 0xffff, 0xffff, 0xffff, 0xffff, 0xffff, 0xffff, 0xffff, 0xffff, 0xffff, 0xffff, 0xffff, 0xffff, 0xffff, 0xffff, 0xffff, 0xffff, 0xffff, 0xffff, 0xffff, 0xffff, 0xffff, 0xffff, 0xffff, 0xffff, 0xffff, 0xffff, 0xffff, 0xffff, 0xffff, 0xffff, 0xffff, 0xffff, 0xffff, 0xffff, 0xffff, 0xffff, 0xffff, 0xffff, 0xffff, 0xffff, 0xffff, 0xffff, 0xffff, 0xffff, 0xffff, 0xffff, 0xffff, 0xffff, 0xffff, 0xffff, 0xffff, 0xffff, 0xffff, 0xffff, 0xffff, 0xffff, 0xffff, 0xffff, 0xffdf, 0xf7be, 0xf79e, 0xd6ba, 0xad55, 0x8c30, 0x6b2c, 0x630b, 0x6b2c, 0x6b2c, 0x6b4c, 0x6b4c, 0x6b4c, 0x6b4c, 0x6b4c, 0x6b4c, 0x6b4c, 0x6b4c, 0x6b4c, 0x6b4c, 0x6b4c, 0x6b4c, 0x6b4c, 0x6b4c, 0x6b4c, 0x6b4c, 0x6b2c, 0x6b2c, 0x6b4c, 0x736d, 0x83ef, 0x9471, 0xa513, 0xb596, 0xd69a, 0xf79e, 0xffdf, 0xffff, 0xffff, 0xffff, 0xffff, 0xffdf, 0xffdf, 0xf77d, 0xd6ba, 0xbdb6, 0x9cb2, 0x83ef, 0x7bae, 0x736d, 0x6b2c, 0x6b2c, 0x6b2c, 0x6b2c, 0x6b4c, 0x6b4c, 0x6b4c, 0x6b4c, 0x6b4c, 0x6b4c, 0x6b4c, 0x6b4c, 0x6b4c, 0x6b4c, 0x6b4c, 0x6b4c, 0x734d, 0x736d, 0x7bae, 0x83ef, 0x9cb2, 0xc5f7, 0xdedb, 0xef5d, 0xf7be, 0xffdf, 0xffff, 0xffff, 0xffff, 0xffff, 0xffdf, 0xf79e, 0xe6fb, 0xce59, 0xbdd6, 0xa534, 0x8c30, 0x6b4c, 0x6b2c, 0x6b2c, 0x6b2c, 0x6b4c, 0x6b4c, 0x6b4c, 0x6b4c, 0x6b4c, 0x6b4c, 0x6b4c, 0x6b4c, 0x6b4c, 0x6b4c, 0x6b4c, 0x6b4c, 0x6b4c, 0x6b4c, 0x6b4c, 0x6b4c, 0x6b2c, 0x6b2c, 0x6b2c, 0x6b4c, 0x8c50, 0xad34, 0xbdd7, 0xce79, 0xe71c, 0xf79e, 0xffdf, 0xffff, 0xffff, 0xffff, 0xffff, 0xffff, 0xffff, 0xffff, 0xffff, 0xffff, 0xffff, 0xffff, 0xffff, 0xffff, 0xffff, 0xffff, 0xffff, 0xffff, 0xffff, 0xffff, 0xffff, 0xffff, 0xffff, 0xffff, 0xffff, 0xffff, 0xffff, 0xffff, 0xffff, 0xffff, 0xffff, 0xffff, 0xffff, 0xffff, 0xffff, 0xffff, 0xffff, 0xffff, 0xffff, 0xffff, 0xffff, 0xffff, 0xffff, 0xffff, 0xffff, 0xffff, 0xffff, 0xffff, 0xffff, 0xffff, 0xffff, 0xffff, 0xffff, 0xffff, 0xffff, 0xffff, 0xffff, 0xffff, 0xffff, 0xffff, 0xffff, 0xffff, 0xffff, 0xffff, 0xffff, 0xffff, 0xffff, 0xffff, 0xffff, 0xffff, 0xffff, 0xffff, 0xffff, 0xffff, 0xffff, 0xffff, 0xffff, 0xffff, 0xffff, 0xffff, 0xffff, 0xffff, 0xffff, 0xffff, 0xffff, 0xffff, 0xffff, 0xffff, 0xffff, 0xffff, 0xffff, 0xffff, 0xffff, 0xffff, 0xffff, 0xffff, 0xffff, 0xffff, 0xffff, 0xffff, 0xffff, 0xffff, 0xffff, 0xffff, 0xffff, 0xffff, 0xffff, 0xffff, 0xffff, 0xffff, 0xffff, 0xffff, 0xffff, 0xffff, 0xffff, 0xffff, 0xffff, 0xffff, 0xffff, 0xffff, 0xffff, 0xffff, 0xffff, 0xffdf, 0xf7be, 0xf79e, 0xd6ba, 0xad55, 0x8c30, 0x6b2c, 0x630b, 0x6b2c, 0x6b2c, 0x6b4c, 0x6b4c, 0x6b4c, 0x6b4c, 0x6b4c, 0x6b4c, 0x6b4c, 0x6b4c, 0x6b4c, 0x6b4c, 0x6b4c, 0x6b4c, 0x6b4c, 0x6b4c, 0x6b4c, 0x6b4c, 0x6b2c, 0x6b2c, 0x6b4c, 0x736d, 0x83ef, 0x9471, 0xa513, 0xb596, 0xd69a, 0xf79e, 0xffdf, 0xffff, 0xffff, 0xffff, 0xffff, 0xffdf, 0xffdf, 0xf77d, 0xd6ba, 0xbdb6, 0x9cb2, 0x83ef, 0x7bae, 0x736d, 0x6b2c, 0x6b2c, 0x6b2c, 0x6b2c, 0x6b4c, 0x6b4c, 0x6b4c, 0x6b4c, 0x6b4c, 0x6b4c, 0x6b4c, 0x6b4c, 0x6b4c, 0x6b4c, 0x6b4c, 0x6b4c, 0x734d, 0x736d, 0x7bae, 0x83ef, 0x9cb2, 0xc5f7, 0xdedb, 0xef5d, 0xf7be, 0xffdf, 0xffff, 0xffff, 0xffff, 0xffff, 0xffdf, 0xf79e, 0xe6fb, 0xce59, 0xbdd6, 0xa534, 0x8c30, 0x6b4c, 0x6b2c, 0x6b2c, 0x6b2c, 0x6b4c, 0x6b4c, 0x6b4c, 0x6b4c, 0x6b4c, 0x6b4c, 0x6b4c, 0x6b4c, 0x6b4c, 0x6b4c, 0x6b4c, 0x6b4c, 0x6b4c, 0x6b4c, 0x6b4c, 0x6b4c, 0x6b2c, 0x6b2c, 0x6b2c, 0x6b4c, 0x8c50, 0xad34, 0xbdd7, 0xce79, 0xe71c, 0xf79e, 0xffdf, 0xffff, 0xffff, 0xffff, 0xffff, 0xffff, 0xffff, 0xffff, 0xffff, 0xffff, 0xffff, 0xffff, 0xffff, 0xffff, 0xffff, 0xffff, 0xffff, 0xffff, 0xffff, 0xffff, 0xffff, 0xffff, 0xffff, 0xffff, 0xffff, 0xffff, 0xffff, 0xffff, 0xffff, 0xffff, 0xffff, 0xffff, 0xffff, 0xffff, 0xffff, 0xffff, 0xffff, 0xffff, 0xffff, 0xffff, 0xffff, 0xffff, 0xffff, 0xffff, 0xffff, 0xffff, 0xffff, 0xffff, 0xffff, 0xffff, 0xffff, 0xffff, 0xffff, 0xffff, 0xffff, 0xffff, 0xffff, 0xffff, 0xffff, 0xffff, 0xffff, 0xffff, 0xffff, 0xffff, 0xffff, 0xffff, 0xffff, 0xffff, 0xffff, 0xffff, 0xffff, 0xffff, 0xffff, 0xffff, 0xffff, 0xffff, 0xffff, 0xffff, 0xffff, 0xffff, 0xffff, 0xffff, 0xffff, 0xffff, 0xffff, 0xffff, 0xffff, 0xffff, 0xffff, 0xffff, 0xffff, 0xffff, 0xffff, 0xffff, 0xffff, 0xffff, 0xffff, 0xffff, 0xffff, 0xffff, 0xffff, 0xffff, 0xffff, 0xffff, 0xffff, 0xffff, 0xffff, 0xffff, 0xffff, 0xffff, 0xffff, 0xffff, 0xffff, 0xffff, 0xffff, 0xffff, 0xffff, 0xffff, 0xffff, 0xffff, 0xffff, 0xffff, 0xffff, 0xffdf, 0xf7be, 0xf79e, 0xd6ba, 0xad55, 0x8c30, 0x6b2c, 0x630b, 0x6b2c, 0x6b2c, 0x6b4c, 0x6b4c, 0x6b4c, 0x6b4c, 0x6b4c, 0x6b4c, 0x6b4c, 0x6b4c, 0x6b4c, 0x6b4c, 0x6b4c, 0x6b4c, 0x6b4c, 0x6b4c, 0x6b4c, 0x6b4c, 0x6b2c, 0x6b2c, 0x6b4c, 0x736d, 0x83ef, 0x9471, 0xa513, 0xb596, 0xd69a, 0xf79e, 0xffdf, 0xffff, 0xffff, 0xffff, 0xffff, 0xffdf, 0xffdf, 0xf77d, 0xd6ba, 0xbdb6, 0x9cb2, 0x83ef, 0x7bae, 0x736d, 0x6b2c, 0x6b2c, 0x6b2c, 0x6b2c, 0x6b4c, 0x6b4c, 0x6b4c, 0x6b4c, 0x6b4c, 0x6b4c, 0x6b4c, 0x6b4c, 0x6b4c, 0x6b4c, 0x6b4c, 0x6b4c, 0x734d, 0x736d, 0x7bae, 0x83ef, 0x9cb2, 0xc5f7, 0xdedb, 0xef5d, 0xf7be, 0xffdf, 0xffff, 0xffff, 0xffff, 0xffff, 0xffdf, 0xf79e, 0xe6fb, 0xce59, 0xbdd6, 0xa534, 0x8c30, 0x6b4c, 0x6b2c, 0x6b2c, 0x6b2c, 0x6b4c, 0x6b4c, 0x6b4c, 0x6b4c, 0x6b4c, 0x6b4c, 0x6b4c, 0x6b4c, 0x6b4c, 0x6b4c, 0x6b4c, 0x6b4c, 0x6b4c, 0x6b4c, 0x6b4c, 0x6b4c, 0x6b2c, 0x6b2c, 0x6b2c, 0x6b4c, 0x8c50, 0xad34, 0xbdd7, 0xce79, 0xe71c, 0xf79e, 0xffdf, 0xffff, 0xffff, 0xffff, 0xffff, 0xffff, 0xffff, 0xffff, 0xffff, 0xffff, 0xffff, 0xffff, 0xffff, 0xffff, 0xffff, 0xffff, 0xffff, 0xffff, 0xffff, 0xffff, 0xffff, 0xffff, 0xffff, 0xffff, 0xffff, 0xffff, 0xffff, 0xffff, 0xffff, 0xffff, 0xffff, 0xffff, 0xffff, 0xffff, 0xffff, 0xffff, 0xffff, 0xffff, 0xffff, 0xffff, 0xffff, 0xffff, 0xffff, 0xffff, 0xffff, 0xffff, 0xffff, 0xffff, 0xffff, 0xffff, 0xffff, 0xffff, 0xffff, 0xffff, 0xffff, 0xffff, 0xffff, 0xffff, 0xffff, 0xffff, 0xffff, 0xffff, 0xffff, 0xffff, 0xffff, 0xffff, 0xffff, 0xffff, 0xffff, 0xffff, 0xffff, 0xffff, 0xffff, 0xffff, 0xffff, 0xffff, 0xffff, 0xffff, 0xffff, 0xffff, 0xffff, 0xffff, 0xffff, 0xffff, 0xffff, 0xffff, 0xffff, 0xffff, 0xffff, 0xffff, 0xffff, 0xffff, 0xffff, 0xffff, 0xffff, 0xffff, 0xffff, 0xffff, 0xffff, 0xffff, 0xffff, 0xffff, 0xffff, 0xffff, 0xffff, 0xffff, 0xffff, 0xffff, 0xffff, 0xffff, 0xffff, 0xffff, 0xffff, 0xffff, 0xffff, 0xffff, 0xffff, 0xffff, 0xffff, 0xffff, 0xffff, 0xffff, 0xffff, 0xffdf, 0xf7be, 0xf79e, 0xd6ba, 0xad55, 0x8c30, 0x6b2c, 0x630b, 0x6b2c, 0x6b2c, 0x6b4c, 0x6b4c, 0x6b4c, 0x6b4c, 0x6b4c, 0x6b4c, 0x6b4c, 0x6b4c, 0x6b4c, 0x6b4c, 0x6b4c, 0x6b4c, 0x6b4c, 0x6b4c, 0x6b4c, 0x6b4c, 0x6b2c, 0x6b2c, 0x6b4c, 0x736d, 0x83ef, 0x9471, 0xa513, 0xb596, 0xd69a, 0xf79e, 0xffdf, 0xffff, 0xffff, 0xffff, 0xffff, 0xffdf, 0xffdf, 0xf77d, 0xd6ba, 0xbdb6, 0x9cb2, 0x83ef, 0x7bae, 0x736d, 0x6b2c, 0x6b2c, 0x6b2c, 0x6b2c, 0x6b4c, 0x6b4c, 0x6b4c, 0x6b4c, 0x6b4c, 0x6b4c, 0x6b4c, 0x6b4c, 0x6b4c, 0x6b4c, 0x6b4c, 0x6b4c, 0x734d, 0x736d, 0x7bae, 0x83ef, 0x9cb2, 0xc5f7, 0xdedb, 0xef5d, 0xf7be, 0xffdf, 0xffff, 0xffff, 0xffff, 0xffff, 0xffdf, 0xf79e, 0xe6fb, 0xce59, 0xbdd6, 0xa534, 0x8c30, 0x6b4c, 0x6b2c, 0x6b2c, 0x6b2c, 0x6b4c, 0x6b4c, 0x6b4c, 0x6b4c, 0x6b4c, 0x6b4c, 0x6b4c, 0x6b4c, 0x6b4c, 0x6b4c, 0x6b4c, 0x6b4c, 0x6b4c, 0x6b4c, 0x6b4c, 0x6b4c, 0x6b2c, 0x6b2c, 0x6b2c, 0x6b4c, 0x8c50, 0xad34, 0xbdd7, 0xce79, 0xe71c, 0xf79e, 0xffdf, 0xffff, 0xffff, 0xffff, 0xffff, 0xffff, 0xffff, 0xffff, 0xffff, 0xffff, 0xffff, 0xffff, 0xffff, 0xffff, 0xffff, 0xffff, 0xffff, 0xffff, 0xffff, 0xffff, 0xffff, 0xffff, 0xffff, 0xffff, 0xffff, 0xffff, 0xffff, 0xffff, 0xffff, 0xffff, 0xffff, 0xffff, 0xffff, 0xffff, 0xffff, 0xffff, 0xffff, 0xffff, 0xffff, 0xffff, 0xffff, 0xffff, 0xffff, 0xffff, 0xffff, 0xffff, 0xffff, 0xffff, 0xffff, 0xffff, 0xffff, 0xffff, 0xffff, 0xffff, 0xffff, 0xffff, 0xffff, 0xffff, 0xffff, 0xffff, 0xffff, 0xffff, 0xffff, 0xffff, 0xffff, 0xffff, 0xffff, 0xffff, 0xffff, 0xffff, 0xffff, 0xffff, 0xffff, 0xffff, 0xffff, 0xffff, 0xffff, 0xffff, 0xffff, 0xffff, 0xffff, 0xffff, 0xffff, 0xffff, 0xffff, 0xffff, 0xffff, 0xffff, 0xffff, 0xffff, 0xffff, 0xffff, 0xffff, 0xffff, 0xffff, 0xffff, 0xffff, 0xffff, 0xffff, 0xffff, 0xffff, 0xffff, 0xffff, 0xffff, 0xffff, 0xffff, 0xffff, 0xffff, 0xffff, 0xffff, 0xffff, 0xffff, 0xffff, 0xffff, 0xffff, 0xffff, 0xffff, 0xffff, 0xffff, 0xffff, 0xffff, 0xffff, 0xffff, 0xffdf, 0xf7be, 0xf79e, 0xd6ba, 0xad55, 0x8c30, 0x6b2c, 0x630b, 0x6b2c, 0x6b2c, 0x6b4c, 0x6b4c, 0x6b4c, 0x6b4c, 0x6b4c, 0x6b4c, 0x6b4c, 0x6b4c, 0x6b4c, 0x6b4c, 0x6b4c, 0x6b4c, 0x6b4c, 0x6b4c, 0x6b4c, 0x6b4c, 0x6b2c, 0x6b2c, 0x6b4c, 0x736d, 0x83ef, 0x9471, 0xa513, 0xb596, 0xd69a, 0xf79e, 0xffdf, 0xffff, 0xffff, 0xffff, 0xffff, 0xffdf, 0xffdf, 0xf77d, 0xd6ba, 0xbdb6, 0x9cb2, 0x83ef, 0x7bae, 0x736d, 0x6b2c, 0x6b2c, 0x6b2c, 0x6b2c, 0x6b4c, 0x6b4c, 0x6b4c, 0x6b4c, 0x6b4c, 0x6b4c, 0x6b4c, 0x6b4c, 0x6b4c, 0x6b4c, 0x6b4c, 0x6b4c, 0x734d, 0x736d, 0x7bae, 0x83ef, 0x9cb2, 0xc5f7, 0xdedb, 0xef5d, 0xf7be, 0xffdf, 0xffff, 0xffff, 0xffff, 0xffff, 0xffdf, 0xf79e, 0xe6fb, 0xce59, 0xbdd6, 0xa534, 0x8c30, 0x6b4c, 0x6b2c, 0x6b2c, 0x6b2c, 0x6b4c, 0x6b4c, 0x6b4c, 0x6b4c, 0x6b4c, 0x6b4c, 0x6b4c, 0x6b4c, 0x6b4c, 0x6b4c, 0x6b4c, 0x6b4c, 0x6b4c, 0x6b4c, 0x6b4c, 0x6b4c, 0x6b2c, 0x6b2c, 0x6b2c, 0x6b4c, 0x8c50, 0xad34, 0xbdd7, 0xce79, 0xe71c, 0xf79e, 0xffdf, 0xffff, 0xffff, 0xffff, 0xffff, 0xffff, 0xffff, 0xffff, 0xffff, 0xffff, 0xffff, 0xffff, 0xffff, 0xffff, 0xffff, 0xffff, 0xffff, 0xffff, 0xffff, 0xffff, 0xffff, 0xffff, 0xffff, 0xffff, 0xffff, 0xffff, 0xffff, 0xffff, 0xffff, 0xffff, 0xffff, 0xffff, 0xffff, 0xffff, 0xffff, 0xffff, 0xffff, 0xffff, 0xffff, 0xffff, 0xffff, 0xffff, 0xffff, 0xffff, 0xffff, 0xffff, 0xffff, 0xffff, 0xffff, 0xffff, 0xffff, 0xffff, 0xffff, 0xffff, 0xffff, 0xffff, 0xffff, 0xffff, 0xffff, 0xffff, 0xffff, 0xffff, 0xffff, 0xffff, 0xffff, 0xffff, 0xffff, 0xffff, 0xffff, 0xffff, 0xffff, 0xffff, 0xffff, 0xffff, 0xffff, 0xffff, 0xffff, 0xffff, 0xffff, 0xffff, 0xffff, 0xffff, 0xffff, 0xffff, 0xffff, 0xffff, 0xffff, 0xffff, 0xffff, 0xffff, 0xffff, 0xffff, 0xffff, 0xffff, 0xffff, 0xffff, 0xffff, 0xffff, 0xffff, 0xffff, 0xffff, 0xffff, 0xffff, 0xffff, 0xffff, 0xffff, 0xffff, 0xffff, 0xffff, 0xffff, 0xffff, 0xffff, 0xffff, 0xffff, 0xffff, 0xffff, 0xffff, 0xffff, 0xffff, 0xffff, 0xffff, 0xffff, 0xffff, 0xffdf, 0xf7be, 0xf79e, 0xd6ba, 0xad55, 0x8c30, 0x6b2c, 0x630b, 0x6b2c, 0x6b2c, 0x6b4c, 0x6b4c, 0x6b4c, 0x6b4c, 0x6b4c, 0x6b4c, 0x6b4c, 0x6b4c, 0x6b4c, 0x6b4c, 0x6b4c, 0x6b4c, 0x6b4c, 0x6b4c, 0x6b4c, 0x6b4c, 0x6b2c, 0x6b2c, 0x6b4c, 0x736d, 0x83ef, 0x9471, 0xa513, 0xb596, 0xd69a, 0xf79e, 0xffdf, 0xffff, 0xffff, 0xffff, 0xffff, 0xffdf, 0xffdf, 0xf77d, 0xd6ba, 0xbdb6, 0x9cb2, 0x83ef, 0x7bae, 0x736d, 0x6b2c, 0x6b2c, 0x6b2c, 0x6b2c, 0x6b4c, 0x6b4c, 0x6b4c, 0x6b4c, 0x6b4c, 0x6b4c, 0x6b4c, 0x6b4c, 0x6b4c, 0x6b4c, 0x6b4c, 0x6b4c, 0x734d, 0x736d, 0x7bae, 0x83ef, 0x9cb2, 0xc5f7, 0xdedb, 0xef5d, 0xf7be, 0xffdf, 0xffff, 0xffff, 0xffff, 0xffff, 0xffdf, 0xf79e, 0xe6fb, 0xce59, 0xbdd6, 0xa534, 0x8c30, 0x6b4c, 0x6b2c, 0x6b2c, 0x6b2c, 0x6b4c, 0x6b4c, 0x6b4c, 0x6b4c, 0x6b4c, 0x6b4c, 0x6b4c, 0x6b4c, 0x6b4c, 0x6b4c, 0x6b4c, 0x6b4c, 0x6b4c, 0x6b4c, 0x6b4c, 0x6b4c, 0x6b2c, 0x6b2c, 0x6b2c, 0x6b4c, 0x8c50, 0xad34, 0xbdd7, 0xce79, 0xe71c, 0xf79e, 0xffdf, 0xffff, 0xffff, 0xffff, 0xffff, 0xffff, 0xffff, 0xffff, 0xffff, 0xffff, 0xffff, 0xffff, 0xffff, 0xffff, 0xffff, 0xffff, 0xffff, 0xffff, 0xffff, 0xffff, 0xffff, 0xffff, 0xffff, 0xffff, 0xffff, 0xffff, 0xffff, 0xffff, 0xffff, 0xffff, 0xffff, 0xffff, 0xffff, 0xffff, 0xffff, 0xffff, 0xffff, 0xffff, 0xffff, 0xffff, 0xffff, 0xffff, 0xffff, 0xffff, 0xffff, 0xffff, 0xffff, 0xffff, 0xffff, 0xffff, 0xffff, 0xffff, 0xffff, 0xffff, 0xffff, 0xffff, 0xffff, 0xffff, 0xffff, 0xffff, 0xffff, 0xffff, 0xffff, 0xffff, 0xffff, 0xffff, 0xffff, 0xffff, 0xffff, 0xffff, 0xffff, 0xffff, 0xffff, 0xffff, 0xffff, 0xffff, 0xffff, 0xffff, 0xffff, 0xffff, 0xffff, 0xffff, 0xffff, 0xffff, 0xffff, 0xffff, 0xffff, 0xffff, 0xffff, 0xffff, 0xffff, 0xffff, 0xffff, 0xffff, 0xffff, 0xffff, 0xffff, 0xffff, 0xffff, 0xffff, 0xffff, 0xffff, 0xffff, 0xffff, 0xffff, 0xffff, 0xffff, 0xffff, 0xffff, 0xffff, 0xffff, 0xffff, 0xffff, 0xffff, 0xffff, 0xffff, 0xffff, 0xffff, 0xffff, 0xffff, 0xffff, 0xffff, 0xffff, 0xffdf, 0xf7be, 0xf79e, 0xd6ba, 0xad55, 0x8c30, 0x6b2c, 0x630b, 0x6b2c, 0x6b2c, 0x6b4c, 0x6b4c, 0x6b4c, 0x6b4c, 0x6b4c, 0x6b4c, 0x6b4c, 0x6b4c, 0x6b4c, 0x6b4c, 0x6b4c, 0x6b4c, 0x6b4c, 0x6b4c, 0x6b4c, 0x6b4c, 0x6b2c, 0x6b2c, 0x6b4c, 0x736d, 0x83ef, 0x9471, 0xa513, 0xb596, 0xd69a, 0xf79e, 0xffdf, 0xffff, 0xffff, 0xffff, 0xffff, 0xffdf, 0xffdf, 0xf77d, 0xd6ba, 0xbdb6, 0x9cb2, 0x83ef, 0x7bae, 0x736d, 0x6b2c, 0x6b2c, 0x6b2c, 0x6b2c, 0x6b4c, 0x6b4c, 0x6b4c, 0x6b4c, 0x6b4c, 0x6b4c, 0x6b4c, 0x6b4c, 0x6b4c, 0x6b4c, 0x6b4c, 0x6b4c, 0x734d, 0x736d, 0x7bae, 0x83ef, 0x9cb2, 0xc5f7, 0xdedb, 0xef5d, 0xf7be, 0xffdf, 0xffff, 0xffff, 0xffff, 0xffff, 0xffdf, 0xf79e, 0xe6fb, 0xce59, 0xbdd6, 0xa534, 0x8c30, 0x6b4c, 0x6b2c, 0x6b2c, 0x6b2c, 0x6b4c, 0x6b4c, 0x6b4c, 0x6b4c, 0x6b4c, 0x6b4c, 0x6b4c, 0x6b4c, 0x6b4c, 0x6b4c, 0x6b4c, 0x6b4c, 0x6b4c, 0x6b4c, 0x6b4c, 0x6b4c, 0x6b2c, 0x6b2c, 0x6b2c, 0x6b4c, 0x8c50, 0xad34, 0xbdd7, 0xce79, 0xe71c, 0xf79e, 0xffdf, 0xffff, 0xffff, 0xffff, 0xffff, 0xffff, 0xffff, 0xffff, 0xffff, 0xffff, 0xffff, 0xffff, 0xffff, 0xffff, 0xffff, 0xffff, 0xffff, 0xffff, 0xffff, 0xffff, 0xffff, 0xffff, 0xffff, 0xffff, 0xffff, 0xffff, 0xffff, 0xffff, 0xffff, 0xffff, 0xffff, 0xffff, 0xffff, 0xffff, 0xffff, 0xffff, 0xffff, 0xffff, 0xffff, 0xffff, 0xffff, 0xffff, 0xffff, 0xffff, 0xffff, 0xffff, 0xffff, 0xffff, 0xffff, 0xffff, 0xffff, 0xffff, 0xffff, 0xffff, 0xffff, 0xffff, 0xffff, 0xffff, 0xffff, 0xffff, 0xffff, 0xffff, 0xffff, 0xffff, 0xffff, 0xffff, 0xffff, 0xffff, 0xffff, 0xffff, 0xffff, 0xffff, 0xffff, 0xffff, 0xffff, 0xffff, 0xffff, 0xffff, 0xffff, 0xffff, 0xffff, 0xffff, 0xffff, 0xffff, 0xffff, 0xffff, 0xffff, 0xffff, 0xffff, 0xffff, 0xffff, 0xffff, 0xffff, 0xffff, 0xffff, 0xffff, 0xffff, 0xffff, 0xffff, 0xffff, 0xffff, 0xffff, 0xffff, 0xffff, 0xffff, 0xffff, 0xffff, 0xffff, 0xffff, 0xffff, 0xffff, 0xffff, 0xffff, 0xffff, 0xffff, 0xffff, 0xffff, 0xffff, 0xffff, 0xffff, 0xffff, 0xffff, 0xffff, 0xffdf, 0xf7be, 0xf79e, 0xd6ba, 0xad55, 0x8c30, 0x6b2c, 0x630b, 0x6b2c, 0x6b2c, 0x6b4c, 0x6b4c, 0x6b4c, 0x6b4c, 0x6b4c, 0x6b4c, 0x6b4c, 0x6b4c, 0x6b4c, 0x6b4c, 0x6b4c, 0x6b4c, 0x6b4c, 0x6b4c, 0x6b4c, 0x6b4c, 0x6b2c, 0x6b2c, 0x6b4c, 0x736d, 0x83ef, 0x9471, 0xa513, 0xb596, 0xd69a, 0xf79e, 0xffdf, 0xffff, 0xffff, 0xffff, 0xffff, 0xffdf, 0xffdf, 0xf77d, 0xd6ba, 0xbdb6, 0x9cb2, 0x83ef, 0x7bae, 0x736d, 0x6b2c, 0x6b2c, 0x6b2c, 0x6b2c, 0x6b4c, 0x6b4c, 0x6b4c, 0x6b4c, 0x6b4c, 0x6b4c, 0x6b4c, 0x6b4c, 0x6b4c, 0x6b4c, 0x6b4c, 0x6b4c, 0x734d, 0x736d, 0x7bae, 0x83ef, 0x9cb2, 0xc5f7, 0xdedb, 0xef5d, 0xf7be, 0xffdf, 0xffff, 0xffff, 0xffff, 0xffff, 0xffdf, 0xf79e, 0xe6fb, 0xce59, 0xbdd6, 0xa534, 0x8c30, 0x6b4c, 0x6b2c, 0x6b2c, 0x6b2c, 0x6b4c, 0x6b4c, 0x6b4c, 0x6b4c, 0x6b4c, 0x6b4c, 0x6b4c, 0x6b4c, 0x6b4c, 0x6b4c, 0x6b4c, 0x6b4c, 0x6b4c, 0x6b4c, 0x6b4c, 0x6b4c, 0x6b2c, 0x6b2c, 0x6b2c, 0x6b4c, 0x8c50, 0xad34, 0xbdd7, 0xce79, 0xe71c, 0xf79e, 0xffdf, 0xffff, 0xffff, 0xffff, 0xffff, 0xffff, 0xffff, 0xffff, 0xffff, 0xffff, 0xffff, 0xffff, 0xffff, 0xffff, 0xffff, 0xffff, 0xffff, 0xffff, 0xffff, 0xffff, 0xffff, 0xffff, 0xffff, 0xffff, 0xffff, 0xffff, 0xffff, 0xffff, 0xffff, 0xffff, 0xffff, 0xffff, 0xffff, 0xffff, 0xffff, 0xffff, 0xffff, 0xffff, 0xffff, 0xffff, 0xffff, 0xffff, 0xffff, 0xffff, 0xffff, 0xffff, 0xffff, 0xffff, 0xffff, 0xffff, 0xffff, 0xffff, 0xffff, 0xffff, 0xffff, 0xffff, 0xffff, 0xffff, 0xffff, 0xffff, 0xffff, 0xffff, 0xffff, 0xffff, 0xffff, 0xffff, 0xffff, 0xffff, 0xffff, 0xffff, 0xffff, 0xffff, 0xffff, 0xffff, 0xffff, 0xffff, 0xffff, 0xffff, 0xffff, 0xffff, 0xffff, 0xffff, 0xffff, 0xffff, 0xffff, 0xffff, 0xffff, 0xffff, 0xffff, 0xffff, 0xffff, 0xffff, 0xffff, 0xffff, 0xffff, 0xffff, 0xffff, 0xffff, 0xffff, 0xffff, 0xffff, 0xffff, 0xffff, 0xffff, 0xffff, 0xffff, 0xffff, 0xffff, 0xffff, 0xffff, 0xffff, 0xffff, 0xffff, 0xffff, 0xffff, 0xffff, 0xffff, 0xffff, 0xffff, 0xffff, 0xffff, 0xffff, 0xffff, 0xffdf, 0xf7be, 0xf79e, 0xd6ba, 0xad55, 0x8c30, 0x6b2c, 0x630b, 0x6b2c, 0x6b2c, 0x6b4c, 0x6b4c, 0x6b4c, 0x6b4c, 0x6b4c, 0x6b4c, 0x6b4c, 0x6b4c, 0x6b4c, 0x6b4c, 0x6b4c, 0x6b4c, 0x6b4c, 0x6b4c, 0x6b4c, 0x6b4c, 0x6b2c, 0x6b2c, 0x6b4c, 0x736d, 0x83ef, 0x9471, 0xa513, 0xb596, 0xd69a, 0xf79e, 0xffdf, 0xffff, 0xffff, 0xffff, 0xffff, 0xffdf, 0xffdf, 0xf77d, 0xd6ba, 0xbdb6, 0x9cb2, 0x83ef, 0x7bae, 0x736d, 0x6b2c, 0x6b2c, 0x6b2c, 0x6b2c, 0x6b4c, 0x6b4c, 0x6b4c, 0x6b4c, 0x6b4c, 0x6b4c, 0x6b4c, 0x6b4c, 0x6b4c, 0x6b4c, 0x6b4c, 0x6b4c, 0x734d, 0x736d, 0x7bae, 0x83ef, 0x9cb2, 0xc5f7, 0xdedb, 0xef5d, 0xf7be, 0xffdf, 0xffff, 0xffff, 0xffff, 0xffff, 0xffdf, 0xf79e, 0xe6fb, 0xce59, 0xbdd6, 0xa534, 0x8c30, 0x6b4c, 0x6b2c, 0x6b2c, 0x6b2c, 0x6b4c, 0x6b4c, 0x6b4c, 0x6b4c, 0x6b4c, 0x6b4c, 0x6b4c, 0x6b4c, 0x6b4c, 0x6b4c, 0x6b4c, 0x6b4c, 0x6b4c, 0x6b4c, 0x6b4c, 0x6b4c, 0x6b2c, 0x6b2c, 0x6b2c, 0x6b4c, 0x8c50, 0xad34, 0xbdd7, 0xce79, 0xe71c, 0xf79e, 0xffdf, 0xffff, 0xffff, 0xffff, 0xffff, 0xffff, 0xffff, 0xffff, 0xffff, 0xffff, 0xffff, 0xffff, 0xffff, 0xffff, 0xffff, 0xffff, 0xffff, 0xffff, 0xffff, 0xffff, 0xffff, 0xffff, 0xffff, 0xffff, 0xffff, 0xffff, 0xffff, 0xffff, 0xffff, 0xffff, 0xffff, 0xffff, 0xffff, 0xffff, 0xffff, 0xffff, 0xffff, 0xffff, 0xffff, 0xffff, 0xffff, 0xffff, 0xffff, 0xffff, 0xffff, 0xffff, 0xffff, 0xffff, 0xffff, 0xffff, 0xffff, 0xffff, 0xffff, 0xffff, 0xffff, 0xffff, 0xffff, 0xffff, 0xffff, 0xffff, 0xffff, 0xffff, 0xffff, 0xffff, 0xffff, 0xffff, 0xffff, 0xffff, 0xffff, 0xffff, 0xffff, 0xffff, 0xffff, 0xffff, 0xffff, 0xffff, 0xffff, 0xffff, 0xffff, 0xffff, 0xffff, 0xffff, 0xffff, 0xffff, 0xffff, 0xffff, 0xffff, 0xffff, 0xffff, 0xffff, 0xffff, 0xffff, 0xffff, 0xffff, 0xffff, 0xffff, 0xffff, 0xffff, 0xffff, 0xffff, 0xffff, 0xffff, 0xffff, 0xffff, 0xffff, 0xffff, 0xffff, 0xffff, 0xffff, 0xffff, 0xffff, 0xffff, 0xffff, 0xffff, 0xffff, 0xffff, 0xffff, 0xffff, 0xffff, 0xffff, 0xffff, 0xffff, 0xffff, 0xffdf, 0xf7be, 0xf79e, 0xd6ba, 0xad55, 0x8c30, 0x6b2c, 0x630b, 0x6b2c, 0x6b2c, 0x6b4c, 0x6b4c, 0x6b4c, 0x6b4c, 0x6b4c, 0x6b4c, 0x6b4c, 0x6b4c, 0x6b4c, 0x6b4c, 0x6b4c, 0x6b4c, 0x6b4c, 0x6b4c, 0x6b4c, 0x6b4c, 0x6b2c, 0x6b2c, 0x6b4c, 0x736d, 0x83ef, 0x9471, 0xa513, 0xb596, 0xd69a, 0xf79e, 0xffdf, 0xffff, 0xffff, 0xffff, 0xffff, 0xffdf, 0xffdf, 0xf77d, 0xd6ba, 0xbdb6, 0x9cb2, 0x83ef, 0x7bae, 0x736d, 0x6b2c, 0x6b2c, 0x6b2c, 0x6b2c, 0x6b4c, 0x6b4c, 0x6b4c, 0x6b4c, 0x6b4c, 0x6b4c, 0x6b4c, 0x6b4c, 0x6b4c, 0x6b4c, 0x6b4c, 0x6b4c, 0x734d, 0x736d, 0x7bae, 0x83ef, 0x9cb2, 0xc5f7, 0xdedb, 0xef5d, 0xf7be, 0xffdf, 0xffff, 0xffff, 0xffff, 0xffff, 0xffdf, 0xf79e, 0xe6fb, 0xce59, 0xbdd6, 0xa534, 0x8c30, 0x6b4c, 0x6b2c, 0x6b2c, 0x6b2c, 0x6b4c, 0x6b4c, 0x6b4c, 0x6b4c, 0x6b4c, 0x6b4c, 0x6b4c, 0x6b4c, 0x6b4c, 0x6b4c, 0x6b4c, 0x6b4c, 0x6b4c, 0x6b4c, 0x6b4c, 0x6b4c, 0x6b2c, 0x6b2c, 0x6b2c, 0x6b4c, 0x8c50, 0xad34, 0xbdd7, 0xce79, 0xe71c, 0xf79e, 0xffdf, 0xffff, 0xffff, 0xffff, 0xffff, 0xffff, 0xffff, 0xffff, 0xffff, 0xffff, 0xffff, 0xffff, 0xffff, 0xffff, 0xffff, 0xffff, 0xffff, 0xffff, 0xffff, 0xffff, 0xffff, 0xffff, 0xffff, 0xffff, 0xffff, 0xffff, 0xffff, 0xffff, 0xffff, 0xffff, 0xffff, 0xffff, 0xffff, 0xffff, 0xffff, 0xffff, 0xffff, 0xffff, 0xffff, 0xffff, 0xffff, 0xffff, 0xffff, 0xffff, 0xffff, 0xffff, 0xffff, 0xffff, 0xffff, 0xffff, 0xffff, 0xffff, 0xffff, 0xffff, 0xffff, 0xffff, 0xffff, 0xffff, 0xffff, 0xffff, 0xffff, 0xffff, 0xffff, 0xffff, 0xffff, 0xffff, 0xffff, 0xffff, 0xffff, 0xffff, 0xffff, 0xffff, 0xffff, 0xffff, 0xffff, 0xffff, 0xffff, 0xffff, 0xffff, 0xffff, 0xffff, 0xffff, 0xffff, 0xffff, 0xffff, 0xffff, 0xffff, 0xffff, 0xffff, 0xffff, 0xffff, 0xffff, 0xffff, 0xffff, 0xffff, 0xffff, 0xffff, 0xffff, 0xffff, 0xffff, 0xffff, 0xffff, 0xffff, 0xffff, 0xffff, 0xffff, 0xffff, 0xffff, 0xffff, 0xffff, 0xffff, 0xffff, 0xffff, 0xffff, 0xffff, 0xffff, 0xffff, 0xffff, 0xffff, 0xffff, 0xffff, 0xffff, 0xffff, 0xffdf, 0xf7be, 0xf79e, 0xd6ba, 0xad55, 0x8c30, 0x6b2c, 0x630b, 0x6b2c, 0x6b2c, 0x6b4c, 0x6b4c, 0x6b4c, 0x6b4c, 0x6b4c, 0x6b4c, 0x6b4c, 0x6b4c, 0x6b4c, 0x6b4c, 0x6b4c, 0x6b4c, 0x6b4c, 0x6b4c, 0x6b4c, 0x6b4c, 0x6b2c, 0x6b2c, 0x6b4c, 0x736d, 0x83ef, 0x9471, 0xa513, 0xb596, 0xd69a, 0xf79e, 0xffdf, 0xffff, 0xffff, 0xffff, 0xffff, 0xffdf, 0xffdf, 0xf77d, 0xd6ba, 0xbdb6, 0x9cb2, 0x83ef, 0x7bae, 0x736d, 0x6b2c, 0x6b2c, 0x6b2c, 0x6b2c, 0x6b4c, 0x6b4c, 0x6b4c, 0x6b4c, 0x6b4c, 0x6b4c, 0x6b4c, 0x6b4c, 0x6b4c, 0x6b4c, 0x6b4c, 0x6b4c, 0x734d, 0x736d, 0x7bae, 0x83ef, 0x9cb2, 0xc5f7, 0xdedb, 0xef5d, 0xf7be, 0xffdf, 0xffff, 0xffff, 0xffff, 0xffff, 0xffdf, 0xf79e, 0xe6fb, 0xce59, 0xbdd6, 0xa534, 0x8c30, 0x6b4c, 0x6b2c, 0x6b2c, 0x6b2c, 0x6b4c, 0x6b4c, 0x6b4c, 0x6b4c, 0x6b4c, 0x6b4c, 0x6b4c, 0x6b4c, 0x6b4c, 0x6b4c, 0x6b4c, 0x6b4c, 0x6b4c, 0x6b4c, 0x6b4c, 0x6b4c, 0x6b2c, 0x6b2c, 0x6b2c, 0x6b4c, 0x8c50, 0xad34, 0xbdd7, 0xce79, 0xe71c, 0xf79e, 0xffdf, 0xffff, 0xffff, 0xffff, 0xffff, 0xffff, 0xffff, 0xffff, 0xffff, 0xffff, 0xffff, 0xffff, 0xffff, 0xffff, 0xffff, 0xffff, 0xffff, 0xffff, 0xffff, 0xffff, 0xffff, 0xffff, 0xffff, 0xffff, 0xffff, 0xffff, 0xffff, 0xffff, 0xffff, 0xffff, 0xffff, 0xffff, 0xffff, 0xffff, 0xffff, 0xffff, 0xffff, 0xffff, 0xffff, 0xffff, 0xffff, 0xffff, 0xffff, 0xffff, 0xffff, 0xffff, 0xffff, 0xffff, 0xffff, 0xffff, 0xffff, 0xffff, 0xffff, 0xffff, 0xffff, 0xffff, 0xffff, 0xffff, 0xffff, 0xffff, 0xffff, 0xffff, 0xffff, 0xffff, 0xffff, 0xffff, 0xffff, 0xffff, 0xffff, 0xffff, 0xffff, 0xffff, 0xffff, 0xffff, 0xffff, 0xffff, 0xffff, 0xffff, 0xffff, 0xffff, 0xffff, 0xffff, 0xffff, 0xffff, 0xffff, 0xffff, 0xffff, 0xffff, 0xffff, 0xffff, 0xffff, 0xffff, 0xffff, 0xffff, 0xffff, 0xffff, 0xffff, 0xffff, 0xffff, 0xffff, 0xffff, 0xffff, 0xffff, 0xffff, 0xffff, 0xffff, 0xffff, 0xffff, 0xffff, 0xffff, 0xffff, 0xffff, 0xffff, 0xffff, 0xffff, 0xffff, 0xffff, 0xffff, 0xffff, 0xffff, 0xffff, 0xffff, 0xffff, 0xffdf, 0xf7be, 0xf79e, 0xd6ba, 0xad55, 0x8c30, 0x6b2c, 0x630b, 0x6b2c, 0x6b2c, 0x6b4c, 0x6b4c, 0x6b4c, 0x6b4c, 0x6b4c, 0x6b4c, 0x6b4c, 0x6b4c, 0x6b4c, 0x6b4c, 0x6b4c, 0x6b4c, 0x6b4c, 0x6b4c, 0x6b4c, 0x6b4c, 0x6b2c, 0x6b2c, 0x6b4c, 0x736d, 0x83ef, 0x9471, 0xa513, 0xb596, 0xd69a, 0xf79e, 0xffdf, 0xffff, 0xffff, 0xffff, 0xffff, 0xffdf, 0xffdf, 0xf77d, 0xd6ba, 0xbdb6, 0x9cb2, 0x83ef, 0x7bae, 0x736d, 0x6b2c, 0x6b2c, 0x6b2c, 0x6b2c, 0x6b4c, 0x6b4c, 0x6b4c, 0x6b4c, 0x6b4c, 0x6b4c, 0x6b4c, 0x6b4c, 0x6b4c, 0x6b4c, 0x6b4c, 0x6b4c, 0x734d, 0x736d, 0x7bae, 0x83ef, 0x9cb2, 0xc5f7, 0xdedb, 0xef5d, 0xf7be, 0xffdf, 0xffff, 0xffff, 0xffff, 0xffff, 0xffdf, 0xf79e, 0xe6fb, 0xce59, 0xbdd6, 0xa534, 0x8c30, 0x6b4c, 0x6b2c, 0x6b2c, 0x6b2c, 0x6b4c, 0x6b4c, 0x6b4c, 0x6b4c, 0x6b4c, 0x6b4c, 0x6b4c, 0x6b4c, 0x6b4c, 0x6b4c, 0x6b4c, 0x6b4c, 0x6b4c, 0x6b4c, 0x6b4c, 0x6b4c, 0x6b2c, 0x6b2c, 0x6b2c, 0x6b4c, 0x8c50, 0xad34, 0xbdd7, 0xce79, 0xe71c, 0xf79e, 0xffdf, 0xffff, 0xffff, 0xffff, 0xffff, 0xffff, 0xffff, 0xffff, 0xffff, 0xffff, 0xffff, 0xffff, 0xffff, 0xffff, 0xffff, 0xffff, 0xffff, 0xffff, 0xffff, 0xffff, 0xffff, 0xffff, 0xffff, 0xffff, 0xffff, 0xffff, 0xffff, 0xffff, 0xffff, 0xffff, 0xffff, 0xffff, 0xffff, 0xffff, 0xffff, 0xffff, 0xffff, 0xffff, 0xffff, 0xffff, 0xffff, 0xffff, 0xffff, 0xffff, 0xffff, 0xffff, 0xffff, 0xffff, 0xffff, 0xffff, 0xffff, 0xffff, 0xffff, 0xffff, 0xffff, 0xffff, 0xffff, 0xffff, 0xffff, 0xffff, 0xffff, 0xffff, 0xffff, 0xffff, 0xffff, 0xffff, 0xffff, 0xffff, 0xffff, 0xffff, 0xffff, 0xffff, 0xffff, 0xffff, 0xffff, 0xffff, 0xffff, 0xffff, 0xffff, 0xffff, 0xffff, 0xffff, 0xffff, 0xffff, 0xffff, 0xffff, 0xffff, 0xffff, 0xffff, 0xffff, 0xffff, 0xffff, 0xffff, 0xffff, 0xffff, 0xffff, 0xffff, 0xffff, 0xffff, 0xffff, 0xffff, 0xffff, 0xffff, 0xffff, 0xffff, 0xffff, 0xffff, 0xffff, 0xffff, 0xffff, 0xffff, 0xffff, 0xffff, 0xffff, 0xffff, 0xffff, 0xffff, 0xffff, 0xffff, 0xffff, 0xffff, 0xffff, 0xffff, 0xffdf, 0xf7be, 0xf79e, 0xd6ba, 0xad55, 0x8c30, 0x6b2c, 0x630b, 0x6b2c, 0x6b2c, 0x6b4c, 0x6b4c, 0x6b4c, 0x6b4c, 0x6b4c, 0x6b4c, 0x6b4c, 0x6b4c, 0x6b4c, 0x6b4c, 0x6b4c, 0x6b4c, 0x6b4c, 0x6b4c, 0x6b4c, 0x6b4c, 0x6b2c, 0x6b2c, 0x6b4c, 0x736d, 0x83ef, 0x9471, 0xa513, 0xb596, 0xd69a, 0xf79e, 0xffdf, 0xffff, 0xffff, 0xffff, 0xffff, 0xffdf, 0xffdf, 0xf77d, 0xd6ba, 0xbdb6, 0x9cb2, 0x83ef, 0x7bae, 0x736d, 0x6b2c, 0x6b2c, 0x6b2c, 0x6b2c, 0x6b4c, 0x6b4c, 0x6b4c, 0x6b4c, 0x6b4c, 0x6b4c, 0x6b4c, 0x6b4c, 0x6b4c, 0x6b4c, 0x6b4c, 0x6b4c, 0x734d, 0x736d, 0x7bae, 0x83ef, 0x9cb2, 0xc5f7, 0xdedb, 0xef5d, 0xf7be, 0xffdf, 0xffff, 0xffff, 0xffff, 0xffff, 0xffdf, 0xf79e, 0xe6fb, 0xce59, 0xbdd6, 0xa534, 0x8c30, 0x6b4c, 0x6b2c, 0x6b2c, 0x6b2c, 0x6b4c, 0x6b4c, 0x6b4c, 0x6b4c, 0x6b4c, 0x6b4c, 0x6b4c, 0x6b4c, 0x6b4c, 0x6b4c, 0x6b4c, 0x6b4c, 0x6b4c, 0x6b4c, 0x6b4c, 0x6b4c, 0x6b2c, 0x6b2c, 0x6b2c, 0x6b4c, 0x8c50, 0xad34, 0xbdd7, 0xce79, 0xe71c, 0xf79e, 0xffdf, 0xffff, 0xffff, 0xffff, 0xffff, 0xffff, 0xffff, 0xffff, 0xffff, 0xffff, 0xffff, 0xffff, 0xffff, 0xffff, 0xffff, 0xffff, 0xffff, 0xffff, 0xffff, 0xffff, 0xffff, 0xffff, 0xffff, 0xffff, 0xffff, 0xffff, 0xffff, 0xffff, 0xffff, 0xffff, 0xffff, 0xffff, 0xffff, 0xffff, 0xffff, 0xffff, 0xffff, 0xffff, 0xffff, 0xffff, 0xffff, 0xffff, 0xffff, 0xffff, 0xffff, 0xffff, 0xffff, 0xffff, 0xffff, 0xffff, 0xffff, 0xffff, 0xffff, 0xffff, 0xffff, 0xffff, 0xffff, 0xffff, 0xffff, 0xffff, 0xffff, 0xffff, 0xffff, 0xffff, 0xffff, 0xffff, 0xffff, 0xffff, 0xffff, 0xffff, 0xffff, 0xffff, 0xffff, 0xffff, 0xffff, 0xffff, 0xffff, 0xffff, 0xffff, 0xffff, 0xffff, 0xffff, 0xffff, 0xffff, 0xffff, 0xffff, 0xffff, 0xffff, 0xffff, 0xffff, 0xffff, 0xffff, 0xffff, 0xffff, 0xffff, 0xffff, 0xffff, 0xffff, 0xffff, 0xffff, 0xffff, 0xffff, 0xffff, 0xffff, 0xffff, 0xffff, 0xffff, 0xffff, 0xffff, 0xffff, 0xffff, 0xffff, 0xffff, 0xffff, 0xffff, 0xffff, 0xffff, 0xffff, 0xffff, 0xffff, 0xffff, 0xffff, 0xffff, 0xffdf, 0xf7be, 0xf79e, 0xd6ba, 0xad55, 0x8c30, 0x6b2c, 0x630b, 0x6b2c, 0x6b2c, 0x6b4c, 0x6b4c, 0x6b4c, 0x6b4c, 0x6b4c, 0x6b4c, 0x6b4c, 0x6b4c, 0x6b4c, 0x6b4c, 0x6b4c, 0x6b4c, 0x6b4c, 0x6b4c, 0x6b4c, 0x6b4c, 0x6b2c, 0x6b2c, 0x6b4c, 0x736d, 0x83ef, 0x9471, 0xa513, 0xb596, 0xd69a, 0xf79e, 0xffdf, 0xffff, 0xffff, 0xffff, 0xffff, 0xffdf, 0xffdf, 0xf77d, 0xd6ba, 0xbdb6, 0x9cb2, 0x83ef, 0x7bae, 0x736d, 0x6b2c, 0x6b2c, 0x6b2c, 0x6b2c, 0x6b4c, 0x6b4c, 0x6b4c, 0x6b4c, 0x6b4c, 0x6b4c, 0x6b4c, 0x6b4c, 0x6b4c, 0x6b4c, 0x6b4c, 0x6b4c, 0x734d, 0x736d, 0x7bae, 0x83ef, 0x9cb2, 0xc5f7, 0xdedb, 0xef5d, 0xf7be, 0xffdf, 0xffff, 0xffff, 0xffff, 0xffff, 0xffdf, 0xf79e, 0xe6fb, 0xce59, 0xbdd6, 0xa534, 0x8c30, 0x6b4c, 0x6b2c, 0x6b2c, 0x6b2c, 0x6b4c, 0x6b4c, 0x6b4c, 0x6b4c, 0x6b4c, 0x6b4c, 0x6b4c, 0x6b4c, 0x6b4c, 0x6b4c, 0x6b4c, 0x6b4c, 0x6b4c, 0x6b4c, 0x6b4c, 0x6b4c, 0x6b2c, 0x6b2c, 0x6b2c, 0x6b4c, 0x8c50, 0xad34, 0xbdd7, 0xce79, 0xe71c, 0xf79e, 0xffdf, 0xffff, 0xffff, 0xffff, 0xffff, 0xffff, 0xffff, 0xffff, 0xffff, 0xffff, 0xffff, 0xffff, 0xffff, 0xffff, 0xffff, 0xffff, 0xffff, 0xffff, 0xffff, 0xffff, 0xffff, 0xffff, 0xffff, 0xffff, 0xffff, 0xffff, 0xffff, 0xffff, 0xffff, 0xffff, 0xffff, 0xffff, 0xffff, 0xffff, 0xffff, 0xffff, 0xffff, 0xffff, 0xffff, 0xffff, 0xffff, 0xffff, 0xffff, 0xffff, 0xffff, 0xffff, 0xffff, 0xffff, 0xffff, 0xffff, 0xffff, 0xffff, 0xffff, 0xffff, 0xffff, 0xffff, 0xffff, 0xffff, 0xffff, 0xffff, 0xffff, 0xffff, 0xffff, 0xffff, 0xffff, 0xffff, 0xffff, 0xffff, 0xffff, 0xffff, 0xffff, 0xffff, 0xffff, 0xffff, 0xffff, 0xffff, 0xffff, 0xffff, 0xffff, 0xffff, 0xffff, 0xffff, 0xffff, 0xffff, 0xffff, 0xffff, 0xffff, 0xffff, 0xffff, 0xffff, 0xffff, 0xffff, 0xffff, 0xffff, 0xffff, 0xffff, 0xffff, 0xffff, 0xffff, 0xffff, 0xffff, 0xffff, 0xffff, 0xffff, 0xffff, 0xffff, 0xffff, 0xffff, 0xffff, 0xffff, 0xffff, 0xffff, 0xffff, 0xffff, 0xffff, 0xffff, 0xffff, 0xffff, 0xffff, 0xffff, 0xffff, 0xffff, 0xffff, 0xffdf, 0xf7be, 0xf79e, 0xd6ba, 0xad55, 0x8c30, 0x6b2c, 0x630b, 0x6b2c, 0x6b2c, 0x6b4c, 0x6b4c, 0x6b4c, 0x6b4c, 0x6b4c, 0x6b4c, 0x6b4c, 0x6b4c, 0x6b4c, 0x6b4c, 0x6b4c, 0x6b4c, 0x6b4c, 0x6b4c, 0x6b4c, 0x6b4c, 0x6b2c, 0x6b2c, 0x6b4c, 0x736d, 0x83ef, 0x9471, 0xa513, 0xb596, 0xd69a, 0xf79e, 0xffdf, 0xffff, 0xffff, 0xffff, 0xffff, 0xffdf, 0xffdf, 0xf77d, 0xd6ba, 0xbdb6, 0x9cb2, 0x83ef, 0x7bae, 0x736d, 0x6b2c, 0x6b2c, 0x6b2c, 0x6b2c, 0x6b4c, 0x6b4c, 0x6b4c, 0x6b4c, 0x6b4c, 0x6b4c, 0x6b4c, 0x6b4c, 0x6b4c, 0x6b4c, 0x6b4c, 0x6b4c, 0x734d, 0x736d, 0x7bae, 0x83ef, 0x9cb2, 0xc5f7, 0xdedb, 0xef5d, 0xf7be, 0xffdf, 0xffff, 0xffff, 0xffff, 0xffff, 0xffdf, 0xf79e, 0xe6fb, 0xce59, 0xbdd6, 0xa534, 0x8c30, 0x6b4c, 0x6b2c, 0x6b2c, 0x6b2c, 0x6b4c, 0x6b4c, 0x6b4c, 0x6b4c, 0x6b4c, 0x6b4c, 0x6b4c, 0x6b4c, 0x6b4c, 0x6b4c, 0x6b4c, 0x6b4c, 0x6b4c, 0x6b4c, 0x6b4c, 0x6b4c, 0x6b2c, 0x6b2c, 0x6b2c, 0x6b4c, 0x8c50, 0xad34, 0xbdd7, 0xce79, 0xe71c, 0xf79e, 0xffdf, 0xffff, 0xffff, 0xffff, 0xffff, 0xffff, 0xffff, 0xffff, 0xffff, 0xffff, 0xffff, 0xffff, 0xffff, 0xffff, 0xffff, 0xffff, 0xffff, 0xffff, 0xffff, 0xffff, 0xffff, 0xffff, 0xffff, 0xffff, 0xffff, 0xffff, 0xffff, 0xffff, 0xffff, 0xffff, 0xffff, 0xffff, 0xffff, 0xffff, 0xffff, 0xffff, 0xffff, 0xffff, 0xffff, 0xffff, 0xffff, 0xffff, 0xffff, 0xffff, 0xffff, 0xffff, 0xffff, 0xffff, 0xffff, 0xffff, 0xffff, 0xffff, 0xffff, 0xffff, 0xffff, 0xffff, 0xffff, 0xffff, 0xffff, 0xffff, 0xffff, 0xffff, 0xffff, 0xffff, 0xffff, 0xffff, 0xffff, 0xffff, 0xffff, 0xffff, 0xffff, 0xffff, 0xffff, 0xffff, 0xffff, 0xffff, 0xffff, 0xffff, 0xffff, 0xffff, 0xffff, 0xffff, 0xffff, 0xffff, 0xffff, 0xffff, 0xffff, 0xffff, 0xffff, 0xffff, 0xffff, 0xffff, 0xffff, 0xffff, 0xffff, 0xffff, 0xffff, 0xffff, 0xffff, 0xffff, 0xffff, 0xffff, 0xffff, 0xffff, 0xffff, 0xffff, 0xffff, 0xffff, 0xffff, 0xffff, 0xffff, 0xffff, 0xffff, 0xffff, 0xffff, 0xffff, 0xffff, 0xffff, 0xffff, 0xffff, 0xffff, 0xffff, 0xffff, 0xffdf, 0xf7be, 0xf79e, 0xd6ba, 0xad55, 0x8c30, 0x6b2c, 0x630b, 0x6b2c, 0x6b2c, 0x6b4c, 0x6b4c, 0x6b4c, 0x6b4c, 0x6b4c, 0x6b4c, 0x6b4c, 0x6b4c, 0x6b4c, 0x6b4c, 0x6b4c, 0x6b4c, 0x6b4c, 0x6b4c, 0x6b4c, 0x6b4c, 0x6b2c, 0x6b2c, 0x6b4c, 0x736d, 0x83ef, 0x9471, 0xa513, 0xb596, 0xd69a, 0xf79e, 0xffdf, 0xffff, 0xffff, 0xffff, 0xffff, 0xffdf, 0xffdf, 0xf77d, 0xd6ba, 0xbdb6, 0x9cb2, 0x83ef, 0x7bae, 0x736d, 0x6b2c, 0x6b2c, 0x6b2c, 0x6b2c, 0x6b4c, 0x6b4c, 0x6b4c, 0x6b4c, 0x6b4c, 0x6b4c, 0x6b4c, 0x6b4c, 0x6b4c, 0x6b4c, 0x6b4c, 0x6b4c, 0x734d, 0x736d, 0x7bae, 0x83ef, 0x9cb2, 0xc5f7, 0xdedb, 0xef5d, 0xf7be, 0xffdf, 0xffff, 0xffff, 0xffff, 0xffff, 0xffdf, 0xf79e, 0xe6fb, 0xce59, 0xbdd6, 0xa534, 0x8c30, 0x6b4c, 0x6b2c, 0x6b2c, 0x6b2c, 0x6b4c, 0x6b4c, 0x6b4c, 0x6b4c, 0x6b4c, 0x6b4c, 0x6b4c, 0x6b4c, 0x6b4c, 0x6b4c, 0x6b4c, 0x6b4c, 0x6b4c, 0x6b4c, 0x6b4c, 0x6b4c, 0x6b2c, 0x6b2c, 0x6b2c, 0x6b4c, 0x8c50, 0xad34, 0xbdd7, 0xce79, 0xe71c, 0xf79e, 0xffdf, 0xffff, 0xffff, 0xffff, 0xffff, 0xffff, 0xffff, 0xffff, 0xffff, 0xffff, 0xffff, 0xffff, 0xffff, 0xffff, 0xffff, 0xffff, 0xffff, 0xffff, 0xffff, 0xffff, 0xffff, 0xffff, 0xffff, 0xffff, 0xffff, 0xffff, 0xffff, 0xffff, 0xffff, 0xffff, 0xffff, 0xffff, 0xffff, 0xffff, 0xffff, 0xffff, 0xffff, 0xffff, 0xffff, 0xffff, 0xffff, 0xffff, 0xffff, 0xffff, 0xffff, 0xffff, 0xffff, 0xffff, 0xffff, 0xffff, 0xffff, 0xffff, 0xffff, 0xffff, 0xffff, 0xffff, 0xffff, 0xffff, 0xffff, 0xffff, 0xffff, 0xffff, 0xffff, 0xffff, 0xffff, 0xffff, 0xffff, 0xffff, 0xffff, 0xffff, 0xffff, 0xffff, 0xffff, 0xffff, 0xffff, 0xffff, 0xffff, 0xffff, 0xffff, 0xffff, 0xffff, 0xffff, 0xffff, 0xffff, 0xffff, 0xffff, 0xffff, 0xffff, 0xffff, 0xffff, 0xffff, 0xffff, 0xffff, 0xffff, 0xffff, 0xffff, 0xffff, 0xffff, 0xffff, 0xffff, 0xffff, 0xffff, 0xffff, 0xffff, 0xffff, 0xffff, 0xffff, 0xffff, 0xffff, 0xffff, 0xffff, 0xffff, 0xffff, 0xffff, 0xffff, 0xffff, 0xffff, 0xffff, 0xffff, 0xffff, 0xffff, 0xffff, 0xffff, 0xffdf, 0xf7be, 0xf79e, 0xd6ba, 0xad55, 0x8c30, 0x6b2c, 0x630b, 0x6b2c, 0x6b2c, 0x6b4c, 0x6b4c, 0x6b4c, 0x6b4c, 0x6b4c, 0x6b4c, 0x6b4c, 0x6b4c, 0x6b4c, 0x6b4c, 0x6b4c, 0x6b4c, 0x6b4c, 0x6b4c, 0x6b4c, 0x6b4c, 0x6b2c, 0x6b2c, 0x6b4c, 0x736d, 0x83ef, 0x9471, 0xa513, 0xb596, 0xd69a, 0xf79e, 0xffdf, 0xffff, 0xffff, 0xffff, 0xffff, 0xffdf, 0xffdf, 0xf77d, 0xd6ba, 0xbdb6, 0x9cb2, 0x83ef, 0x7bae, 0x736d, 0x6b2c, 0x6b2c, 0x6b2c, 0x6b2c, 0x6b4c, 0x6b4c, 0x6b4c, 0x6b4c, 0x6b4c, 0x6b4c, 0x6b4c, 0x6b4c, 0x6b4c, 0x6b4c, 0x6b4c, 0x6b4c, 0x734d, 0x736d, 0x7bae, 0x83ef, 0x9cb2, 0xc5f7, 0xdedb, 0xef5d, 0xf7be, 0xffdf, 0xffff, 0xffff, 0xffff, 0xffff, 0xffdf, 0xf79e, 0xe6fb, 0xce59, 0xbdd6, 0xa534, 0x8c30, 0x6b4c, 0x6b2c, 0x6b2c, 0x6b2c, 0x6b4c, 0x6b4c, 0x6b4c, 0x6b4c, 0x6b4c, 0x6b4c, 0x6b4c, 0x6b4c, 0x6b4c, 0x6b4c, 0x6b4c, 0x6b4c, 0x6b4c, 0x6b4c, 0x6b4c, 0x6b4c, 0x6b2c, 0x6b2c, 0x6b2c, 0x6b4c, 0x8c50, 0xad34, 0xbdd7, 0xce79, 0xe71c, 0xf79e, 0xffdf, 0xffff, 0xffff, 0xffff, 0xffff, 0xffff, 0xffff, 0xffff, 0xffff, 0xffff, 0xffff, 0xffff, 0xffff, 0xffff, 0xffff, 0xffff, 0xffff, 0xffff, 0xffff, 0xffff, 0xffff, 0xffff, 0xffff, 0xffff, 0xffff, 0xffff, 0xffff, 0xffff, 0xffff, 0xffff, 0xffff, 0xffff, 0xffff, 0xffff, 0xffff, 0xffff, 0xffff, 0xffff, 0xffff, 0xffff, 0xffff, 0xffff, 0xffff, 0xffff, 0xffff, 0xffff, 0xffff, 0xffff, 0xffff, 0xffff, 0xffff, 0xffff, 0xffff, 0xffff, 0xffff, 0xffff, 0xffff, 0xffff, 0xffff, 0xffff, 0xffff, 0xffff, 0xffff, 0xffff, 0xffff, 0xffff, 0xffff, 0xffff, 0xffff, 0xffff, 0xffff, 0xffff, 0xffff, 0xffff, 0xffff, 0xffff, 0xffff, 0xffff, 0xffff, 0xffff, 0xffff, 0xffff, 0xffff, 0xffff, 0xffff, 0xffff, 0xffff, 0xffff, 0xffff, 0xffff, 0xffff, 0xffff, 0xffff, 0xffff, 0xffff, 0xffff, 0xffff, 0xffff, 0xffff, 0xffff, 0xffff, 0xffff, 0xffff, 0xffff, 0xffff, 0xffff, 0xffff, 0xffff, 0xffff, 0xffff, 0xffff, 0xffff, 0xffff, 0xffff, 0xffff, 0xffff, 0xffff, 0xffff, 0xffff, 0xffff, 0xffff, 0xffff, 0xffff, 0xffdf, 0xf7be, 0xf79e, 0xd6ba, 0xad55, 0x8c30, 0x6b2c, 0x630b, 0x6b2c, 0x6b2c, 0x6b4c, 0x6b4c, 0x6b4c, 0x6b4c, 0x6b4c, 0x6b4c, 0x6b4c, 0x6b4c, 0x6b4c, 0x6b4c, 0x6b4c, 0x6b4c, 0x6b4c, 0x6b4c, 0x6b4c, 0x6b4c, 0x6b2c, 0x6b2c, 0x6b4c, 0x736d, 0x83ef, 0x9471, 0xa513, 0xb596, 0xd69a, 0xf79e, 0xffdf, 0xffff, 0xffff, 0xffff, 0xffff, 0xffdf, 0xffdf, 0xf77d, 0xd6ba, 0xbdb6, 0x9cb2, 0x83ef, 0x7bae, 0x736d, 0x6b2c, 0x6b2c, 0x6b2c, 0x6b2c, 0x6b4c, 0x6b4c, 0x6b4c, 0x6b4c, 0x6b4c, 0x6b4c, 0x6b4c, 0x6b4c, 0x6b4c, 0x6b4c, 0x6b4c, 0x6b4c, 0x734d, 0x736d, 0x7bae, 0x83ef, 0x9cb2, 0xc5f7, 0xdedb, 0xef5d, 0xf7be, 0xffdf, 0xffff, 0xffff, 0xffff, 0xffff, 0xffdf, 0xf79e, 0xe6fb, 0xce59, 0xbdd6, 0xa534, 0x8c30, 0x6b4c, 0x6b2c, 0x6b2c, 0x6b2c, 0x6b4c, 0x6b4c, 0x6b4c, 0x6b4c, 0x6b4c, 0x6b4c, 0x6b4c, 0x6b4c, 0x6b4c, 0x6b4c, 0x6b4c, 0x6b4c, 0x6b4c, 0x6b4c, 0x6b4c, 0x6b4c, 0x6b2c, 0x6b2c, 0x6b2c, 0x6b4c, 0x8c50, 0xad34, 0xbdd7, 0xce79, 0xe71c, 0xf79e, 0xffdf, 0xffff, 0xffff, 0xffff, 0xffff, 0xffff, 0xffff, 0xffff, 0xffff, 0xffff, 0xffff, 0xffff, 0xffff, 0xffff, 0xffff, 0xffff, 0xffff, 0xffff, 0xffff, 0xffff, 0xffff, 0xffff, 0xffff, 0xffff, 0xffff, 0xffff, 0xffff, 0xffff, 0xffff, 0xffff, 0xffff, 0xffff, 0xffff, 0xffff, 0xffff, 0xffff, 0xffff, 0xffff, 0xffff, 0xffff, 0xffff, 0xffff, 0xffff, 0xffff, 0xffff, 0xffff, 0xffff, 0xffff, 0xffff, 0xffff, 0xffff, 0xffff, 0xffff, 0xffff, 0xffff, 0xffff, 0xffff, 0xffff, 0xffff, 0xffff, 0xffff, 0xffff, 0xffff, 0xffff, 0xffff, 0xffff, 0xffff, 0xffff, 0xffff, 0xffff, 0xffff, 0xffff, 0xffff, 0xffff, 0xffff, 0xffff, 0xffff, 0xffff, 0xffff, 0xffff, 0xffff, 0xffff, 0xffff, 0xffff, 0xffff, 0xffff, 0xffff, 0xffff, 0xffff, 0xffff, 0xffff, 0xffff, 0xffff, 0xffff, 0xffff, 0xffff, 0xffff, 0xffff, 0xffff, 0xffff, 0xffff, 0xffff, 0xffff, 0xffff, 0xffff, 0xffff, 0xffff, 0xffff, 0xffff, 0xffff, 0xffff, 0xffff, 0xffff, 0xffff, 0xffff, 0xffff, 0xffff, 0xffff, 0xffff, 0xffff, 0xffff, 0xffff, 0xffff, 0xffdf, 0xf7be, 0xf79e, 0xd6ba, 0xad55, 0x8c30, 0x6b2c, 0x630b, 0x6b2c, 0x6b2c, 0x6b4c, 0x6b4c, 0x6b4c, 0x6b4c, 0x6b4c, 0x6b4c, 0x6b4c, 0x6b4c, 0x6b4c, 0x6b4c, 0x6b4c, 0x6b4c, 0x6b4c, 0x6b4c, 0x6b4c, 0x6b4c, 0x6b2c, 0x6b2c, 0x6b4c, 0x736d, 0x83ef, 0x9471, 0xa513, 0xb596, 0xd69a, 0xf79e, 0xffdf, 0xffff, 0xffff, 0xffff, 0xffff, 0xffdf, 0xffdf, 0xf77d, 0xd6ba, 0xbdb6, 0x9cb2, 0x83ef, 0x7bae, 0x736d, 0x6b2c, 0x6b2c, 0x6b2c, 0x6b2c, 0x6b4c, 0x6b4c, 0x6b4c, 0x6b4c, 0x6b4c, 0x6b4c, 0x6b4c, 0x6b4c, 0x6b4c, 0x6b4c, 0x6b4c, 0x6b4c, 0x734d, 0x736d, 0x7bae, 0x83ef, 0x9cb2, 0xc5f7, 0xdedb, 0xef5d, 0xf7be, 0xffdf, 0xffff, 0xffff, 0xffff, 0xffff, 0xffdf, 0xf79e, 0xe6fb, 0xce59, 0xbdd6, 0xa534, 0x8c30, 0x6b4c, 0x6b2c, 0x6b2c, 0x6b2c, 0x6b4c, 0x6b4c, 0x6b4c, 0x6b4c, 0x6b4c, 0x6b4c, 0x6b4c, 0x6b4c, 0x6b4c, 0x6b4c, 0x6b4c, 0x6b4c, 0x6b4c, 0x6b4c, 0x6b4c, 0x6b4c, 0x6b2c, 0x6b2c, 0x6b2c, 0x6b4c, 0x8c50, 0xad34, 0xbdd7, 0xce79, 0xe71c, 0xf79e, 0xffdf, 0xffff, 0xffff, 0xffff, 0xffff, 0xffff, 0xffff, 0xffff, 0xffff, 0xffff, 0xffff, 0xffff, 0xffff, 0xffff, 0xffff, 0xffff, 0xffff, 0xffff, 0xffff, 0xffff, 0xffff, 0xffff, 0xffff, 0xffff, 0xffff, 0xffff, 0xffff, 0xffff, 0xffff, 0xffff, 0xffff, 0xffff, 0xffff, 0xffff, 0xffff, 0xffff, 0xffff, 0xffff, 0xffff, 0xffff, 0xffff, 0xffff, 0xffff, 0xffff, 0xffff, 0xffff, 0xffff, 0xffff, 0xffff, 0xffff, 0xffff, 0xffff, 0xffff, 0xffff, 0xffff, 0xffff, 0xffff, 0xffff, 0xffff, 0xffff, 0xffff, 0xffff, 0xffff, 0xffff, 0xffff, 0xffff, 0xffff, 0xffff, 0xffff, 0xffff, 0xffff, 0xffff, 0xffff, 0xffff, 0xffff, 0xffff, 0xffff, 0xffff, 0xffff, 0xffff, 0xffff, 0xffff, 0xffff, 0xffff, 0xffff, 0xffff, 0xffff, 0xffff, 0xffff, 0xffff, 0xffff, 0xffff, 0xffff, 0xffff, 0xffff, 0xffff, 0xffff, 0xffff, 0xffff, 0xffff, 0xffff, 0xffff, 0xffff, 0xffff, 0xffff, 0xffff, 0xffff, 0xffff, 0xffff, 0xffff, 0xffff, 0xffff, 0xffff, 0xffff, 0xffff, 0xffff, 0xffff, 0xffff, 0xffff, 0xffff, 0xffff, 0xffff, 0xffff, 0xffdf, 0xf7be, 0xf79e, 0xd6ba, 0xad55, 0x8c30, 0x6b2c, 0x630b, 0x6b2c, 0x6b2c, 0x6b4c, 0x6b4c, 0x6b4c, 0x6b4c, 0x6b4c, 0x6b4c, 0x6b4c, 0x6b4c, 0x6b4c, 0x6b4c, 0x6b4c, 0x6b4c, 0x6b4c, 0x6b4c, 0x6b4c, 0x6b4c, 0x6b2c, 0x6b2c, 0x6b4c, 0x736d, 0x83ef, 0x9471, 0xa513, 0xb596, 0xd69a, 0xf79e, 0xffdf, 0xffff, 0xffff, 0xffff, 0xffff, 0xffdf, 0xffdf, 0xf77d, 0xd6ba, 0xbdb6, 0x9cb2, 0x83ef, 0x7bae, 0x736d, 0x6b2c, 0x6b2c, 0x6b2c, 0x6b2c, 0x6b4c, 0x6b4c, 0x6b4c, 0x6b4c, 0x6b4c, 0x6b4c, 0x6b4c, 0x6b4c, 0x6b4c, 0x6b4c, 0x6b4c, 0x6b4c, 0x734d, 0x736d, 0x7bae, 0x83ef, 0x9cb2, 0xc5f7, 0xdedb, 0xef5d, 0xf7be, 0xffdf, 0xffff, 0xffff, 0xffff, 0xffff, 0xffdf, 0xf79e, 0xe6fb, 0xce59, 0xbdd6, 0xa534, 0x8c30, 0x6b4c, 0x6b2c, 0x6b2c, 0x6b2c, 0x6b4c, 0x6b4c, 0x6b4c, 0x6b4c, 0x6b4c, 0x6b4c, 0x6b4c, 0x6b4c, 0x6b4c, 0x6b4c, 0x6b4c, 0x6b4c, 0x6b4c, 0x6b4c, 0x6b4c, 0x6b4c, 0x6b2c, 0x6b2c, 0x6b2c, 0x6b4c, 0x8c50, 0xad34, 0xbdd7, 0xce79, 0xe71c, 0xf79e, 0xffdf, 0xffff, 0xffff, 0xffff, 0xffff, 0xffff, 0xffff, 0xffff, 0xffff, 0xffff, 0xffff, 0xffff, 0xffff, 0xffff, 0xffff, 0xffff, 0xffff, 0xffff, 0xffff, 0xffff, 0xffff, 0xffff, 0xffff, 0xffff, 0xffff, 0xffff, 0xffff, 0xffff, 0xffff, 0xffff, 0xffff, 0xffff, 0xffff, 0xffff, 0xffff, 0xffff, 0xffff, 0xffff, 0xffff, 0xffff, 0xffff, 0xffff, 0xffff, 0xffff, 0xffff, 0xffff, 0xffff, 0xffff, 0xffff, 0xffff, 0xffff, 0xffff, 0xffff, 0xffff, 0xffff, 0xffff, 0xffff, 0xffff, 0xffff, 0xffff, 0xffff, 0xffff, 0xffff, 0xffff, 0xffff, 0xffff, 0xffff, 0xffff, 0xffff, 0xffff, 0xffff, 0xffff, 0xffff, 0xffff, 0xffff, 0xffff, 0xffff, 0xffff, 0xffff, 0xffff, 0xffff, 0xffff, 0xffff, 0xffff, 0xffff, 0xffff, 0xffff, 0xffff, 0xffff, 0xffff, 0xffff, 0xffff, 0xffff, 0xffff, 0xffff, 0xffff, 0xffff, 0xffff, 0xffff, 0xffff, 0xffff, 0xffff, 0xffff, 0xffff, 0xffff, 0xffff, 0xffff, 0xffff, 0xffff, 0xffff, 0xffff, 0xffff, 0xffff, 0xffff, 0xffff, 0xffff, 0xffff, 0xffff, 0xffff, 0xffff, 0xffff, 0xffff, 0xffff, 0xffdf, 0xf7be, 0xf79e, 0xd6ba, 0xad55, 0x8c30, 0x6b2c, 0x630b, 0x6b2c, 0x6b2c, 0x6b4c, 0x6b4c, 0x6b4c, 0x6b4c, 0x6b4c, 0x6b4c, 0x6b4c, 0x6b4c, 0x6b4c, 0x6b4c, 0x6b4c, 0x6b4c, 0x6b4c, 0x6b4c, 0x6b4c, 0x6b4c, 0x6b2c, 0x6b2c, 0x6b4c, 0x736d, 0x83ef, 0x9471, 0xa513, 0xb596, 0xd69a, 0xf79e, 0xffdf, 0xffff, 0xffff, 0xffff, 0xffff, 0xffdf, 0xffdf, 0xf77d, 0xd6ba, 0xbdb6, 0x9cb2, 0x83ef, 0x7bae, 0x736d, 0x6b2c, 0x6b2c, 0x6b2c, 0x6b2c, 0x6b4c, 0x6b4c, 0x6b4c, 0x6b4c, 0x6b4c, 0x6b4c, 0x6b4c, 0x6b4c, 0x6b4c, 0x6b4c, 0x6b4c, 0x6b4c, 0x734d, 0x736d, 0x7bae, 0x83ef, 0x9cb2, 0xc5f7, 0xdedb, 0xef5d, 0xf7be, 0xffdf, 0xffff, 0xffff, 0xffff, 0xffff, 0xffdf, 0xf79e, 0xe6fb, 0xce59, 0xbdd6, 0xa534, 0x8c30, 0x6b4c, 0x6b2c, 0x6b2c, 0x6b2c, 0x6b4c, 0x6b4c, 0x6b4c, 0x6b4c, 0x6b4c, 0x6b4c, 0x6b4c, 0x6b4c, 0x6b4c, 0x6b4c, 0x6b4c, 0x6b4c, 0x6b4c, 0x6b4c, 0x6b4c, 0x6b4c, 0x6b2c, 0x6b2c, 0x6b2c, 0x6b4c, 0x8c50, 0xad34, 0xbdd7, 0xce79, 0xe71c, 0xf79e, 0xffdf, 0xffff, 0xffff, 0xffff, 0xffff, 0xffff, 0xffff, 0xffff, 0xffff, 0xffff, 0xffff, 0xffff, 0xffff, 0xffff, 0xffff, 0xffff, 0xffff, 0xffff, 0xffff, 0xffff, 0xffff, 0xffff, 0xffff, 0xffff, 0xffff, 0xffff, 0xffff, 0xffff, 0xffff, 0xffff, 0xffff, 0xffff, 0xffff, 0xffff, 0xffff, 0xffff, 0xffff, 0xffff, 0xffff, 0xffff, 0xffff, 0xffff, 0xffff, 0xffff, 0xffff, 0xffff, 0xffff, 0xffff, 0xffff, 0xffff, 0xffff, 0xffff, 0xffff, 0xffff, 0xffff, 0xffff, 0xffff, 0xffff, 0xffff, 0xffff, 0xffff, 0xffff, 0xffff, 0xffff, 0xffff, 0xffff, 0xffff, 0xffff, 0xffff, 0xffff, 0xffff, 0xffff, 0xffff, 0xffff, 0xffff, 0xffff, 0xffff, 0xffff, 0xffff, 0xffff, 0xffff, 0xffff, 0xffff, 0xffff, 0xffff, 0xffff, 0xffff, 0xffff, 0xffff, 0xffff, 0xffff, 0xffff, 0xffff, 0xffff, 0xffff, 0xffff, 0xffff, 0xffff, 0xffff, 0xffff, 0xffff, 0xffff, 0xffff, 0xffff, 0xffff, 0xffff, 0xffff, 0xffff, 0xffff, 0xffff, 0xffff, 0xffff, 0xffff, 0xffff, 0xffff, 0xffff, 0xffff, 0xffff, 0xffff, 0xffff, 0xffff, 0xffff, 0xffff, 0xffdf, 0xf7be, 0xf79e, 0xd6ba, 0xad55, 0x8c30, 0x6b2c, 0x630b, 0x6b2c, 0x6b2c, 0x6b4c, 0x6b4c, 0x6b4c, 0x6b4c, 0x6b4c, 0x6b4c, 0x6b4c, 0x6b4c, 0x6b4c, 0x6b4c, 0x6b4c, 0x6b4c, 0x6b4c, 0x6b4c, 0x6b4c, 0x6b4c, 0x6b2c, 0x6b2c, 0x6b4c, 0x736d, 0x83ef, 0x9471, 0xa513, 0xb596, 0xd69a, 0xf79e, 0xffdf, 0xffff, 0xffff, 0xffff, 0xffff, 0xffdf, 0xffdf, 0xf77d, 0xd6ba, 0xbdb6, 0x9cb2, 0x83ef, 0x7bae, 0x736d, 0x6b2c, 0x6b2c, 0x6b2c, 0x6b2c, 0x6b4c, 0x6b4c, 0x6b4c, 0x6b4c, 0x6b4c, 0x6b4c, 0x6b4c, 0x6b4c, 0x6b4c, 0x6b4c, 0x6b4c, 0x6b4c, 0x734d, 0x736d, 0x7bae, 0x83ef, 0x9cb2, 0xc5f7, 0xdedb, 0xef5d, 0xf7be, 0xffdf, 0xffff, 0xffff, 0xffff, 0xffff, 0xffdf, 0xf79e, 0xe6fb, 0xce59, 0xbdd6, 0xa534, 0x8c30, 0x6b4c, 0x6b2c, 0x6b2c, 0x6b2c, 0x6b4c, 0x6b4c, 0x6b4c, 0x6b4c, 0x6b4c, 0x6b4c, 0x6b4c, 0x6b4c, 0x6b4c, 0x6b4c, 0x6b4c, 0x6b4c, 0x6b4c, 0x6b4c, 0x6b4c, 0x6b4c, 0x6b2c, 0x6b2c, 0x6b2c, 0x6b4c, 0x8c50, 0xad34, 0xbdd7, 0xce79, 0xe71c, 0xf79e, 0xffdf, 0xffff, 0xffff, 0xffff, 0xffff, 0xffff, 0xffff, 0xffff, 0xffff, 0xffff, 0xffff, 0xffff, 0xffff, 0xffff, 0xffff, 0xffff, 0xffff, 0xffff, 0xffff, 0xffff, 0xffff, 0xffff, 0xffff, 0xffff, 0xffff, 0xffff, 0xffff, 0xffff, 0xffff, 0xffff, 0xffff, 0xffff, 0xffff, 0xffff, 0xffff, 0xffff, 0xffff, 0xffff, 0xffff, 0xffff, 0xffff, 0xffff, 0xffff, 0xffff, 0xffff, 0xffff, 0xffff, 0xffff, 0xffff, 0xffff, 0xffff, 0xffff, 0xffff, 0xffff, 0xffff, 0xffff, 0xffff, 0xffff, 0xffff, 0xffff, 0xffff, 0xffff, 0xffff, 0xffff, 0xffff, 0xffff, 0xffff, 0xffff, 0xffff, 0xffff, 0xffff, 0xffff, 0xffff, 0xffff, 0xffff, 0xffff, 0xffff, 0xffff, 0xffff, 0xffff, 0xffff, 0xffff, 0xffff, 0xffff, 0xffff, 0xffff, 0xffff, 0xffff, 0xffff, 0xffff, 0xffff, 0xffff, 0xffff, 0xffff, 0xffff, 0xffff, 0xffff, 0xffff, 0xffff, 0xffff, 0xffff, 0xffff, 0xffff, 0xffff, 0xffff, 0xffff, 0xffff, 0xffff, 0xffff, 0xffff, 0xffff, 0xffff, 0xffff, 0xffff, 0xffff, 0xffff, 0xffff, 0xffff, 0xffff, 0xffff, 0xffff, 0xffff, 0xffff, 0xffdf, 0xf7be, 0xf79e, 0xd6ba, 0xad55, 0x8c30, 0x6b2c, 0x630b, 0x6b2c, 0x6b2c, 0x6b4c, 0x6b4c, 0x6b4c, 0x6b4c, 0x6b4c, 0x6b4c, 0x6b4c, 0x6b4c, 0x6b4c, 0x6b4c, 0x6b4c, 0x6b4c, 0x6b4c, 0x6b4c, 0x6b4c, 0x6b4c, 0x6b2c, 0x6b2c, 0x6b4c, 0x736d, 0x83ef, 0x9471, 0xa513, 0xb596, 0xd69a, 0xf79e, 0xffdf, 0xffff, 0xffff, 0xffff, 0xffff, 0xffdf, 0xffdf, 0xf77d, 0xd6ba, 0xbdb6, 0x9cb2, 0x83ef, 0x7bae, 0x736d, 0x6b2c, 0x6b2c, 0x6b2c, 0x6b2c, 0x6b4c, 0x6b4c, 0x6b4c, 0x6b4c, 0x6b4c, 0x6b4c, 0x6b4c, 0x6b4c, 0x6b4c, 0x6b4c, 0x6b4c, 0x6b4c, 0x734d, 0x736d, 0x7bae, 0x83ef, 0x9cb2, 0xc5f7, 0xdedb, 0xef5d, 0xf7be, 0xffdf, 0xffff, 0xffff, 0xffff, 0xffff, 0xffdf, 0xf79e, 0xe6fb, 0xce59, 0xbdd6, 0xa534, 0x8c30, 0x6b4c, 0x6b2c, 0x6b2c, 0x6b2c, 0x6b4c, 0x6b4c, 0x6b4c, 0x6b4c, 0x6b4c, 0x6b4c, 0x6b4c, 0x6b4c, 0x6b4c, 0x6b4c, 0x6b4c, 0x6b4c, 0x6b4c, 0x6b4c, 0x6b4c, 0x6b4c, 0x6b2c, 0x6b2c, 0x6b2c, 0x6b4c, 0x8c50, 0xad34, 0xbdd7, 0xce79, 0xe71c, 0xf79e, 0xffdf, 0xffff, 0xffff, 0xffff, 0xffff, 0xffff, 0xffff, 0xffff, 0xffff, 0xffff, 0xffff, 0xffff, 0xffff, 0xffff, 0xffff, 0xffff, 0xffff, 0xffff, 0xffff, 0xffff, 0xffff, 0xffff, 0xffff, 0xffff, 0xffff, 0xffff, 0xffff, 0xffff, 0xffff, 0xffff, 0xffff, 0xffff, 0xffff, 0xffff, 0xffff, 0xffff, 0xffff, 0xffff, 0xffff, 0xffff, 0xffff, 0xffff, 0xffff, 0xffff, 0xffff, 0xffff, 0xffff, 0xffff, 0xffff, 0xffff, 0xffff, 0xffff, 0xffff, 0xffff, 0xffff, 0xffff, 0xffff, 0xffff, 0xffff, 0xffff, 0xffff, 0xffff, 0xffff, 0xffff, 0xffff, 0xffff, 0xffff, 0xffff, 0xffff, 0xffff, 0xffff, 0xffff, 0xffff, 0xffff, 0xffff, 0xffff, 0xffff, 0xffff, 0xffff, 0xffff, 0xffff, 0xffff, 0xffff, 0xffff, 0xffff, 0xffff, 0xffff, 0xffff, 0xffff, 0xffff, 0xffff, 0xffff, 0xffff, 0xffff, 0xffff, 0xffff, 0xffff, 0xffff, 0xffff, 0xffff, 0xffff, 0xffff, 0xffff, 0xffff, 0xffff, 0xffff, 0xffff, 0xffff, 0xffff, 0xffff, 0xffff, 0xffff, 0xffff, 0xffff, 0xffff, 0xffff, 0xffff, 0xffff, 0xffff, 0xffff, 0xffff, 0xffff, 0xffff, 0xffdf, 0xf7be, 0xf79e, 0xd6ba, 0xad55, 0x8c30, 0x6b2c, 0x630b, 0x6b2c, 0x6b2c, 0x6b4c, 0x6b4c, 0x6b4c, 0x6b4c, 0x6b4c, 0x6b4c, 0x6b4c, 0x6b4c, 0x6b4c, 0x6b4c, 0x6b4c, 0x6b4c, 0x6b4c, 0x6b4c, 0x6b4c, 0x6b4c, 0x6b2c, 0x6b2c, 0x6b4c, 0x736d, 0x83ef, 0x9471, 0xa513, 0xb596, 0xd69a, 0xf79e, 0xffdf, 0xffff, 0xffff, 0xffff, 0xffff, 0xffdf, 0xffdf, 0xf77d, 0xd6ba, 0xbdb6, 0x9cb2, 0x83ef, 0x7bae, 0x736d, 0x6b2c, 0x6b2c, 0x6b2c, 0x6b2c, 0x6b4c, 0x6b4c, 0x6b4c, 0x6b4c, 0x6b4c, 0x6b4c, 0x6b4c, 0x6b4c, 0x6b4c, 0x6b4c, 0x6b4c, 0x6b4c, 0x734d, 0x736d, 0x7bae, 0x83ef, 0x9cb2, 0xc5f7, 0xdedb, 0xef5d, 0xf7be, 0xffdf, 0xffff, 0xffff, 0xffff, 0xffff, 0xffdf, 0xf79e, 0xe6fb, 0xce59, 0xbdd6, 0xa534, 0x8c30, 0x6b4c, 0x6b2c, 0x6b2c, 0x6b2c, 0x6b4c, 0x6b4c, 0x6b4c, 0x6b4c, 0x6b4c, 0x6b4c, 0x6b4c, 0x6b4c, 0x6b4c, 0x6b4c, 0x6b4c, 0x6b4c, 0x6b4c, 0x6b4c, 0x6b4c, 0x6b4c, 0x6b2c, 0x6b2c, 0x6b2c, 0x6b4c, 0x8c50, 0xad34, 0xbdd7, 0xce79, 0xe71c, 0xf79e, 0xffdf, 0xffff, 0xffff, 0xffff, 0xffff, 0xffff, 0xffff, 0xffff, 0xffff, 0xffff, 0xffff, 0xffff, 0xffff, 0xffff, 0xffff, 0xffff, 0xffff, 0xffff, 0xffff, 0xffff, 0xffff, 0xffff, 0xffff, 0xffff, 0xffff, 0xffff, 0xffff, 0xffff, 0xffff, 0xffff, 0xffff, 0xffff, 0xffff, 0xffff, 0xffff, 0xffff, 0xffff, 0xffff, 0xffff, 0xffff, 0xffff, 0xffff, 0xffff, 0xffff, 0xffff, 0xffff, 0xffff, 0xffff, 0xffff, 0xffff, 0xffff, 0xffff, 0xffff, 0xffff, 0xffff, 0xffff, 0xffff, 0xffff, 0xffff, 0xffff, 0xffff, 0xffff, 0xffff, 0xffff, 0xffff, 0xffff, 0xffff, 0xffff, 0xffff, 0xffff, 0xffff, 0xffff, 0xffff, 0xffff, 0xffff, 0xffff, 0xffff, 0xffff, 0xffff, 0xffff, 0xffff, 0xffff, 0xffff, 0xffff, 0xffff, 0xffff, 0xffff, 0xffff, 0xffff, 0xffff, 0xffff, 0xffff, 0xffff, 0xffff, 0xffff, 0xffff, 0xffff, 0xffff, 0xffff, 0xffff, 0xffff, 0xffff, 0xffff, 0xffff, 0xffff, 0xffff, 0xffff, 0xffff, 0xffff, 0xffff, 0xffff, 0xffff, 0xffff, 0xffff, 0xffff, 0xffff, 0xffff, 0xffff, 0xffff, 0xffff, 0xffff, 0xffff, 0xffff, 0xffdf, 0xf7be, 0xf79e, 0xd6ba, 0xad55, 0x8c30, 0x6b2c, 0x630b, 0x6b2c, 0x6b2c, 0x6b4c, 0x6b4c, 0x6b4c, 0x6b4c, 0x6b4c, 0x6b4c, 0x6b4c, 0x6b4c, 0x6b4c, 0x6b4c, 0x6b4c, 0x6b4c, 0x6b4c, 0x6b4c, 0x6b4c, 0x6b4c, 0x6b2c, 0x6b2c, 0x6b4c, 0x736d, 0x83ef, 0x9471, 0xa513, 0xb596, 0xd69a, 0xf79e, 0xffdf, 0xffff, 0xffff, 0xffff, 0xffff, 0xffdf, 0xffdf, 0xf77d, 0xd6ba, 0xbdb6, 0x9cb2, 0x83ef, 0x7bae, 0x736d, 0x6b2c, 0x6b2c, 0x6b2c, 0x6b2c, 0x6b4c, 0x6b4c, 0x6b4c, 0x6b4c, 0x6b4c, 0x6b4c, 0x6b4c, 0x6b4c, 0x6b4c, 0x6b4c, 0x6b4c, 0x6b4c, 0x734d, 0x736d, 0x7bae, 0x83ef, 0x9cb2, 0xc5f7, 0xdedb, 0xef5d, 0xf7be, 0xffdf, 0xffff, 0xffff, 0xffff, 0xffff, 0xffdf, 0xf79e, 0xe6fb, 0xce59, 0xbdd6, 0xa534, 0x8c30, 0x6b4c, 0x6b2c, 0x6b2c, 0x6b2c, 0x6b4c, 0x6b4c, 0x6b4c, 0x6b4c, 0x6b4c, 0x6b4c, 0x6b4c, 0x6b4c, 0x6b4c, 0x6b4c, 0x6b4c, 0x6b4c, 0x6b4c, 0x6b4c, 0x6b4c, 0x6b4c, 0x6b2c, 0x6b2c, 0x6b2c, 0x6b4c, 0x8c50, 0xad34, 0xbdd7, 0xce79, 0xe71c, 0xf79e, 0xffdf, 0xffff, 0xffff, 0xffff, 0xffff, 0xffff, 0xffff, 0xffff, 0xffff, 0xffff, 0xffff, 0xffff, 0xffff, 0xffff, 0xffff, 0xffff, 0xffff, 0xffff, 0xffff, 0xffff, 0xffff, 0xffff, 0xffff, 0xffff, 0xffff, 0xffff, 0xffff, 0xffff, 0xffff, 0xffff, 0xffff, 0xffff, 0xffff, 0xffff, 0xffff, 0xffff, 0xffff, 0xffff, 0xffff, 0xffff, 0xffff, 0xffff, 0xffff, 0xffff, 0xffff, 0xffff, 0xffff, 0xffff, 0xffff, 0xffff, 0xffff, 0xffff, 0xffff, 0xffff, 0xffff, 0xffff, 0xffff, 0xffff, 0xffff, 0xffff, 0xffff, 0xffff, 0xffff, 0xffff, 0xffff, 0xffff, 0xffff, 0xffff, 0xffff, 0xffff, 0xffff, 0xffff, 0xffff, 0xffff, 0xffff, 0xffff, 0xffff, 0xffff, 0xffff, 0xffff, 0xffff, 0xffff, 0xffff, 0xffff, 0xffff, 0xffff, 0xffff, 0xffff, 0xffff, 0xffff, 0xffff, 0xffff, 0xffff, 0xffff, 0xffff, 0xffff, 0xffff, 0xffff, 0xffff, 0xffff, 0xffff, 0xffff, 0xffff, 0xffff, 0xffff, 0xffff, 0xffff, 0xffff, 0xffff, 0xffff, 0xffff, 0xffff, 0xffff, 0xffff, 0xffff, 0xffff, 0xffff, 0xffff, 0xffff, 0xffff, 0xffff, 0xffff, 0xffff, 0xffdf, 0xf7be, 0xf79e, 0xd6ba, 0xad55, 0x8c30, 0x6b2c, 0x630b, 0x6b2c, 0x6b2c, 0x6b4c, 0x6b4c, 0x6b4c, 0x6b4c, 0x6b4c, 0x6b4c, 0x6b4c, 0x6b4c, 0x6b4c, 0x6b4c, 0x6b4c, 0x6b4c, 0x6b4c, 0x6b4c, 0x6b4c, 0x6b4c, 0x6b2c, 0x6b2c, 0x6b4c, 0x736d, 0x83ef, 0x9471, 0xa513, 0xb596, 0xd69a, 0xf79e, 0xffdf, 0xffff, 0xffff, 0xffff, 0xffff, 0xffdf, 0xffdf, 0xf77d, 0xd6ba, 0xbdb6, 0x9cb2, 0x83ef, 0x7bae, 0x736d, 0x6b2c, 0x6b2c, 0x6b2c, 0x6b2c, 0x6b4c, 0x6b4c, 0x6b4c, 0x6b4c, 0x6b4c, 0x6b4c, 0x6b4c, 0x6b4c, 0x6b4c, 0x6b4c, 0x6b4c, 0x6b4c, 0x734d, 0x736d, 0x7bae, 0x83ef, 0x9cb2, 0xc5f7, 0xdedb, 0xef5d, 0xf7be, 0xffdf, 0xffff, 0xffff, 0xffff, 0xffff, 0xffdf, 0xf79e, 0xe6fb, 0xce59, 0xbdd6, 0xa534, 0x8c30, 0x6b4c, 0x6b2c, 0x6b2c, 0x6b2c, 0x6b4c, 0x6b4c, 0x6b4c, 0x6b4c, 0x6b4c, 0x6b4c, 0x6b4c, 0x6b4c, 0x6b4c, 0x6b4c, 0x6b4c, 0x6b4c, 0x6b4c, 0x6b4c, 0x6b4c, 0x6b4c, 0x6b2c, 0x6b2c, 0x6b2c, 0x6b4c, 0x8c50, 0xad34, 0xbdd7, 0xce79, 0xe71c, 0xf79e, 0xffdf, 0xffff, 0xffff, 0xffff, 0xffff, 0xffff, 0xffff, 0xffff, 0xffff, 0xffff, 0xffff, 0xffff, 0xffff, 0xffff, 0xffff, 0xffff, 0xffff, 0xffff, 0xffff, 0xffff, 0xffff, 0xffff, 0xffff, 0xffff, 0xffff, 0xffff, 0xffff, 0xffff, 0xffff, 0xffff, 0xffff, 0xffff, 0xffff, 0xffff, 0xffff, 0xffff, 0xffff, 0xffff, 0xffff, 0xffff, 0xffff, 0xffff, 0xffff, 0xffff, 0xffff, 0xffff, 0xffff, 0xffff, 0xffff, 0xffff, 0xffff, 0xffff, 0xffff, 0xffff, 0xffff, 0xffff, 0xffff, 0xffff, 0xffff, 0xffff, 0xffff, 0xffff, 0xffff, 0xffff, 0xffff, 0xffff, 0xffff, 0xffff, 0xffff, 0xffff, 0xffff, 0xffff, 0xffff, 0xffff, 0xffff, 0xffff, 0xffff, 0xffff, 0xffff, 0xffff, 0xffff, 0xffff, 0xffff, 0xffff, 0xffff, 0xffff, 0xffff, 0xffff, 0xffff, 0xffff, 0xffff, 0xffff, 0xffff, 0xffff, 0xffff, 0xffff, 0xffff, 0xffff, 0xffff, 0xffff, 0xffff, 0xffff, 0xffff, 0xffff, 0xffff, 0xffff, 0xffff, 0xffff, 0xffff, 0xffff, 0xffff, 0xffff, 0xffff, 0xffff, 0xffff, 0xffff, 0xffff, 0xffff, 0xffff, 0xffff, 0xffff, 0xffff, 0xffff, 0xffdf, 0xf7be, 0xf79e, 0xd6ba, 0xad55, 0x8c30, 0x6b2c, 0x630b, 0x6b2c, 0x6b2c, 0x6b4c, 0x6b4c, 0x6b4c, 0x6b4c, 0x6b4c, 0x6b4c, 0x6b4c, 0x6b4c, 0x6b4c, 0x6b4c, 0x6b4c, 0x6b4c, 0x6b4c, 0x6b4c, 0x6b4c, 0x6b4c, 0x6b2c, 0x6b2c, 0x6b4c, 0x736d, 0x83ef, 0x9471, 0xa513, 0xb596, 0xd69a, 0xf79e, 0xffdf, 0xffff, 0xffff, 0xffff, 0xffff, 0xffdf, 0xffdf, 0xf77d, 0xd6ba, 0xbdb6, 0x9cb2, 0x83ef, 0x7bae, 0x736d, 0x6b2c, 0x6b2c, 0x6b2c, 0x6b2c, 0x6b4c, 0x6b4c, 0x6b4c, 0x6b4c, 0x6b4c, 0x6b4c, 0x6b4c, 0x6b4c, 0x6b4c, 0x6b4c, 0x6b4c, 0x6b4c, 0x734d, 0x736d, 0x7bae, 0x83ef, 0x9cb2, 0xc5f7, 0xdedb, 0xef5d, 0xf7be, 0xffdf, 0xffff, 0xffff, 0xffff, 0xffff, 0xffdf, 0xf79e, 0xe6fb, 0xce59, 0xbdd6, 0xa534, 0x8c30, 0x6b4c, 0x6b2c, 0x6b2c, 0x6b2c, 0x6b4c, 0x6b4c, 0x6b4c, 0x6b4c, 0x6b4c, 0x6b4c, 0x6b4c, 0x6b4c, 0x6b4c, 0x6b4c, 0x6b4c, 0x6b4c, 0x6b4c, 0x6b4c, 0x6b4c, 0x6b4c, 0x6b2c, 0x6b2c, 0x6b2c, 0x6b4c, 0x8c50, 0xad34, 0xbdd7, 0xce79, 0xe71c, 0xf79e, 0xffdf, 0xffff, 0xffff, 0xffff, 0xffff, 0xffff, 0xffff, 0xffff, 0xffff, 0xffff, 0xffff, 0xffff, 0xffff, 0xffff, 0xffff, 0xffff, 0xffff, 0xffff, 0xffff, 0xffff, 0xffff, 0xffff, 0xffff, 0xffff, 0xffff, 0xffff, 0xffff, 0xffff, 0xffff, 0xffff, 0xffff, 0xffff, 0xffff, 0xffff, 0xffff, 0xffff, 0xffff, 0xffff, 0xffff, 0xffff, 0xffff, 0xffff, 0xffff, 0xffff, 0xffff, 0xffff, 0xffff, 0xffff, 0xffff, 0xffff, 0xffff, 0xffff, 0xffff, 0xffff, 0xffff, 0xffff, 0xffff, 0xffff, 0xffff, 0xffff, 0xffff, 0xffff, 0xffff, 0xffff, 0xffff, 0xffff, 0xffff, 0xffff, 0xffff, 0xffff, 0xffff, 0xffff, 0xffff, 0xffff, 0xffff, 0xffff, 0xffff, 0xffff, 0xffff, 0xffff, 0xffff, 0xffff, 0xffff, 0xffff, 0xffff, 0xffff, 0xffff, 0xffff, 0xffff, 0xffff, 0xffff, 0xffff, 0xffff, 0xffff, 0xffff, 0xffff, 0xffff, 0xffff, 0xffff, 0xffff, 0xffff, 0xffff, 0xffff, 0xffff, 0xffff, 0xffff, 0xffff, 0xffff, 0xffff, 0xffff, 0xffff, 0xffff, 0xffff, 0xffff, 0xffff, 0xffff, 0xffff, 0xffff, 0xffff, 0xffff, 0xffff, 0xffff, 0xffff, 0xffdf, 0xf7be, 0xf79e, 0xd6ba, 0xad55, 0x8c30, 0x6b2c, 0x630b, 0x6b2c, 0x6b2c, 0x6b4c, 0x6b4c, 0x6b4c, 0x6b4c, 0x6b4c, 0x6b4c, 0x6b4c, 0x6b4c, 0x6b4c, 0x6b4c, 0x6b4c, 0x6b4c, 0x6b4c, 0x6b4c, 0x6b4c, 0x6b4c, 0x6b2c, 0x6b2c, 0x6b4c, 0x736d, 0x83ef, 0x9471, 0xa513, 0xb596, 0xd69a, 0xf79e, 0xffdf, 0xffff, 0xffff, 0xffff, 0xffff, 0xffdf, 0xffdf, 0xf77d, 0xd6ba, 0xbdb6, 0x9cb2, 0x83ef, 0x7bae, 0x736d, 0x6b2c, 0x6b2c, 0x6b2c, 0x6b2c, 0x6b4c, 0x6b4c, 0x6b4c, 0x6b4c, 0x6b4c, 0x6b4c, 0x6b4c, 0x6b4c, 0x6b4c, 0x6b4c, 0x6b4c, 0x6b4c, 0x734d, 0x736d, 0x7bae, 0x83ef, 0x9cb2, 0xc5f7, 0xdedb, 0xef5d, 0xf7be, 0xffdf, 0xffff, 0xffff, 0xffff, 0xffff, 0xffdf, 0xf79e, 0xe6fb, 0xce59, 0xbdd6, 0xa534, 0x8c30, 0x6b4c, 0x6b2c, 0x6b2c, 0x6b2c, 0x6b4c, 0x6b4c, 0x6b4c, 0x6b4c, 0x6b4c, 0x6b4c, 0x6b4c, 0x6b4c, 0x6b4c, 0x6b4c, 0x6b4c, 0x6b4c, 0x6b4c, 0x6b4c, 0x6b4c, 0x6b4c, 0x6b2c, 0x6b2c, 0x6b2c, 0x6b4c, 0x8c50, 0xad34, 0xbdd7, 0xce79, 0xe71c, 0xf79e, 0xffdf, 0xffff, 0xffff, 0xffff, 0xffff, 0xffff, 0xffff, 0xffff, 0xffff, 0xffff, 0xffff, 0xffff, 0xffff, 0xffff, 0xffff, 0xffff, 0xffff, 0xffff, 0xffff, 0xffff, 0xffff, 0xffff, 0xffff, 0xffff, 0xffff, 0xffff, 0xffff, 0xffff, 0xffff, 0xffff, 0xffff, 0xffff, 0xffff, 0xffff, 0xffff, 0xffff, 0xffff, 0xffff, 0xffff, 0xffff, 0xffff, 0xffff, 0xffff, 0xffff, 0xffff, 0xffff, 0xffff, 0xffff, 0xffff, 0xffff, 0xffff, 0xffff, 0xffff, 0xffff, 0xffff, 0xffff, 0xffff, 0xffff, 0xffff, 0xffff, 0xffff, 0xffff, 0xffff, 0xffff, 0xffff, 0xffff, 0xffff, 0xffff, 0xffff, 0xffff, 0xffff, 0xffff, 0xffff, 0xffff, 0xffff, 0xffff, 0xffff, 0xffff, 0xffff, 0xffff, 0xffff, 0xffff, 0xffff, 0xffff, 0xffff, 0xffff, 0xffff, 0xffff, 0xffff, 0xffff, 0xffff, 0xffff, 0xffff, 0xffff, 0xffff, 0xffff, 0xffff, 0xffff, 0xffff, 0xffff, 0xffff, 0xffff, 0xffff, 0xffff, 0xffff, 0xffff, 0xffff, 0xffff, 0xffff, 0xffff, 0xffff, 0xffff, 0xffff, 0xffff, 0xffff, 0xffff, 0xffff, 0xffff, 0xffff, 0xffff, 0xffff, 0xffff, 0xffff, 0xffdf, 0xf7be, 0xf79e, 0xd6ba, 0xad55, 0x8c30, 0x6b2c, 0x630b, 0x6b2c, 0x6b2c, 0x6b4c, 0x6b4c, 0x6b4c, 0x6b4c, 0x6b4c, 0x6b4c, 0x6b4c, 0x6b4c, 0x6b4c, 0x6b4c, 0x6b4c, 0x6b4c, 0x6b4c, 0x6b4c, 0x6b4c, 0x6b4c, 0x6b2c, 0x6b2c, 0x6b4c, 0x736d, 0x83ef, 0x9471, 0xa513, 0xb596, 0xd69a, 0xf79e, 0xffdf, 0xffff, 0xffff, 0xffff, 0xffff, 0xffdf, 0xffdf, 0xf77d, 0xd6ba, 0xbdb6, 0x9cb2, 0x83ef, 0x7bae, 0x736d, 0x6b2c, 0x6b2c, 0x6b2c, 0x6b2c, 0x6b4c, 0x6b4c, 0x6b4c, 0x6b4c, 0x6b4c, 0x6b4c, 0x6b4c, 0x6b4c, 0x6b4c, 0x6b4c, 0x6b4c, 0x6b4c, 0x734d, 0x736d, 0x7bae, 0x83ef, 0x9cb2, 0xc5f7, 0xdedb, 0xef5d, 0xf7be, 0xffdf, 0xffff, 0xffff, 0xffff, 0xffff, 0xffdf, 0xf79e, 0xe6fb, 0xce59, 0xbdd6, 0xa534, 0x8c30, 0x6b4c, 0x6b2c, 0x6b2c, 0x6b2c, 0x6b4c, 0x6b4c, 0x6b4c, 0x6b4c, 0x6b4c, 0x6b4c, 0x6b4c, 0x6b4c, 0x6b4c, 0x6b4c, 0x6b4c, 0x6b4c, 0x6b4c, 0x6b4c, 0x6b4c, 0x6b4c, 0x6b2c, 0x6b2c, 0x6b2c, 0x6b4c, 0x8c50, 0xad34, 0xbdd7, 0xce79, 0xe71c, 0xf79e, 0xffdf, 0xffff, 0xffff, 0xffff, 0xffff, 0xffff, 0xffff, 0xffff, 0xffff, 0xffff, 0xffff, 0xffff, 0xffff, 0xffff, 0xffff, 0xffff, 0xffff, 0xffff, 0xffff, 0xffff, 0xffff, 0xffff, 0xffff, 0xffff, 0xffff, 0xffff, 0xffff, 0xffff, 0xffff, 0xffff, 0xffff, 0xffff, 0xffff, 0xffff, 0xffff, 0xffff, 0xffff, 0xffff, 0xffff, 0xffff, 0xffff, 0xffff, 0xffff, 0xffff, 0xffff, 0xffff, 0xffff, 0xffff, 0xffff, 0xffff, 0xffff, 0xffff, 0xffff, 0xffff, 0xffff, 0xffff, 0xffff, 0xffff, 0xffff, 0xffff, 0xffff, 0xffff, 0xffff, 0xffff, 0xffff, 0xffff, 0xffff, 0xffff, 0xffff, 0xffff, 0xffff, 0xffff, 0xffff, 0xffff, 0xffff, 0xffff, 0xffff, 0xffff, 0xffff, 0xffff, 0xffff, 0xffff, 0xffff, 0xffff, 0xffff, 0xffff, 0xffff, 0xffff, 0xffff, 0xffff, 0xffff, 0xffff, 0xffff, 0xffff, 0xffff, 0xffff, 0xffff, 0xffff, 0xffff, 0xffff, 0xffff, 0xffff, 0xffff, 0xffff, 0xffff, 0xffff, 0xffff, 0xffff, 0xffff, 0xffff, 0xffff, 0xffff, 0xffff, 0xffff, 0xffff, 0xffff, 0xffff, 0xffff, 0xffff, 0xffff, 0xffff, 0xffff, 0xffff, 0xffdf, 0xf7be, 0xf79e, 0xd6ba, 0xad55, 0x8c30, 0x6b2c, 0x630b, 0x6b2c, 0x6b2c, 0x6b4c, 0x6b4c, 0x6b4c, 0x6b4c, 0x6b4c, 0x6b4c, 0x6b4c, 0x6b4c, 0x6b4c, 0x6b4c, 0x6b4c, 0x6b4c, 0x6b4c, 0x6b4c, 0x6b4c, 0x6b4c, 0x6b2c, 0x6b2c, 0x6b4c, 0x736d, 0x83ef, 0x9471, 0xa513, 0xb596, 0xd69a, 0xf79e, 0xffdf, 0xffff, 0xffff, 0xffff, 0xffff, 0xffdf, 0xffdf, 0xf77d, 0xd6ba, 0xbdb6, 0x9cb2, 0x83ef, 0x7bae, 0x736d, 0x6b2c, 0x6b2c, 0x6b2c, 0x6b2c, 0x6b4c, 0x6b4c, 0x6b4c, 0x6b4c, 0x6b4c, 0x6b4c, 0x6b4c, 0x6b4c, 0x6b4c, 0x6b4c, 0x6b4c, 0x6b4c, 0x734d, 0x736d, 0x7bae, 0x83ef, 0x9cb2, 0xc5f7, 0xdedb, 0xef5d, 0xf7be, 0xffdf, 0xffff, 0xffff, 0xffff, 0xffff, 0xffdf, 0xf79e, 0xe6fb, 0xce59, 0xbdd6, 0xa534, 0x8c30, 0x6b4c, 0x6b2c, 0x6b2c, 0x6b2c, 0x6b4c, 0x6b4c, 0x6b4c, 0x6b4c, 0x6b4c, 0x6b4c, 0x6b4c, 0x6b4c, 0x6b4c, 0x6b4c, 0x6b4c, 0x6b4c, 0x6b4c, 0x6b4c, 0x6b4c, 0x6b4c, 0x6b2c, 0x6b2c, 0x6b2c, 0x6b4c, 0x8c50, 0xad34, 0xbdd7, 0xce79, 0xe71c, 0xf79e, 0xffdf, 0xffff, 0xffff, 0xffff, 0xffff, 0xffff, 0xffff, 0xffff, 0xffff, 0xffff, 0xffff, 0xffff, 0xffff, 0xffff, 0xffff, 0xffff, 0xffff, 0xffff, 0xffff, 0xffff, 0xffff, 0xffff, 0xffff, 0xffff, 0xffff, 0xffff, 0xffff, 0xffff, 0xffff, 0xffff, 0xffff, 0xffff, 0xffff, 0xffff, 0xffff, 0xffff, 0xffff, 0xffff, 0xffff, 0xffff, 0xffff, 0xffff, 0xffff, 0xffff, 0xffff, 0xffff, 0xffff, 0xffff, 0xffff, 0xffff, 0xffff, 0xffff, 0xffff, 0xffff, 0xffff, 0xffff, 0xffff, 0xffff, 0xffff, 0xffff, 0xffff, 0xffff, 0xffff, 0xffff, 0xffff, 0xffff, 0xffff, 0xffff, 0xffff, 0xffff, 0xffff, 0xffff, 0xffff, 0xffff, 0xffff, 0xffff, 0xffff, 0xffff, 0xffff, 0xffff, 0xffff, 0xffff, 0xffff, 0xffff, 0xffff, 0xffff, 0xffff, 0xffff, 0xffff, 0xffff, 0xffff, 0xffff, 0xffff, 0xffff, 0xffff, 0xffff, 0xffff, 0xffff, 0xffff, 0xffff, 0xffff, 0xffff, 0xffff, 0xffff, 0xffff, 0xffff, 0xffff, 0xffff, 0xffff, 0xffff, 0xffff, 0xffff, 0xffff, 0xffff, 0xffff, 0xffff, 0xffff, 0xffff, 0xffff, 0xffff, 0xffff, 0xffff, 0xffff, 0xffdf, 0xf7be, 0xf79e, 0xd6ba, 0xad55, 0x8c30, 0x6b2c, 0x630b, 0x6b2c, 0x6b2c, 0x6b4c, 0x6b4c, 0x6b4c, 0x6b4c, 0x6b4c, 0x6b4c, 0x6b4c, 0x6b4c, 0x6b4c, 0x6b4c, 0x6b4c, 0x6b4c, 0x6b4c, 0x6b4c, 0x6b4c, 0x6b4c, 0x6b2c, 0x6b2c, 0x6b4c, 0x736d, 0x83ef, 0x9471, 0xa513, 0xb596, 0xd69a, 0xf79e, 0xffdf, 0xffff, 0xffff, 0xffff, 0xffff, 0xffdf, 0xffdf, 0xf77d, 0xd6ba, 0xbdb6, 0x9cb2, 0x83ef, 0x7bae, 0x736d, 0x6b2c, 0x6b2c, 0x6b2c, 0x6b2c, 0x6b4c, 0x6b4c, 0x6b4c, 0x6b4c, 0x6b4c, 0x6b4c, 0x6b4c, 0x6b4c, 0x6b4c, 0x6b4c, 0x6b4c, 0x6b4c, 0x734d, 0x736d, 0x7bae, 0x83ef, 0x9cb2, 0xc5f7, 0xdedb, 0xef5d, 0xf7be, 0xffdf, 0xffff, 0xffff, 0xffff, 0xffff, 0xffdf, 0xf79e, 0xe6fb, 0xce59, 0xbdd6, 0xa534, 0x8c30, 0x6b4c, 0x6b2c, 0x6b2c, 0x6b2c, 0x6b4c, 0x6b4c, 0x6b4c, 0x6b4c, 0x6b4c, 0x6b4c, 0x6b4c, 0x6b4c, 0x6b4c, 0x6b4c, 0x6b4c, 0x6b4c, 0x6b4c, 0x6b4c, 0x6b4c, 0x6b4c, 0x6b2c, 0x6b2c, 0x6b2c, 0x6b4c, 0x8c50, 0xad34, 0xbdd7, 0xce79, 0xe71c, 0xf79e, 0xffdf, 0xffff, 0xffff, 0xffff, 0xffff, 0xffff, 0xffff, 0xffff, 0xffff, 0xffff, 0xffff, 0xffff, 0xffff, 0xffff, 0xffff, 0xffff, 0xffff, 0xffff, 0xffff, 0xffff, 0xffff, 0xffff, 0xffff, 0xffff, 0xffff, 0xffff, 0xffff, 0xffff, 0xffff, 0xffff, 0xffff, 0xffff, 0xffff, 0xffff, 0xffff, 0xffff, 0xffff, 0xffff, 0xffff, 0xffff, 0xffff, 0xffff, 0xffff, 0xffff, 0xffff, 0xffff, 0xffff, 0xffff, 0xffff, 0xffff, 0xffff, 0xffff, 0xffff, 0xffff, 0xffff, 0xffff, 0xffff, 0xffff, 0xffff, 0xffff, 0xffff, 0xffff, 0xffff, 0xffff, 0xffff, 0xffff, 0xffff, 0xffff, 0xffff, 0xffff, 0xffff, 0xffff, 0xffff, 0xffff, 0xffff, 0xffff, 0xffff, 0xffff, 0xffff, 0xffff, 0xffff, 0xffff, 0xffff, 0xffff, 0xffff, 0xffff, 0xffff, 0xffff, 0xffff, 0xffff, 0xffff, 0xffff, 0xffff, 0xffff, 0xffff, 0xffff, 0xffff, 0xffff, 0xffff, 0xffff, 0xffff, 0xffff, 0xffff, 0xffff, 0xffff, 0xffff, 0xffff, 0xffff, 0xffff, 0xffff, 0xffff, 0xffff, 0xffff, 0xffff, 0xffff, 0xffff, 0xffff, 0xffff, 0xffff, 0xffff, 0xffff, 0xffff, 0xffff, 0xffdf, 0xf7be, 0xf79e, 0xd6ba, 0xad55, 0x8c30, 0x6b2c, 0x630b, 0x6b2c, 0x6b2c, 0x6b4c, 0x6b4c, 0x6b4c, 0x6b4c, 0x6b4c, 0x6b4c, 0x6b4c, 0x6b4c, 0x6b4c, 0x6b4c, 0x6b4c, 0x6b4c, 0x6b4c, 0x6b4c, 0x6b4c, 0x6b4c, 0x6b2c, 0x6b2c, 0x6b4c, 0x736d, 0x83ef, 0x9471, 0xa513, 0xb596, 0xd69a, 0xf79e, 0xffdf, 0xffff, 0xffff, 0xffff, 0xffff, 0xffdf, 0xffdf, 0xf77d, 0xd6ba, 0xbdb6, 0x9cb2, 0x83ef, 0x7bae, 0x736d, 0x6b2c, 0x6b2c, 0x6b2c, 0x6b2c, 0x6b4c, 0x6b4c, 0x6b4c, 0x6b4c, 0x6b4c, 0x6b4c, 0x6b4c, 0x6b4c, 0x6b4c, 0x6b4c, 0x6b4c, 0x6b4c, 0x734d, 0x736d, 0x7bae, 0x83ef, 0x9cb2, 0xc5f7, 0xdedb, 0xef5d, 0xf7be, 0xffdf, 0xffff, 0xffff, 0xffff, 0xffff, 0xffdf, 0xf79e, 0xe6fb, 0xce59, 0xbdd6, 0xa534, 0x8c30, 0x6b4c, 0x6b2c, 0x6b2c, 0x6b2c, 0x6b4c, 0x6b4c, 0x6b4c, 0x6b4c, 0x6b4c, 0x6b4c, 0x6b4c, 0x6b4c, 0x6b4c, 0x6b4c, 0x6b4c, 0x6b4c, 0x6b4c, 0x6b4c, 0x6b4c, 0x6b4c, 0x6b2c, 0x6b2c, 0x6b2c, 0x6b4c, 0x8c50, 0xad34, 0xbdd7, 0xce79, 0xe71c, 0xf79e, 0xffdf, 0xffff, 0xffff, 0xffff, 0xffff, 0xffff, 0xffff, 0xffff, 0xffff, 0xffff, 0xffff, 0xffff, 0xffff, 0xffff, 0xffff, 0xffff, 0xffff, 0xffff, 0xffff, 0xffff, 0xffff, 0xffff, 0xffff, 0xffff, 0xffff, 0xffff, 0xffff, 0xffff, 0xffff, 0xffff, 0xffff, 0xffff, 0xffff, 0xffff, 0xffff, 0xffff, 0xffff, 0xffff, 0xffff, 0xffff, 0xffff, 0xffff, 0xffff, 0xffff, 0xffff, 0xffff, 0xffff, 0xffff, 0xffff, 0xffff, 0xffff, 0xffff, 0xffff, 0xffff, 0xffff, 0xffff, 0xffff, 0xffff, 0xffff, 0xffff, 0xffff, 0xffff, 0xffff, 0xffff, 0xffff, 0xffff, 0xffff, 0xffff, 0xffff, 0xffff, 0xffff, 0xffff, 0xffff, 0xffff, 0xffff, 0xffff, 0xffff, 0xffff, 0xffff, 0xffff, 0xffff, 0xffff, 0xffff, 0xffff, 0xffff, 0xffff, 0xffff, 0xffff, 0xffff, 0xffff, 0xffff, 0xffff, 0xffff, 0xffff, 0xffff, 0xffff, 0xffff, 0xffff, 0xffff, 0xffff, 0xffff, 0xffff, 0xffff, 0xffff, 0xffff, 0xffff, 0xffff, 0xffff, 0xffff, 0xffff, 0xffff, 0xffff, 0xffff, 0xffff, 0xffff, 0xffff, 0xffff, 0xffff, 0xffff, 0xffff, 0xffff, 0xffff, 0xffff, 0xffdf, 0xf7be, 0xf79e, 0xd6ba, 0xad55, 0x8c30, 0x6b2c, 0x630b, 0x6b2c, 0x6b2c, 0x6b4c, 0x6b4c, 0x6b4c, 0x6b4c, 0x6b4c, 0x6b4c, 0x6b4c, 0x6b4c, 0x6b4c, 0x6b4c, 0x6b4c, 0x6b4c, 0x6b4c, 0x6b4c, 0x6b4c, 0x6b4c, 0x6b2c, 0x6b2c, 0x6b4c, 0x736d, 0x83ef, 0x9471, 0xa513, 0xb596, 0xd69a, 0xf79e, 0xffdf, 0xffff, 0xffff, 0xffff, 0xffff, 0xffdf, 0xffdf, 0xf77d, 0xd6ba, 0xbdb6, 0x9cb2, 0x83ef, 0x7bae, 0x736d, 0x6b2c, 0x6b2c, 0x6b2c, 0x6b2c, 0x6b4c, 0x6b4c, 0x6b4c, 0x6b4c, 0x6b4c, 0x6b4c, 0x6b4c, 0x6b4c, 0x6b4c, 0x6b4c, 0x6b4c, 0x6b4c, 0x734d, 0x736d, 0x7bae, 0x83ef, 0x9cb2, 0xc5f7, 0xdedb, 0xef5d, 0xf7be, 0xffdf, 0xffff, 0xffff, 0xffff, 0xffff, 0xffdf, 0xf79e, 0xe6fb, 0xce59, 0xbdd6, 0xa534, 0x8c30, 0x6b4c, 0x6b2c, 0x6b2c, 0x6b2c, 0x6b4c, 0x6b4c, 0x6b4c, 0x6b4c, 0x6b4c, 0x6b4c, 0x6b4c, 0x6b4c, 0x6b4c, 0x6b4c, 0x6b4c, 0x6b4c, 0x6b4c, 0x6b4c, 0x6b4c, 0x6b4c, 0x6b2c, 0x6b2c, 0x6b2c, 0x6b4c, 0x8c50, 0xad34, 0xbdd7, 0xce79, 0xe71c, 0xf79e, 0xffdf, 0xffff, 0xffff, 0xffff, 0xffff, 0xffff, 0xffff, 0xffff, 0xffff, 0xffff, 0xffff, 0xffff, 0xffff, 0xffff, 0xffff, 0xffff, 0xffff, 0xffff, 0xffff, 0xffff, 0xffff, 0xffff, 0xffff, 0xffff, 0xffff, 0xffff, 0xffff, 0xffff, 0xffff, 0xffff, 0xffff, 0xffff, 0xffff, 0xffff, 0xffff, 0xffff, 0xffff, 0xffff, 0xffff, 0xffff, 0xffff, 0xffff, 0xffff, 0xffff, 0xffff, 0xffff, 0xffff, 0xffff, 0xffff, 0xffff, 0xffff, 0xffff, 0xffff, 0xffff, 0xffff, 0xffff, 0xffff, 0xffff, 0xffff, 0xffff, 0xffff, 0xffff, 0xffff, 0xffff, 0xffff, 0xffff, 0xffff, 0xffff, 0xffff, 0xffff, 0xffff, 0xffff, 0xffff, 0xffff, 0xffff, 0xffff, 0xffff, 0xffff, 0xffff, 0xffff, 0xffff, 0xffff, 0xffff, 0xffff, 0xffff, 0xffff, 0xffff, 0xffff, 0xffff, 0xffff, 0xffff, 0xffff, 0xffff, 0xffff, 0xffff, 0xffff, 0xffff, 0xffff, 0xffff, 0xffff, 0xffff, 0xffff, 0xffff, 0xffff, 0xffff, 0xffff, 0xffff, 0xffff, 0xffff, 0xffff, 0xffff, 0xffff, 0xffff, 0xffff, 0xffff, 0xffff, 0xffff, 0xffff, 0xffff, 0xffff, 0xffff, 0xffff, 0xffff, 0xffdf, 0xf7be, 0xf79e, 0xd6ba, 0xad55, 0x8c30, 0x6b2c, 0x630b, 0x6b2c, 0x6b2c, 0x6b4c, 0x6b4c, 0x6b4c, 0x6b4c, 0x6b4c, 0x6b4c, 0x6b4c, 0x6b4c, 0x6b4c, 0x6b4c, 0x6b4c, 0x6b4c, 0x6b4c, 0x6b4c, 0x6b4c, 0x6b4c, 0x6b2c, 0x6b2c, 0x6b4c, 0x736d, 0x83ef, 0x9471, 0xa513, 0xb596, 0xd69a, 0xf79e, 0xffdf, 0xffff, 0xffff, 0xffff, 0xffff, 0xffdf, 0xffdf, 0xf77d, 0xd6ba, 0xbdb6, 0x9cb2, 0x83ef, 0x7bae, 0x736d, 0x6b2c, 0x6b2c, 0x6b2c, 0x6b2c, 0x6b4c, 0x6b4c, 0x6b4c, 0x6b4c, 0x6b4c, 0x6b4c, 0x6b4c, 0x6b4c, 0x6b4c, 0x6b4c, 0x6b4c, 0x6b4c, 0x734d, 0x736d, 0x7bae, 0x83ef, 0x9cb2, 0xc5f7, 0xdedb, 0xef5d, 0xf7be, 0xffdf, 0xffff, 0xffff, 0xffff, 0xffff, 0xffdf, 0xf79e, 0xe6fb, 0xce59, 0xbdd6, 0xa534, 0x8c30, 0x6b4c, 0x6b2c, 0x6b2c, 0x6b2c, 0x6b4c, 0x6b4c, 0x6b4c, 0x6b4c, 0x6b4c, 0x6b4c, 0x6b4c, 0x6b4c, 0x6b4c, 0x6b4c, 0x6b4c, 0x6b4c, 0x6b4c, 0x6b4c, 0x6b4c, 0x6b4c, 0x6b2c, 0x6b2c, 0x6b2c, 0x6b4c, 0x8c50, 0xad34, 0xbdd7, 0xce79, 0xe71c, 0xf79e, 0xffdf, 0xffff, 0xffff, 0xffff, 0xffff, 0xffff, 0xffff, 0xffff, 0xffff, 0xffff, 0xffff, 0xffff, 0xffff, 0xffff, 0xffff, 0xffff, 0xffff, 0xffff, 0xffff, 0xffff, 0xffff, 0xffff, 0xffff, 0xffff, 0xffff, 0xffff, 0xffff, 0xffff, 0xffff, 0xffff, 0xffff, 0xffff, 0xffff, 0xffff, 0xffff, 0xffff, 0xffff, 0xffff, 0xffff, 0xffff, 0xffff, 0xffff, 0xffff, 0xffff, 0xffff, 0xffff, 0xffff, 0xffff, 0xffff, 0xffff, 0xffff, 0xffff, 0xffff, 0xffff, 0xffff, 0xffff, 0xffff, 0xffff, 0xffff, 0xffff, 0xffff, 0xffff, 0xffff, 0xffff, 0xffff, 0xffff, 0xffff, 0xffff, 0xffff, 0xffff, 0xffff, 0xffff, 0xffff, 0xffff, 0xffff, 0xffff, 0xffff, 0xffff, 0xffff, 0xffff, 0xffff, 0xffff, 0xffff, 0xffff, 0xffff, 0xffff, 0xffff, 0xffff, 0xffff, 0xffff, 0xffff, 0xffff, 0xffff, 0xffff, 0xffff, 0xffff, 0xffff, 0xffff, 0xffff, 0xffff, 0xffff, 0xffff, 0xffff, 0xffff, 0xffff, 0xffff, 0xffff, 0xffff, 0xffff, 0xffff, 0xffff, 0xffff, 0xffff, 0xffff, 0xffff, 0xffff, 0xffff, 0xffff, 0xffff, 0xffff, 0xffff, 0xffff, 0xffff, 0xffdf, 0xf7be, 0xf79e, 0xd6ba, 0xad55, 0x8c30, 0x6b2c, 0x630b, 0x6b2c, 0x6b2c, 0x6b4c, 0x6b4c, 0x6b4c, 0x6b4c, 0x6b4c, 0x6b4c, 0x6b4c, 0x6b4c, 0x6b4c, 0x6b4c, 0x6b4c, 0x6b4c, 0x6b4c, 0x6b4c, 0x6b4c, 0x6b4c, 0x6b2c, 0x6b2c, 0x6b4c, 0x736d, 0x83ef, 0x9471, 0xa513, 0xb596, 0xd69a, 0xf79e, 0xffdf, 0xffff, 0xffff, 0xffff, 0xffff, 0xffdf, 0xffdf, 0xf77d, 0xd6ba, 0xbdb6, 0x9cb2, 0x83ef, 0x7bae, 0x736d, 0x6b2c, 0x6b2c, 0x6b2c, 0x6b2c, 0x6b4c, 0x6b4c, 0x6b4c, 0x6b4c, 0x6b4c, 0x6b4c, 0x6b4c, 0x6b4c, 0x6b4c, 0x6b4c, 0x6b4c, 0x6b4c, 0x734d, 0x736d, 0x7bae, 0x83ef, 0x9cb2, 0xc5f7, 0xdedb, 0xef5d, 0xf7be, 0xffdf, 0xffff, 0xffff, 0xffff, 0xffff, 0xffdf, 0xf79e, 0xe6fb, 0xce59, 0xbdd6, 0xa534, 0x8c30, 0x6b4c, 0x6b2c, 0x6b2c, 0x6b2c, 0x6b4c, 0x6b4c, 0x6b4c, 0x6b4c, 0x6b4c, 0x6b4c, 0x6b4c, 0x6b4c, 0x6b4c, 0x6b4c, 0x6b4c, 0x6b4c, 0x6b4c, 0x6b4c, 0x6b4c, 0x6b4c, 0x6b2c, 0x6b2c, 0x6b2c, 0x6b4c, 0x8c50, 0xad34, 0xbdd7, 0xce79, 0xe71c, 0xf79e, 0xffdf, 0xffff, 0xffff, 0xffff, 0xffff, 0xffff, 0xffff, 0xffff, 0xffff, 0xffff, 0xffff, 0xffff, 0xffff, 0xffff, 0xffff, 0xffff, 0xffff, 0xffff, 0xffff, 0xffff, 0xffff, 0xffff, 0xffff, 0xffff, 0xffff, 0xffff, 0xffff, 0xffff, 0xffff, 0xffff, 0xffff, 0xffff, 0xffff, 0xffff, 0xffff, 0xffff, 0xffff, 0xffff, 0xffff, 0xffff, 0xffff, 0xffff, 0xffff, 0xffff, 0xffff, 0xffff, 0xffff, 0xffff, 0xffff, 0xffff, 0xffff, 0xffff, 0xffff, 0xffff, 0xffff, 0xffff, 0xffff, 0xffff, 0xffff, 0xffff, 0xffff, 0xffff, 0xffff, 0xffff, 0xffff, 0xffff, 0xffff, 0xffff, 0xffff, 0xffff, 0xffff, 0xffff, 0xffff, 0xffff, 0xffff, 0xffff, 0xffff, 0xffff, 0xffff, 0xffff, 0xffff, 0xffff, 0xffff, 0xffff, 0xffff, 0xffff, 0xffff, 0xffff, 0xffff, 0xffff, 0xffff, 0xffff, 0xffff, 0xffff, 0xffff, 0xffff, 0xffff, 0xffff, 0xffff, 0xffff, 0xffff, 0xffff, 0xffff, 0xffff, 0xffff, 0xffff, 0xffff, 0xffff, 0xffff, 0xffff, 0xffff, 0xffff, 0xffff, 0xffff, 0xffff, 0xffff, 0xffff, 0xffff, 0xffff, 0xffff, 0xffff, 0xffff, 0xffff, 0xffdf, 0xf7be, 0xf79e, 0xd6ba, 0xad55, 0x8c30, 0x6b2c, 0x630b, 0x6b2c, 0x6b2c, 0x6b4c, 0x6b4c, 0x6b4c, 0x6b4c, 0x6b4c, 0x6b4c, 0x6b4c, 0x6b4c, 0x6b4c, 0x6b4c, 0x6b4c, 0x6b4c, 0x6b4c, 0x6b4c, 0x6b4c, 0x6b4c, 0x6b2c, 0x6b2c, 0x6b4c, 0x736d, 0x83ef, 0x9471, 0xa513, 0xb596, 0xd69a, 0xf79e, 0xffdf, 0xffff, 0xffff, 0xffff, 0xffff, 0xffdf, 0xffdf, 0xf77d, 0xd6ba, 0xbdb6, 0x9cb2, 0x83ef, 0x7bae, 0x736d, 0x6b2c, 0x6b2c, 0x6b2c, 0x6b2c, 0x6b4c, 0x6b4c, 0x6b4c, 0x6b4c, 0x6b4c, 0x6b4c, 0x6b4c, 0x6b4c, 0x6b4c, 0x6b4c, 0x6b4c, 0x6b4c, 0x734d, 0x736d, 0x7bae, 0x83ef, 0x9cb2, 0xc5f7, 0xdedb, 0xef5d, 0xf7be, 0xffdf, 0xffff, 0xffff, 0xffff, 0xffff, 0xffdf, 0xf79e, 0xe6fb, 0xce59, 0xbdd6, 0xa534, 0x8c30, 0x6b4c, 0x6b2c, 0x6b2c, 0x6b2c, 0x6b4c, 0x6b4c, 0x6b4c, 0x6b4c, 0x6b4c, 0x6b4c, 0x6b4c, 0x6b4c, 0x6b4c, 0x6b4c, 0x6b4c, 0x6b4c, 0x6b4c, 0x6b4c, 0x6b4c, 0x6b4c, 0x6b2c, 0x6b2c, 0x6b2c, 0x6b4c, 0x8c50, 0xad34, 0xbdd7, 0xce79, 0xe71c, 0xf79e, 0xffdf, 0xffff, 0xffff, 0xffff, 0xffff, 0xffff, 0xffff, 0xffff, 0xffff, 0xffff, 0xffff, 0xffff, 0xffff, 0xffff, 0xffff, 0xffff, 0xffff, 0xffff, 0xffff, 0xffff, 0xffff, 0xffff, 0xffff, 0xffff, 0xffff, 0xffff, 0xffff, 0xffff, 0xffff, 0xffff, 0xffff, 0xffff, 0xffff, 0xffff, 0xffff, 0xffff, 0xffff, 0xffff, 0xffff, 0xffff, 0xffff, 0xffff, 0xffff, 0xffff, 0xffff, 0xffff, 0xffff, 0xffff, 0xffff, 0xffff, 0xffff, 0xffff, 0xffff, 0xffff, 0xffff, 0xffff, 0xffff, 0xffff, 0xffff, 0xffff, 0xffff, 0xffff, 0xffff, 0xffff, 0xffff, 0xffff, 0xffff, 0xffff, 0xffff, 0xffff, 0xffff, 0xffff, 0xffff, 0xffff, 0xffff, 0xffff, 0xffff, 0xffff, 0xffff, 0xffff, 0xffff, 0xffff, 0xffff, 0xffff, 0xffff, 0xffff, 0xffff, 0xffff, 0xffff, 0xffff, 0xffff, 0xffff, 0xffff, 0xffff, 0xffff, 0xffff, 0xffff, 0xffff, 0xffff, 0xffff, 0xffff, 0xffff, 0xffff, 0xffff, 0xffff, 0xffff, 0xffff, 0xffff, 0xffff, 0xffff, 0xffff, 0xffff, 0xffff, 0xffff, 0xffff, 0xffff, 0xffff, 0xffff, 0xffff, 0xffff, 0xffff, 0xffff, 0xffff, 0xffdf, 0xf7be, 0xf79e, 0xd6ba, 0xad55, 0x8c30, 0x6b2c, 0x630b, 0x6b2c, 0x6b2c, 0x6b4c, 0x6b4c, 0x6b4c, 0x6b4c, 0x6b4c, 0x6b4c, 0x6b4c, 0x6b4c, 0x6b4c, 0x6b4c, 0x6b4c, 0x6b4c, 0x6b4c, 0x6b4c, 0x6b4c, 0x6b4c, 0x6b2c, 0x6b2c, 0x6b4c, 0x736d, 0x83ef, 0x9471, 0xa513, 0xb596, 0xd69a, 0xf79e, 0xffdf, 0xffff, 0xffff, 0xffff, 0xffff, 0xffdf, 0xffdf, 0xf77d, 0xd6ba, 0xbdb6, 0x9cb2, 0x83ef, 0x7bae, 0x736d, 0x6b2c, 0x6b2c, 0x6b2c, 0x6b2c, 0x6b4c, 0x6b4c, 0x6b4c, 0x6b4c, 0x6b4c, 0x6b4c, 0x6b4c, 0x6b4c, 0x6b4c, 0x6b4c, 0x6b4c, 0x6b4c, 0x734d, 0x736d, 0x7bae, 0x83ef, 0x9cb2, 0xc5f7, 0xdedb, 0xef5d, 0xf7be, 0xffdf, 0xffff, 0xffff, 0xffff, 0xffff, 0xffdf, 0xf79e, 0xe6fb, 0xce59, 0xbdd6, 0xa534, 0x8c30, 0x6b4c, 0x6b2c, 0x6b2c, 0x6b2c, 0x6b4c, 0x6b4c, 0x6b4c, 0x6b4c, 0x6b4c, 0x6b4c, 0x6b4c, 0x6b4c, 0x6b4c, 0x6b4c, 0x6b4c, 0x6b4c, 0x6b4c, 0x6b4c, 0x6b4c, 0x6b4c, 0x6b2c, 0x6b2c, 0x6b2c, 0x6b4c, 0x8c50, 0xad34, 0xbdd7, 0xce79, 0xe71c, 0xf79e, 0xffdf, 0xffff, 0xffff, 0xffff, 0xffff, 0xffff, 0xffff, 0xffff, 0xffff, 0xffff, 0xffff, 0xffff, 0xffff, 0xffff, 0xffff, 0xffff, 0xffff, 0xffff, 0xffff, 0xffff, 0xffff, 0xffff, 0xffff, 0xffff, 0xffff, 0xffff, 0xffff, 0xffff, 0xffff, 0xffff, 0xffff, 0xffff, 0xffff, 0xffff, 0xffff, 0xffff, 0xffff, 0xffff, 0xffff, 0xffff, 0xffff, 0xffff, 0xffff, 0xffff, 0xffff, 0xffff, 0xffff, 0xffff, 0xffff, 0xffff, 0xffff, 0xffff, 0xffff, 0xffff, 0xffff, 0xffff, 0xffff, 0xffff, 0xffff, 0xffff, 0xffff, 0xffff, 0xffff, 0xffff, 0xffff, 0xffff, 0xffff, 0xffff, 0xffff, 0xffff, 0xffff, 0xffff, 0xffff, 0xffff, 0xffff, 0xffff, 0xffff, 0xffff, 0xffff, 0xffff, 0xffff, 0xffff, 0xffff, 0xffff, 0xffff, 0xffff, 0xffff, 0xffff, 0xffff, 0xffff, 0xffff, 0xffff, 0xffff, 0xffff, 0xffff, 0xffff, 0xffff, 0xffff, 0xffff, 0xffff, 0xffff, 0xffff, 0xffff, 0xffff, 0xffff, 0xffff, 0xffff, 0xffff, 0xffff, 0xffff, 0xffff, 0xffff, 0xffff, 0xffff, 0xffff, 0xffff, 0xffff, 0xffff, 0xffff, 0xffff, 0xffff, 0xffff, 0xffff, 0xffdf, 0xf7be, 0xf79e, 0xd6ba, 0xad55, 0x8c30, 0x6b2c, 0x630b, 0x6b2c, 0x6b2c, 0x6b4c, 0x6b4c, 0x6b4c, 0x6b4c, 0x6b4c, 0x6b4c, 0x6b4c, 0x6b4c, 0x6b4c, 0x6b4c, 0x6b4c, 0x6b4c, 0x6b4c, 0x6b4c, 0x6b4c, 0x6b4c, 0x6b2c, 0x6b2c, 0x6b4c, 0x736d, 0x83ef, 0x9471, 0xa513, 0xb596, 0xd69a, 0xf79e, 0xffdf, 0xffff, 0xffff, 0xffff, 0xffff, 0xffdf, 0xffdf, 0xf77d, 0xd6ba, 0xbdb6, 0x9cb2, 0x83ef, 0x7bae, 0x736d, 0x6b2c, 0x6b2c, 0x6b2c, 0x6b2c, 0x6b4c, 0x6b4c, 0x6b4c, 0x6b4c, 0x6b4c, 0x6b4c, 0x6b4c, 0x6b4c, 0x6b4c, 0x6b4c, 0x6b4c, 0x6b4c, 0x734d, 0x736d, 0x7bae, 0x83ef, 0x9cb2, 0xc5f7, 0xdedb, 0xef5d, 0xf7be, 0xffdf, 0xffff, 0xffff, 0xffff, 0xffff, 0xffdf, 0xf79e, 0xe6fb, 0xce59, 0xbdd6, 0xa534, 0x8c30, 0x6b4c, 0x6b2c, 0x6b2c, 0x6b2c, 0x6b4c, 0x6b4c, 0x6b4c, 0x6b4c, 0x6b4c, 0x6b4c, 0x6b4c, 0x6b4c, 0x6b4c, 0x6b4c, 0x6b4c, 0x6b4c, 0x6b4c, 0x6b4c, 0x6b4c, 0x6b4c, 0x6b2c, 0x6b2c, 0x6b2c, 0x6b4c, 0x8c50, 0xad34, 0xbdd7, 0xce79, 0xe71c, 0xf79e, 0xffdf, 0xffff, 0xffff, 0xffff, 0xffff, 0xffff, 0xffff, 0xffff, 0xffff, 0xffff, 0xffff, 0xffff, 0xffff, 0xffff, 0xffff, 0xffff, 0xffff, 0xffff, 0xffff, 0xffff, 0xffff, 0xffff, 0xffff, 0xffff, 0xffff, 0xffff, 0xffff, 0xffff, 0xffff, 0xffff, 0xffff, 0xffff, 0xffff, 0xffff, 0xffff, 0xffff, 0xffff, 0xffff, 0xffff, 0xffff, 0xffff, 0xffff, 0xffff, 0xffff, 0xffff, 0xffff, 0xffff, 0xffff, 0xffff, 0xffff, 0xffff, 0xffff, 0xffff, 0xffff, 0xffff, 0xffff, 0xffff, 0xffff, 0xffff, 0xffff, 0xffff, 0xffff, 0xffff, 0xffff, 0xffff, 0xffff, 0xffff, 0xffff, 0xffff, 0xffff, 0xffff, 0xffff, 0xffff, 0xffff, 0xffff, 0xffff, 0xffff, 0xffff, 0xffff, 0xffff, 0xffff, 0xffff, 0xffff, 0xffff, 0xffff, 0xffff, 0xffff, 0xffff, 0xffff, 0xffff, 0xffff, 0xffff, 0xffff, 0xffff, 0xffff, 0xffff, 0xffff, 0xffff, 0xffff, 0xffff, 0xffff, 0xffff, 0xffff, 0xffff, 0xffff, 0xffff, 0xffff, 0xffff, 0xffff, 0xffff, 0xffff, 0xffff, 0xffff, 0xffff, 0xffff, 0xffff, 0xffff, 0xffff, 0xffff, 0xffff, 0xffff, 0xffff, 0xffff, 0xffdf, 0xf7be, 0xf79e, 0xd6ba, 0xad55, 0x8c30, 0x6b2c, 0x630b, 0x6b2c, 0x6b2c, 0x6b4c, 0x6b4c, 0x6b4c, 0x6b4c, 0x6b4c, 0x6b4c, 0x6b4c, 0x6b4c, 0x6b4c, 0x6b4c, 0x6b4c, 0x6b4c, 0x6b4c, 0x6b4c, 0x6b4c, 0x6b4c, 0x6b2c, 0x6b2c, 0x6b4c, 0x736d, 0x83ef, 0x9471, 0xa513, 0xb596, 0xd69a, 0xf79e, 0xffdf, 0xffff, 0xffff, 0xffff, 0xffff, 0xffdf, 0xffdf, 0xf77d, 0xd6ba, 0xbdb6, 0x9cb2, 0x83ef, 0x7bae, 0x736d, 0x6b2c, 0x6b2c, 0x6b2c, 0x6b2c, 0x6b4c, 0x6b4c, 0x6b4c, 0x6b4c, 0x6b4c, 0x6b4c, 0x6b4c, 0x6b4c, 0x6b4c, 0x6b4c, 0x6b4c, 0x6b4c, 0x734d, 0x736d, 0x7bae, 0x83ef, 0x9cb2, 0xc5f7, 0xdedb, 0xef5d, 0xf7be, 0xffdf, 0xffff, 0xffff, 0xffff, 0xffff, 0xffdf, 0xf79e, 0xe6fb, 0xce59, 0xbdd6, 0xa534, 0x8c30, 0x6b4c, 0x6b2c, 0x6b2c, 0x6b2c, 0x6b4c, 0x6b4c, 0x6b4c, 0x6b4c, 0x6b4c, 0x6b4c, 0x6b4c, 0x6b4c, 0x6b4c, 0x6b4c, 0x6b4c, 0x6b4c, 0x6b4c, 0x6b4c, 0x6b4c, 0x6b4c, 0x6b2c, 0x6b2c, 0x6b2c, 0x6b4c, 0x8c50, 0xad34, 0xbdd7, 0xce79, 0xe71c, 0xf79e, 0xffdf, 0xffff, 0xffff, 0xffff, 0xffff, 0xffff, 0xffff, 0xffff, 0xffff, 0xffff, 0xffff, 0xffff, 0xffff, 0xffff, 0xffff, 0xffff, 0xffff, 0xffff, 0xffff, 0xffff, 0xffff, 0xffff, 0xffff, 0xffff, 0xffff, 0xffff, 0xffff, 0xffff, 0xffff, 0xffff, 0xffff, 0xffff, 0xffff, 0xffff, 0xffff, 0xffff, 0xffff, 0xffff, 0xffff, 0xffff, 0xffff, 0xffff, 0xffff, 0xffff, 0xffff, 0xffff, 0xffff, 0xffff, 0xffff, 0xffff, 0xffff, 0xffff, 0xffff, 0xffff, 0xffff, 0xffff, 0xffff, 0xffff, 0xffff, 0xffff, 0xffff, 0xffff, 0xffff, 0xffff, 0xffff, 0xffff, 0xffff, 0xffff, 0xffff, 0xffff, 0xffff, 0xffff, 0xffff, 0xffff, 0xffff, 0xffff, 0xffff, 0xffff, 0xffff, 0xffff, 0xffff, 0xffff, 0xffff, 0xffff, 0xffff, 0xffff, 0xffff, 0xffff, 0xffff, 0xffff, 0xffff, 0xffff, 0xffff, 0xffff, 0xffff, 0xffff, 0xffff, 0xffff, 0xffff, 0xffff, 0xffff, 0xffff, 0xffff, 0xffff, 0xffff, 0xffff, 0xffff, 0xffff, 0xffff, 0xffff, 0xffff, 0xffff, 0xffff, 0xffff, 0xffff, 0xffff, 0xffff, 0xffff, 0xffff, 0xffff, 0xffff, 0xffff, 0xffff, 0xffdf, 0xf7be, 0xf79e, 0xd6ba, 0xad55, 0x8c30, 0x6b2c, 0x630b, 0x6b2c, 0x6b2c, 0x6b4c, 0x6b4c, 0x6b4c, 0x6b4c, 0x6b4c, 0x6b4c, 0x6b4c, 0x6b4c, 0x6b4c, 0x6b4c, 0x6b4c, 0x6b4c, 0x6b4c, 0x6b4c, 0x6b4c, 0x6b4c, 0x6b2c, 0x6b2c, 0x6b4c, 0x736d, 0x83ef, 0x9471, 0xa513, 0xb596, 0xd69a, 0xf79e, 0xffdf, 0xffff, 0xffff, 0xffff, 0xffff, 0xffdf, 0xffdf, 0xf77d, 0xd6ba, 0xbdb6, 0x9cb2, 0x83ef, 0x7bae, 0x736d, 0x6b2c, 0x6b2c, 0x6b2c, 0x6b2c, 0x6b4c, 0x6b4c, 0x6b4c, 0x6b4c, 0x6b4c, 0x6b4c, 0x6b4c, 0x6b4c, 0x6b4c, 0x6b4c, 0x6b4c, 0x6b4c, 0x734d, 0x736d, 0x7bae, 0x83ef, 0x9cb2, 0xc5f7, 0xdedb, 0xef5d, 0xf7be, 0xffdf, 0xffff, 0xffff, 0xffff, 0xffff, 0xffdf, 0xf79e, 0xe6fb, 0xce59, 0xbdd6, 0xa534, 0x8c30, 0x6b4c, 0x6b2c, 0x6b2c, 0x6b2c, 0x6b4c, 0x6b4c, 0x6b4c, 0x6b4c, 0x6b4c, 0x6b4c, 0x6b4c, 0x6b4c, 0x6b4c, 0x6b4c, 0x6b4c, 0x6b4c, 0x6b4c, 0x6b4c, 0x6b4c, 0x6b4c, 0x6b2c, 0x6b2c, 0x6b2c, 0x6b4c, 0x8c50, 0xad34, 0xbdd7, 0xce79, 0xe71c, 0xf79e, 0xffdf, 0xffff, 0xffff, 0xffff, 0xffff, 0xffff, 0xffff, 0xffff, 0xffff, 0xffff, 0xffff, 0xffff, 0xffff, 0xffff, 0xffff, 0xffff, 0xffff, 0xffff, 0xffff, 0xffff, 0xffff, 0xffff, 0xffff, 0xffff, 0xffff, 0xffff, 0xffff, 0xffff, 0xffff, 0xffff, 0xffff, 0xffff, 0xffff, 0xffff, 0xffff, 0xffff, 0xffff, 0xffff, 0xffff, 0xffff, 0xffff, 0xffff, 0xffff, 0xffff, 0xffff, 0xffff, 0xffff, 0xffff, 0xffff, 0xffff, 0xffff, 0xffff, 0xffff, 0xffff, 0xffff, 0xffff, 0xffff, 0xffff, 0xffff, 0xffff, 0xffff, 0xffff, 0xffff, 0xffff, 0xffff, 0xffff, 0xffff, 0xffff, 0xffff, 0xffff, 0xffff, 0xffff, 0xffff, 0xffff, 0xffff, 0xffff, 0xffff, 0xffff, 0xffff, 0xffff, 0xffff, 0xffff, 0xffff, 0xffff, 0xffff, 0xffff, 0xffff, 0xffff, 0xffff, 0xffff, 0xffff, 0xffff, 0xffff, 0xffff, 0xffff, 0xffff, 0xffff, 0xffff, 0xffff, 0xffff, 0xffff, 0xffff, 0xffff, 0xffff, 0xffff, 0xffff, 0xffff, 0xffff, 0xffff, 0xffff, 0xffff, 0xffff, 0xffff, 0xffff, 0xffff, 0xffff, 0xffff, 0xffff, 0xffff, 0xffff, 0xffff, 0xffff, 0xffff, 0xffdf, 0xf7be, 0xf79e, 0xd6ba, 0xad55, 0x8c30, 0x6b2c, 0x630b, 0x6b2c, 0x6b2c, 0x6b4c, 0x6b4c, 0x6b4c, 0x6b4c, 0x6b4c, 0x6b4c, 0x6b4c, 0x6b4c, 0x6b4c, 0x6b4c, 0x6b4c, 0x6b4c, 0x6b4c, 0x6b4c, 0x6b4c, 0x6b4c, 0x6b2c, 0x6b2c, 0x6b4c, 0x736d, 0x83ef, 0x9471, 0xa513, 0xb596, 0xd69a, 0xf79e, 0xffdf, 0xffff, 0xffff, 0xffff, 0xffff, 0xffdf, 0xffdf, 0xf77d, 0xd6ba, 0xbdb6, 0x9cb2, 0x83ef, 0x7bae, 0x736d, 0x6b2c, 0x6b2c, 0x6b2c, 0x6b2c, 0x6b4c, 0x6b4c, 0x6b4c, 0x6b4c, 0x6b4c, 0x6b4c, 0x6b4c, 0x6b4c, 0x6b4c, 0x6b4c, 0x6b4c, 0x6b4c, 0x734d, 0x736d, 0x7bae, 0x83ef, 0x9cb2, 0xc5f7, 0xdedb, 0xef5d, 0xf7be, 0xffdf, 0xffff, 0xffff, 0xffff, 0xffff, 0xffdf, 0xf79e, 0xe6fb, 0xce59, 0xbdd6, 0xa534, 0x8c30, 0x6b4c, 0x6b2c, 0x6b2c, 0x6b2c, 0x6b4c, 0x6b4c, 0x6b4c, 0x6b4c, 0x6b4c, 0x6b4c, 0x6b4c, 0x6b4c, 0x6b4c, 0x6b4c, 0x6b4c, 0x6b4c, 0x6b4c, 0x6b4c, 0x6b4c, 0x6b4c, 0x6b2c, 0x6b2c, 0x6b2c, 0x6b4c, 0x8c50, 0xad34, 0xbdd7, 0xce79, 0xe71c, 0xf79e, 0xffdf, 0xffff, 0xffff, 0xffff, 0xffff, 0xffff, 0xffff, 0xffff, 0xffff, 0xffff, 0xffff, 0xffff, 0xffff, 0xffff, 0xffff, 0xffff, 0xffff, 0xffff, 0xffff, 0xffff, 0xffff, 0xffff, 0xffff, 0xffff, 0xffff, 0xffff, 0xffff, 0xffff, 0xffff, 0xffff, 0xffff, 0xffff, 0xffff, 0xffff, 0xffff, 0xffff, 0xffff, 0xffff, 0xffff, 0xffff, 0xffff, 0xffff, 0xffff, 0xffff, 0xffff, 0xffff, 0xffff, 0xffff, 0xffff, 0xffff, 0xffff, 0xffff, 0xffff, 0xffff, 0xffff, 0xffff, 0xffff, 0xffff, 0xffff, 0xffff, 0xffff, 0xffff, 0xffff, 0xffff, 0xffff, 0xffff, 0xffff, 0xffff, 0xffff, 0xffff, 0xffff, 0xffff, 0xffff, 0xffff, 0xffff, 0xffff, 0xffff, 0xffff, 0xffff, 0xffff, 0xffff, 0xffff, 0xffff, 0xffff, 0xffff, 0xffff, 0xffff, 0xffff, 0xffff, 0xffff, 0xffff, 0xffff, 0xffff, 0xffff, 0xffff, 0xffff, 0xffff, 0xffff, 0xffff, 0xffff, 0xffff, 0xffff, 0xffff, 0xffff, 0xffff, 0xffff, 0xffff, 0xffff, 0xffff, 0xffff, 0xffff, 0xffff, 0xffff, 0xffff, 0xffff, 0xffff, 0xffff, 0xffff, 0xffff, 0xffff, 0xffff, 0xffff, 0xffff, 0xffdf, 0xf7be, 0xf79e, 0xd6ba, 0xad55, 0x8c30, 0x6b2c, 0x630b, 0x6b2c, 0x6b2c, 0x6b4c, 0x6b4c, 0x6b4c, 0x6b4c, 0x6b4c, 0x6b4c, 0x6b4c, 0x6b4c, 0x6b4c, 0x6b4c, 0x6b4c, 0x6b4c, 0x6b4c, 0x6b4c, 0x6b4c, 0x6b4c, 0x6b2c, 0x6b2c, 0x6b4c, 0x736d, 0x83ef, 0x9471, 0xa513, 0xb596, 0xd69a, 0xf79e, 0xffdf, 0xffff, 0xffff, 0xffff, 0xffff, 0xffdf, 0xffdf, 0xf77d, 0xd6ba, 0xbdb6, 0x9cb2, 0x83ef, 0x7bae, 0x736d, 0x6b2c, 0x6b2c, 0x6b2c, 0x6b2c, 0x6b4c, 0x6b4c, 0x6b4c, 0x6b4c, 0x6b4c, 0x6b4c, 0x6b4c, 0x6b4c, 0x6b4c, 0x6b4c, 0x6b4c, 0x6b4c, 0x734d, 0x736d, 0x7bae, 0x83ef, 0x9cb2, 0xc5f7, 0xdedb, 0xef5d, 0xf7be, 0xffdf, 0xffff, 0xffff, 0xffff, 0xffff, 0xffdf, 0xf79e, 0xe6fb, 0xce59, 0xbdd6, 0xa534, 0x8c30, 0x6b4c, 0x6b2c, 0x6b2c, 0x6b2c, 0x6b4c, 0x6b4c, 0x6b4c, 0x6b4c, 0x6b4c, 0x6b4c, 0x6b4c, 0x6b4c, 0x6b4c, 0x6b4c, 0x6b4c, 0x6b4c, 0x6b4c, 0x6b4c, 0x6b4c, 0x6b4c, 0x6b2c, 0x6b2c, 0x6b2c, 0x6b4c, 0x8c50, 0xad34, 0xbdd7, 0xce79, 0xe71c, 0xf79e, 0xffdf, 0xffff, 0xffff, 0xffff, 0xffff, 0xffff, 0xffff, 0xffff, 0xffff, 0xffff, 0xffff, 0xffff, 0xffff, 0xffff, 0xffff, 0xffff, 0xffff, 0xffff, 0xffff, 0xffff, 0xffff, 0xffff, 0xffff, 0xffff, 0xffff, 0xffff, 0xffff, 0xffff, 0xffff, 0xffff, 0xffff, 0xffff, 0xffff, 0xffff, 0xffff, 0xffff, 0xffff, 0xffff, 0xffff, 0xffff, 0xffff, 0xffff, 0xffff, 0xffff, 0xffff, 0xffff, 0xffff, 0xffff, 0xffff, 0xffff, 0xffff, 0xffff, 0xffff, 0xffff, 0xffff, 0xffff, 0xffff, 0xffff, 0xffff, 0xffff, 0xffff, 0xffff, 0xffff, 0xffff, 0xffff, 0xffff, 0xffff, 0xffff, 0xffff, 0xffff, 0xffff, 0xffff, 0xffff, 0xffff, 0xffff, 0xffff, 0xffff, 0xffff, 0xffff, 0xffff, 0xffff, 0xffff, 0xffff, 0xffff, 0xffff, 0xffff, 0xffff, 0xffff, 0xffff, 0xffff, 0xffff, 0xffff, 0xffff, 0xffff, 0xffff, 0xffff, 0xffff, 0xffff, 0xffff, 0xffff, 0xffff, 0xffff, 0xffff, 0xffff, 0xffff, 0xffff, 0xffff, 0xffff, 0xffff, 0xffff, 0xffff, 0xffff, 0xffff, 0xffff, 0xffff, 0xffff, 0xffff, 0xffff, 0xffff, 0xffff, 0xffff, 0xffff, 0xffff, 0xffdf, 0xf7be, 0xf79e, 0xd6ba, 0xad55, 0x8c30, 0x6b2c, 0x630b, 0x6b2c, 0x6b2c, 0x6b4c, 0x6b4c, 0x6b4c, 0x6b4c, 0x6b4c, 0x6b4c, 0x6b4c, 0x6b4c, 0x6b4c, 0x6b4c, 0x6b4c, 0x6b4c, 0x6b4c, 0x6b4c, 0x6b4c, 0x6b4c, 0x6b2c, 0x6b2c, 0x6b4c, 0x736d, 0x83ef, 0x9471, 0xa513, 0xb596, 0xd69a, 0xf79e, 0xffdf, 0xffff, 0xffff, 0xffff, 0xffff, 0xffdf, 0xffdf, 0xf77d, 0xd6ba, 0xbdb6, 0x9cb2, 0x83ef, 0x7bae, 0x736d, 0x6b2c, 0x6b2c, 0x6b2c, 0x6b2c, 0x6b4c, 0x6b4c, 0x6b4c, 0x6b4c, 0x6b4c, 0x6b4c, 0x6b4c, 0x6b4c, 0x6b4c, 0x6b4c, 0x6b4c, 0x6b4c, 0x734d, 0x736d, 0x7bae, 0x83ef, 0x9cb2, 0xc5f7, 0xdedb, 0xef5d, 0xf7be, 0xffdf, 0xffff, 0xffff, 0xffff, 0xffff, 0xffdf, 0xf79e, 0xe6fb, 0xce59, 0xbdd6, 0xa534, 0x8c30, 0x6b4c, 0x6b2c, 0x6b2c, 0x6b2c, 0x6b4c, 0x6b4c, 0x6b4c, 0x6b4c, 0x6b4c, 0x6b4c, 0x6b4c, 0x6b4c, 0x6b4c, 0x6b4c, 0x6b4c, 0x6b4c, 0x6b4c, 0x6b4c, 0x6b4c, 0x6b4c, 0x6b2c, 0x6b2c, 0x6b2c, 0x6b4c, 0x8c50, 0xad34, 0xbdd7, 0xce79, 0xe71c, 0xf79e, 0xffdf, 0xffff, 0xffff, 0xffff, 0xffff, 0xffff, 0xffff, 0xffff, 0xffff, 0xffff, 0xffff, 0xffff, 0xffff, 0xffff, 0xffff, 0xffff, 0xffff, 0xffff, 0xffff, 0xffff, 0xffff, 0xffff, 0xffff, 0xffff, 0xffff, 0xffff, 0xffff, 0xffff, 0xffff, 0xffff, 0xffff, 0xffff, 0xffff, 0xffff, 0xffff, 0xffff, 0xffff, 0xffff, 0xffff, 0xffff, 0xffff, 0xffff, 0xffff, 0xffff, 0xffff, 0xffff, 0xffff, 0xffff, 0xffff, 0xffff, 0xffff, 0xffff, 0xffff, 0xffff, 0xffff, 0xffff, 0xffff, 0xffff, 0xffff, 0xffff, 0xffff, 0xffff, 0xffff, 0xffff, 0xffff, 0xffff, 0xffff, 0xffff, 0xffff, 0xffff, 0xffff, 0xffff, 0xffff, 0xffff, 0xffff, 0xffff, 0xffff, 0xffff, 0xffff, 0xffff, 0xffff, 0xffff, 0xffff, 0xffff, 0xffff, 0xffff, 0xffff, 0xffff, 0xffff, 0xffff, 0xffff, 0xffff, 0xffff, 0xffff, 0xffff, 0xffff, 0xffff, 0xffff, 0xffff, 0xffff, 0xffff, 0xffff, 0xffff, 0xffff, 0xffff, 0xffff, 0xffff, 0xffff, 0xffff, 0xffff, 0xffff, 0xffff, 0xffff, 0xffff, 0xffff, 0xffff, 0xffff, 0xffff, 0xffff, 0xffff, 0xffff, 0xffff, 0xffff, 0xffdf, 0xf7be, 0xf79e, 0xd6ba, 0xad55, 0x8c30, 0x6b2c, 0x630b, 0x6b2c, 0x6b2c, 0x6b4c, 0x6b4c, 0x6b4c, 0x6b4c, 0x6b4c, 0x6b4c, 0x6b4c, 0x6b4c, 0x6b4c, 0x6b4c, 0x6b4c, 0x6b4c, 0x6b4c, 0x6b4c, 0x6b4c, 0x6b4c, 0x6b2c, 0x6b2c, 0x6b4c, 0x736d, 0x83ef, 0x9471, 0xa513, 0xb596, 0xd69a, 0xf79e, 0xffdf, 0xffff, 0xffff, 0xffff, 0xffff, 0xffdf, 0xffdf, 0xf77d, 0xd6ba, 0xbdb6, 0x9cb2, 0x83ef, 0x7bae, 0x736d, 0x6b2c, 0x6b2c, 0x6b2c, 0x6b2c, 0x6b4c, 0x6b4c, 0x6b4c, 0x6b4c, 0x6b4c, 0x6b4c, 0x6b4c, 0x6b4c, 0x6b4c, 0x6b4c, 0x6b4c, 0x6b4c, 0x734d, 0x736d, 0x7bae, 0x83ef, 0x9cb2, 0xc5f7, 0xdedb, 0xef5d, 0xf7be, 0xffdf, 0xffff, 0xffff, 0xffff, 0xffff, 0xffdf, 0xf79e, 0xe6fb, 0xce59, 0xbdd6, 0xa534, 0x8c30, 0x6b4c, 0x6b2c, 0x6b2c, 0x6b2c, 0x6b4c, 0x6b4c, 0x6b4c, 0x6b4c, 0x6b4c, 0x6b4c, 0x6b4c, 0x6b4c, 0x6b4c, 0x6b4c, 0x6b4c, 0x6b4c, 0x6b4c, 0x6b4c, 0x6b4c, 0x6b4c, 0x6b2c, 0x6b2c, 0x6b2c, 0x6b4c, 0x8c50, 0xad34, 0xbdd7, 0xce79, 0xe71c, 0xf79e, 0xffdf, 0xffff, 0xffff, 0xffff, 0xffff, 0xffff, 0xffff, 0xffff, 0xffff, 0xffff, 0xffff, 0xffff, 0xffff, 0xffff, 0xffff, 0xffff, 0xffff, 0xffff, 0xffff, 0xffff, 0xffff, 0xffff, 0xffff, 0xffff, 0xffff, 0xffff, 0xffff, 0xffff, 0xffff, 0xffff, 0xffff, 0xffff, 0xffff, 0xffff, 0xffff, 0xffff, 0xffff, 0xffff, 0xffff, 0xffff, 0xffff, 0xffff, 0xffff, 0xffff, 0xffff, 0xffff, 0xffff, 0xffff, 0xffff, 0xffff, 0xffff, 0xffff, 0xffff, 0xffff, 0xffff, 0xffff, 0xffff, 0xffff, 0xffff, 0xffff, 0xffff, 0xffff, 0xffff, 0xffff, 0xffff, 0xffff, 0xffff, 0xffff, 0xffff, 0xffff, 0xffff, 0xffff, 0xffff, 0xffff, 0xffff, 0xffff, 0xffff, 0xffff, 0xffff, 0xffff, 0xffff, 0xffff, 0xffff, 0xffff, 0xffff, 0xffff, 0xffff, 0xffff, 0xffff, 0xffff, 0xffff, 0xffff, 0xffff, 0xffff, 0xffff, 0xffff, 0xffff, 0xffff, 0xffff, 0xffff, 0xffff, 0xffff, 0xffff, 0xffff, 0xffff, 0xffff, 0xffff, 0xffff, 0xffff, 0xffff, 0xffff, 0xffff, 0xffff, 0xffff, 0xffff, 0xffff, 0xffff, 0xffff, 0xffff, 0xffff, 0xffff, 0xffff, 0xffff, 0xffdf, 0xf7be, 0xf79e, 0xd6ba, 0xad55, 0x8c30, 0x6b2c, 0x630b, 0x6b2c, 0x6b2c, 0x6b4c, 0x6b4c, 0x6b4c, 0x6b4c, 0x6b4c, 0x6b4c, 0x6b4c, 0x6b4c, 0x6b4c, 0x6b4c, 0x6b4c, 0x6b4c, 0x6b4c, 0x6b4c, 0x6b4c, 0x6b4c, 0x6b2c, 0x6b2c, 0x6b4c, 0x736d, 0x83ef, 0x9471, 0xa513, 0xb596, 0xd69a, 0xf79e, 0xffdf, 0xffff, 0xffff, 0xffff, 0xffff, 0xffdf, 0xffdf, 0xf77d, 0xd6ba, 0xbdb6, 0x9cb2, 0x83ef, 0x7bae, 0x736d, 0x6b2c, 0x6b2c, 0x6b2c, 0x6b2c, 0x6b4c, 0x6b4c, 0x6b4c, 0x6b4c, 0x6b4c, 0x6b4c, 0x6b4c, 0x6b4c, 0x6b4c, 0x6b4c, 0x6b4c, 0x6b4c, 0x734d, 0x736d, 0x7bae, 0x83ef, 0x9cb2, 0xc5f7, 0xdedb, 0xef5d, 0xf7be, 0xffdf, 0xffff, 0xffff, 0xffff, 0xffff, 0xffdf, 0xf79e, 0xe6fb, 0xce59, 0xbdd6, 0xa534, 0x8c30, 0x6b4c, 0x6b2c, 0x6b2c, 0x6b2c, 0x6b4c, 0x6b4c, 0x6b4c, 0x6b4c, 0x6b4c, 0x6b4c, 0x6b4c, 0x6b4c, 0x6b4c, 0x6b4c, 0x6b4c, 0x6b4c, 0x6b4c, 0x6b4c, 0x6b4c, 0x6b4c, 0x6b2c, 0x6b2c, 0x6b2c, 0x6b4c, 0x8c50, 0xad34, 0xbdd7, 0xce79, 0xe71c, 0xf79e, 0xffdf, 0xffff, 0xffff, 0xffff, 0xffff, 0xffff, 0xffff, 0xffff, 0xffff, 0xffff, 0xffff, 0xffff, 0xffff, 0xffff, 0xffff, 0xffff, 0xffff, 0xffff, 0xffff, 0xffff, 0xffff, 0xffff, 0xffff, 0xffff, 0xffff, 0xffff, 0xffff, 0xffff, 0xffff, 0xffff, 0xffff, 0xffff, 0xffff, 0xffff, 0xffff, 0xffff, 0xffff, 0xffff, 0xffff, 0xffff, 0xffff, 0xffff, 0xffff, 0xffff, 0xffff, 0xffff, 0xffff, 0xffff, 0xffff, 0xffff, 0xffff, 0xffff, 0xffff, 0xffff, 0xffff, 0xffff, 0xffff, 0xffff, 0xffff, 0xffff, 0xffff, 0xffff, 0xffff, 0xffff, 0xffff, 0xffff, 0xffff, 0xffff, 0xffff, 0xffff, 0xffff, 0xffff, 0xffff, 0xffff, 0xffff, 0xffff, 0xffff, 0xffff, 0xffff, 0xffff, 0xffff, 0xffff, 0xffff, 0xffff, 0xffff, 0xffff, 0xffff, 0xffff, 0xffff, 0xffff, 0xffff, 0xffff, 0xffff, 0xffff, 0xffff, 0xffff, 0xffff, 0xffff, 0xffff, 0xffff, 0xffff, 0xffff, 0xffff, 0xffff, 0xffff, 0xffff, 0xffff, 0xffff, 0xffff, 0xffff, 0xffff, 0xffff, 0xffff, 0xffff, 0xffff, 0xffff, 0xffff, 0xffff, 0xffff, 0xffff, 0xffff, 0xffff, 0xffff, 0xffdf, 0xf7be, 0xf79e, 0xd6ba, 0xad55, 0x8c30, 0x6b2c, 0x630b, 0x6b2c, 0x6b2c, 0x6b4c, 0x6b4c, 0x6b4c, 0x6b4c, 0x6b4c, 0x6b4c, 0x6b4c, 0x6b4c, 0x6b4c, 0x6b4c, 0x6b4c, 0x6b4c, 0x6b4c, 0x6b4c, 0x6b4c, 0x6b4c, 0x6b2c, 0x6b2c, 0x6b4c, 0x736d, 0x83ef, 0x9471, 0xa513, 0xb596, 0xd69a, 0xf79e, 0xffdf, 0xffff, 0xffff, 0xffff, 0xffff, 0xffdf, 0xffdf, 0xf77d, 0xd6ba, 0xbdb6, 0x9cb2, 0x83ef, 0x7bae, 0x736d, 0x6b2c, 0x6b2c, 0x6b2c, 0x6b2c, 0x6b4c, 0x6b4c, 0x6b4c, 0x6b4c, 0x6b4c, 0x6b4c, 0x6b4c, 0x6b4c, 0x6b4c, 0x6b4c, 0x6b4c, 0x6b4c, 0x734d, 0x736d, 0x7b8e, 0x83ef, 0x9492, 0xbdf7, 0xdedb, 0xef5d, 0xf79e, 0xffdf, 0xffff, 0xffff, 0xffff, 0xffff, 0xffdf, 0xf79e, 0xe6fb, 0xce59, 0xbdd6, 0xa534, 0x8c30, 0x6b4c, 0x6b2c, 0x6b2c, 0x6b2c, 0x6b4c, 0x6b4c, 0x6b4c, 0x6b4c, 0x6b4c, 0x6b4c, 0x6b4c, 0x6b4c, 0x6b4c, 0x6b4c, 0x6b4c, 0x6b4c, 0x6b4c, 0x6b4c, 0x6b4c, 0x6b4c, 0x6b2c, 0x6b2c, 0x6b2c, 0x6b4c, 0x8c50, 0xad34, 0xbdd7, 0xce79, 0xe71c, 0xf79e, 0xffdf, 0xffff, 0xffff, 0xffff, 0xffff, 0xffff, 0xffff, 0xffff, 0xffff, 0xffff, 0xffff, 0xffff, 0xffff, 0xffff, 0xffff, 0xffff, 0xffff, 0xffff, 0xffff, 0xffff, 0xffff, 0xffff, 0xffff, 0xffff, 0xffff, 0xffff, 0xffff, 0xffff, 0xffff, 0xffff, 0xffff, 0xffff, 0xffff, 0xffff, 0xffff, 0xffff, 0xffff, 0xffff, 0xffff, 0xffff, 0xffff, 0xffff, 0xffff, 0xffff, 0xffff, 0xffff, 0xffff, 0xffff, 0xffff, 0xffff, 0xffff, 0xffff, 0xffff, 0xffff, 0xffff, 0xffff, 0xffff, 0xffff, 0xffff, 0xffff, 0xffff, 0xffff, 0xffff, 0xffff, 0xffff, 0xffff, 0xffff, 0xffff, 0xffff, 0xffff, 0xffff, 0xffff, 0xffff, 0xffff, 0xffff, 0xffff, 0xffff, 0xffff, 0xffff, 0xffff, 0xffff, 0xffff, 0xffff, 0xffff, 0xffff, 0xffff, 0xffff, 0xffff, 0xffff, 0xffff, 0xffff, 0xffff, 0xffff, 0xffff, 0xffff, 0xffff, 0xffff, 0xffff, 0xffff, 0xffff, 0xffff, 0xffff, 0xffff, 0xffff, 0xffff, 0xffff, 0xffff, 0xffff, 0xffff, 0xffff, 0xffff, 0xffff, 0xffff, 0xffff, 0xffff, 0xffff, 0xffff, 0xffff, 0xffff, 0xffff, 0xffff, 0xffff, 0xffff, 0xffdf, 0xf7be, 0xf79e, 0xdeba, 0xad75, 0x8c50, 0x6b2c, 0x630b, 0x6b2c, 0x6b2c, 0x6b4c, 0x6b4c, 0x6b4c, 0x6b4c, 0x6b4c, 0x6b4c, 0x6b4c, 0x6b4c, 0x6b4c, 0x6b4c, 0x6b4c, 0x6b4c, 0x6b4c, 0x6b4c, 0x6b4c, 0x6b4c, 0x6b2c, 0x6b2c, 0x6b4c, 0x736d, 0x83ef, 0x9471, 0xa513, 0xb596, 0xd69a, 0xf79e, 0xffdf, 0xffff, 0xffff, 0xffff, 0xffff, 0xffdf, 0xffdf, 0xf77d, 0xd6ba, 0xbdb6, 0x9cb2, 0x83ef, 0x7bae, 0x736d, 0x6b2c, 0x6b2c, 0x6b2c, 0x6b2c, 0x6b4c, 0x6b4c, 0x6b4c, 0x6b4c, 0x6b4c, 0x6b4c, 0x6b4c, 0x6b4c, 0x6b4c, 0x6b4c, 0x6b4c, 0x6b4c, 0x734c, 0x736d, 0x738d, 0x7bce, 0x9471, 0xbdb6, 0xd69a, 0xe73c, 0xf77d, 0xffbe, 0xffdf, 0xffff, 0xffff, 0xffff, 0xffdf, 0xf79e, 0xe6fb, 0xce59, 0xbdd6, 0xa534, 0x8c30, 0x6b4c, 0x6b2c, 0x6b2c, 0x6b2c, 0x6b4c, 0x6b4c, 0x6b4c, 0x6b4c, 0x6b4c, 0x6b4c, 0x6b4c, 0x6b4c, 0x6b4c, 0x6b4c, 0x6b4c, 0x6b4c, 0x6b4c, 0x6b4c, 0x6b4c, 0x6b4c, 0x6b2c, 0x6b2c, 0x6b2c, 0x6b4c, 0x8c50, 0xad34, 0xbdd7, 0xce79, 0xe71c, 0xf79e, 0xffdf, 0xffff, 0xffff, 0xffff, 0xffff, 0xffff, 0xffff, 0xffff, 0xffff, 0xffff, 0xffff, 0xffff, 0xffff, 0xffff, 0xffff, 0xffff, 0xffff, 0xffff, 0xffff, 0xffff, 0xffff, 0xffff, 0xffff, 0xffff, 0xffff, 0xffff, 0xffff, 0xffff, 0xffff, 0xffff, 0xffff, 0xffff, 0xffff, 0xffff, 0xffff, 0xffff, 0xffff, 0xffff, 0xffff, 0xffff, 0xffff, 0xffff, 0xffff, 0xffff, 0xffff, 0xffff, 0xffff, 0xffff, 0xffff, 0xffff, 0xffff, 0xffff, 0xffff, 0xffff, 0xffff, 0xffff, 0xffff, 0xffff, 0xffff, 0xffff, 0xffff, 0xffff, 0xffff, 0xffff, 0xffff, 0xffff, 0xffff, 0xffff, 0xffff, 0xffff, 0xffff, 0xffff, 0xffff, 0xffff, 0xffff, 0xffff, 0xffff, 0xffff, 0xffff, 0xffff, 0xffff, 0xffff, 0xffff, 0xffff, 0xffff, 0xffff, 0xffff, 0xffff, 0xffff, 0xffff, 0xffff, 0xffff, 0xffff, 0xffff, 0xffff, 0xffff, 0xffff, 0xffff, 0xffff, 0xffff, 0xffff, 0xffff, 0xffff, 0xffff, 0xffff, 0xffff, 0xffff, 0xffff, 0xffff, 0xffff, 0xffff, 0xffff, 0xffff, 0xffff, 0xffff, 0xffff, 0xffff, 0xffff, 0xffff, 0xffff, 0xffff, 0xffff, 0xffff, 0xffdf, 0xffdf, 0xf7be, 0xdedb, 0xb575, 0x8c50, 0x6b2c, 0x630b, 0x6b2c, 0x6b2c, 0x6b4c, 0x6b4c, 0x6b4c, 0x6b4c, 0x6b4c, 0x6b4c, 0x6b4c, 0x6b4c, 0x6b4c, 0x6b4c, 0x6b4c, 0x6b4c, 0x6b4c, 0x6b4c, 0x6b4c, 0x6b4c, 0x6b2c, 0x6b2c, 0x6b4c, 0x736d, 0x7bcf, 0x9471, 0xa4f3, 0xb575, 0xce59, 0xef5d, 0xf79e, 0xffbe, 0xffbe, 0xf7be, 0xf7be, 0xf7be, 0xf79e, 0xef5d, 0xd699, 0xb596, 0x9492, 0x83ef, 0x7bae, 0x736d, 0x6b4c, 0x6b2c, 0x6b2c, 0x6b4c, 0x6b4c, 0x6b4c, 0x6b4c, 0x6b4c, 0x6b4c, 0x6b4c, 0x6b4c, 0x6b4c, 0x6b4c, 0x6b4c, 0x6b4c, 0x6b4c, 0x6b4c, 0x734d, 0x736d, 0x7bae, 0x9471, 0xb5b6, 0xd69a, 0xe71c, 0xef7d, 0xf7be, 0xffdf, 0xffff, 0xffff, 0xffff, 0xffdf, 0xf79e, 0xe6fb, 0xce59, 0xbdd6, 0xa534, 0x8c30, 0x6b4c, 0x6b2c, 0x6b2c, 0x6b2c, 0x6b4c, 0x6b4c, 0x6b4c, 0x6b4c, 0x6b4c, 0x6b4c, 0x6b4c, 0x6b4c, 0x6b4c, 0x6b4c, 0x6b4c, 0x6b4c, 0x6b4c, 0x6b4c, 0x6b4c, 0x6b4c, 0x6b2c, 0x6b2c, 0x6b2c, 0x6b4c, 0x8c50, 0xad34, 0xbdd7, 0xce79, 0xe71c, 0xf79e, 0xffdf, 0xffff, 0xffff, 0xffff, 0xffff, 0xffff, 0xffff, 0xffff, 0xffff, 0xffff, 0xffff, 0xffff, 0xffff, 0xffff, 0xffff, 0xffff, 0xffff, 0xffff, 0xffff, 0xffff, 0xffff, 0xffff, 0xffff, 0xffff, 0xffff, 0xffff, 0xffff, 0xffff, 0xffff, 0xffff, 0xffff, 0xffff, 0xffff, 0xffff, 0xffff, 0xffff, 0xffff, 0xffff, 0xffff, 0xffff, 0xffff, 0xffff, 0xffff, 0xffff, 0xffff, 0xffff, 0xffff, 0xffff, 0xffff, 0xffff, 0xffff, 0xffff, 0xffff, 0xffff, 0xffff, 0xffff, 0xffff, 0xffff, 0xffff, 0xffff, 0xffff, 0xffff, 0xffff, 0xffff, 0xffff, 0xffff, 0xffff, 0xffff, 0xffff, 0xffff, 0xffff, 0xffff, 0xffff, 0xffff, 0xffff, 0xffff, 0xffff, 0xffff, 0xffff, 0xffff, 0xffff, 0xffff, 0xffff, 0xffff, 0xffff, 0xffff, 0xffff, 0xffff, 0xffff, 0xffff, 0xffff, 0xffff, 0xffff, 0xffff, 0xffff, 0xffff, 0xffff, 0xffff, 0xffff, 0xffff, 0xffff, 0xffff, 0xffff, 0xffff, 0xffff, 0xffff, 0xffff, 0xffff, 0xffff, 0xffff, 0xffff, 0xffff, 0xffff, 0xffff, 0xffff, 0xffff, 0xffff, 0xffff, 0xffff, 0xffff, 0xffff, 0xffff, 0xffff, 0xffff, 0xffff, 0xffff, 0xe6fb, 0xb596, 0x8c51, 0x6b2c, 0x630b, 0x6b2c, 0x6b2c, 0x6b4c, 0x6b4c, 0x6b4c, 0x6b4c, 0x6b4c, 0x6b4c, 0x6b4c, 0x6b4c, 0x6b4c, 0x6b4c, 0x6b4c, 0x6b4c, 0x6b4c, 0x6b4c, 0x6b4c, 0x6b4c, 0x6b2c, 0x6b2c, 0x6b4c, 0x736d, 0x7bae, 0x8410, 0x9491, 0xa4f3, 0xbdb6, 0xd69a, 0xd6ba, 0xdedb, 0xdeda, 0xdeba, 0xdeba, 0xd6ba, 0xd6ba, 0xd679, 0xbdd7, 0xa534, 0x8c50, 0x7bce, 0x7bae, 0x736d, 0x6b4c, 0x6b4c, 0x6b4c, 0x6b4c, 0x6b4c, 0x6b4c, 0x6b4c, 0x6b4c, 0x6b4c, 0x6b4c, 0x6b4c, 0x6b4c, 0x6b4c, 0x6b4c, 0x6b4c, 0x6b4c, 0x6b4c, 0x734d, 0x736d, 0x7bae, 0x9471, 0xb5b6, 0xd69a, 0xe71c, 0xef7d, 0xf7be, 0xffdf, 0xffff, 0xffff, 0xffff, 0xffdf, 0xf79e, 0xe6fb, 0xce59, 0xbdd6, 0xa534, 0x8c30, 0x6b4c, 0x6b2c, 0x6b2c, 0x6b2c, 0x6b4c, 0x6b4c, 0x6b4c, 0x6b4c, 0x6b4c, 0x6b4c, 0x6b4c, 0x6b4c, 0x6b4c, 0x6b4c, 0x6b4c, 0x6b4c, 0x6b4c, 0x6b4c, 0x6b4c, 0x6b4c, 0x6b2c, 0x6b2c, 0x6b2c, 0x6b4c, 0x8c50, 0xad34, 0xbdd7, 0xce79, 0xe71c, 0xf79e, 0xffdf, 0xffff, 0xffff, 0xffff, 0xffff, 0xffff, 0xffff, 0xffff, 0xffff, 0xffff, 0xffff, 0xffff, 0xffff, 0xffff, 0xffff, 0xffff, 0xffff, 0xffff, 0xffff, 0xffff, 0xffff, 0xffff, 0xffff, 0xffff, 0xffff, 0xffff, 0xffff, 0xffff, 0xffff, 0xffff, 0xffff, 0xffff, 0xffff, 0xffff, 0xffff, 0xffff, 0xffff, 0xffff, 0xffff, 0xffff, 0xffff, 0xffff, 0xffff, 0xffff, 0xffff, 0xffff, 0xffff, 0xffff, 0xffff, 0xffff, 0xffff, 0xffff, 0xffff, 0xffff, 0xffff, 0xffff, 0xffff, 0xffff, 0xffff, 0xffff, 0xffff, 0xffff, 0xffff, 0xffff, 0xffff, 0xffff, 0xffff, 0xffff, 0xffff, 0xffff, 0xffff, 0xffff, 0xffff, 0xffff, 0xffff, 0xffff, 0xffff, 0xffff, 0xffff, 0xffff, 0xffff, 0xffff, 0xffff, 0xffff, 0xffff, 0xffff, 0xffff, 0xffff, 0xffff, 0xffff, 0xffff, 0xffff, 0xffff, 0xffff, 0xffff, 0xffff, 0xffff, 0xffff, 0xffff, 0xffff, 0xffff, 0xffff, 0xffff, 0xffff, 0xffff, 0xffff, 0xffff, 0xffff, 0xffff, 0xffff, 0xffff, 0xffff, 0xffff, 0xffff, 0xffff, 0xffff, 0xffff, 0xffff, 0xffff, 0xffff, 0xffff, 0xffff, 0xffff, 0xffff, 0xffff, 0xffff, 0xe71c, 0xbdb6, 0x9471, 0x6b4c, 0x6b0c, 0x6b2c, 0x6b2c, 0x6b4c, 0x6b4c, 0x6b4c, 0x6b4c, 0x6b4c, 0x6b4c, 0x6b4c, 0x6b4c, 0x6b4c, 0x6b4c, 0x6b4c, 0x6b4c, 0x6b4c, 0x6b4c, 0x6b4c, 0x6b4c, 0x6b4c, 0x6b2c, 0x6b2c, 0x734c, 0x738d, 0x83cf, 0x8c30, 0x9471, 0xa513, 0xb596, 0xbdb6, 0xbdd6, 0xbdd6, 0xbdd6, 0xbdd6, 0xbdd6, 0xbdd6, 0xb596, 0xa534, 0x9c92, 0x840f, 0x7bae, 0x738d, 0x736d, 0x734c, 0x6b4c, 0x6b4c, 0x6b4c, 0x6b4c, 0x6b4c, 0x6b4c, 0x6b4c, 0x6b4c, 0x6b4c, 0x6b4c, 0x6b4c, 0x6b4c, 0x6b4c, 0x6b4c, 0x6b4c, 0x734c, 0x736d, 0x738d, 0x7bce, 0x9471, 0xbdb6, 0xd69a, 0xe73c, 0xf77d, 0xffbe, 0xffdf, 0xffff, 0xffff, 0xffff, 0xffdf, 0xf79e, 0xe6fb, 0xce59, 0xbdd6, 0xa534, 0x8c30, 0x6b4c, 0x6b2c, 0x6b2c, 0x6b2c, 0x6b4c, 0x6b4c, 0x6b4c, 0x6b4c, 0x6b4c, 0x6b4c, 0x6b4c, 0x6b4c, 0x6b4c, 0x6b4c, 0x6b4c, 0x6b4c, 0x6b4c, 0x6b4c, 0x6b4c, 0x6b4c, 0x6b2c, 0x6b2c, 0x6b2c, 0x6b4c, 0x8c50, 0xad34, 0xbdd7, 0xce79, 0xe71c, 0xf79e, 0xffdf, 0xffff, 0xffff, 0xffff, 0xffff, 0xffff, 0xffff, 0xffff, 0xffff, 0xffff, 0xffff, 0xffff, 0xffff, 0xffff, 0xffff, 0xffff, 0xffff, 0xffff, 0xffff, 0xffff, 0xffff, 0xffff, 0xffff, 0xffff, 0xffff, 0xffff, 0xffff, 0xffff, 0xffff, 0xffff, 0xffff, 0xffff, 0xffff, 0xffff, 0xffff, 0xffff, 0xffff, 0xffff, 0xffff, 0xffff, 0xffff, 0xffff, 0xffff, 0xffff, 0xffff, 0xffff, 0xffff, 0xffff, 0xffff, 0xffff, 0xffff, 0xffff, 0xffff, 0xffff, 0xffff, 0xffff, 0xffff, 0xffff, 0xffff, 0xffff, 0xffff, 0xffff, 0xffff, 0xffff, 0xffff, 0xffff, 0xffff, 0xffff, 0xffff, 0xffff, 0xffff, 0xffff, 0xffff, 0xffff, 0xffff, 0xffff, 0xffff, 0xffff, 0xffff, 0xffff, 0xffff, 0xffff, 0xffff, 0xffff, 0xffff, 0xffff, 0xffff, 0xffff, 0xffff, 0xffff, 0xffff, 0xffff, 0xffff, 0xffff, 0xffff, 0xffff, 0xffff, 0xffff, 0xffff, 0xffff, 0xffff, 0xffff, 0xffff, 0xffff, 0xffff, 0xffff, 0xffff, 0xffff, 0xffff, 0xffff, 0xffff, 0xffff, 0xffff, 0xffff, 0xffff, 0xffff, 0xffff, 0xffff, 0xffff, 0xffff, 0xffff, 0xffff, 0xffff, 0xffff, 0xffff, 0xffff, 0xe73c, 0xbdd7, 0x9cb2, 0x7bae, 0x734d, 0x734c, 0x6b4c, 0x6b4c, 0x6b4c, 0x6b4c, 0x6b4c, 0x6b4c, 0x6b4c, 0x6b4c, 0x6b4c, 0x6b4c, 0x6b4c, 0x6b4c, 0x6b4c, 0x6b4c, 0x6b4c, 0x6b4c, 0x6b4c, 0x6b4c, 0x6b4c, 0x6b4c, 0x6b4c, 0x6b4c, 0x6b4c, 0x734c, 0x734d, 0x736d, 0x736d, 0x736d, 0x738d, 0x738d, 0x738d, 0x738d, 0x738d, 0x738d, 0x738d, 0x736d, 0x736d, 0x736d, 0x734d, 0x734c, 0x6b4c, 0x6b4c, 0x6b4c, 0x6b4c, 0x6b4c, 0x6b4c, 0x6b4c, 0x6b4c, 0x6b4c, 0x6b4c, 0x6b4c, 0x6b4c, 0x6b4c, 0x6b4c, 0x6b4c, 0x6b4c, 0x6b4c, 0x734d, 0x738d, 0x7bae, 0x840f, 0x9cb2, 0xc5f7, 0xdefb, 0xef7d, 0xf7be, 0xffdf, 0xffff, 0xffff, 0xffff, 0xffff, 0xffdf, 0xf79e, 0xe6fb, 0xce59, 0xbdd6, 0xa534, 0x8c30, 0x6b4c, 0x6b2c, 0x6b2c, 0x6b2c, 0x6b4c, 0x6b4c, 0x6b4c, 0x6b4c, 0x6b4c, 0x6b4c, 0x6b4c, 0x6b4c, 0x6b4c, 0x6b4c, 0x6b4c, 0x6b4c, 0x6b4c, 0x6b4c, 0x6b4c, 0x6b4c, 0x6b2c, 0x6b2c, 0x6b2c, 0x6b4c, 0x8c50, 0xad34, 0xbdd7, 0xce79, 0xe71c, 0xf79e, 0xffdf, 0xffff, 0xffff, 0xffff, 0xffff, 0xffff, 0xffff, 0xffff, 0xffff, 0xffff, 0xffff, 0xffff, 0xffff, 0xffff, 0xffff, 0xffff, 0xffff, 0xffff, 0xffff, 0xffff, 0xffff, 0xffff, 0xffff, 0xffff, 0xffff, 0xffff, 0xffff, 0xffff, 0xffff, 0xffff, 0xffff, 0xffff, 0xffff, 0xffff, 0xffff, 0xffff, 0xffff, 0xffff, 0xffff, 0xffff, 0xffff, 0xffff, 0xffff, 0xffff, 0xffff, 0xffff, 0xffff, 0xffff, 0xffff, 0xffff, 0xffff, 0xffff, 0xffff, 0xffff, 0xffff, 0xffff, 0xffff, 0xffff, 0xffff, 0xffff, 0xffff, 0xffff, 0xffff, 0xffff, 0xffff, 0xffff, 0xffff, 0xffff, 0xffff, 0xffff, 0xffff, 0xffff, 0xffff, 0xffff, 0xffff, 0xffff, 0xffff, 0xffff, 0xffff, 0xffff, 0xffff, 0xffff, 0xffff, 0xffff, 0xffff, 0xffff, 0xffff, 0xffff, 0xffff, 0xffff, 0xffff, 0xffff, 0xffff, 0xffff, 0xffff, 0xffff, 0xffff, 0xffff, 0xffff, 0xffff, 0xffff, 0xffff, 0xffff, 0xffff, 0xffff, 0xffff, 0xffff, 0xffff, 0xffff, 0xffff, 0xffff, 0xffff, 0xffff, 0xffff, 0xffff, 0xffff, 0xffff, 0xffff, 0xffff, 0xffff, 0xffff, 0xffff, 0xffff, 0xffff, 0xffff, 0xffff, 0xef3c, 0xc618, 0xa513, 0x8c10, 0x7bae, 0x738d, 0x736d, 0x6b4c, 0x6b4c, 0x6b4c, 0x6b4c, 0x6b4c, 0x6b4c, 0x6b4c, 0x6b4c, 0x6b4c, 0x6b4c, 0x6b4c, 0x6b4c, 0x6b4c, 0x6b4c, 0x6b4c, 0x6b4c, 0x6b4c, 0x6b4c, 0x6b4c, 0x6b4c, 0x6b2c, 0x6b2c, 0x6b2c, 0x6b2c, 0x6b0c, 0x6b0b, 0x630b, 0x630b, 0x630b, 0x630b, 0x630b, 0x6b0b, 0x6b0b, 0x6b0c, 0x6b2c, 0x6b2c, 0x6b4c, 0x6b4c, 0x6b4c, 0x6b4c, 0x6b4c, 0x6b4c, 0x6b4c, 0x6b4c, 0x6b4c, 0x6b4c, 0x6b4c, 0x6b4c, 0x6b4c, 0x6b4c, 0x6b4c, 0x6b4c, 0x6b4c, 0x6b4c, 0x6b4c, 0x6b4c, 0x734d, 0x7b8e, 0x83cf, 0x8c30, 0x9cf3, 0xc638, 0xe71c, 0xf79e, 0xffdf, 0xffdf, 0xffff, 0xffff, 0xffff, 0xffff, 0xffdf, 0xf79e, 0xe6fb, 0xce59, 0xbdd6, 0xa534, 0x8c30, 0x6b4c, 0x6b2c, 0x6b2c, 0x6b2c, 0x6b4c, 0x6b4c, 0x6b4c, 0x6b4c, 0x6b4c, 0x6b4c, 0x6b4c, 0x6b4c, 0x6b4c, 0x6b4c, 0x6b4c, 0x6b4c, 0x6b4c, 0x6b4c, 0x6b4c, 0x6b4c, 0x6b2c, 0x6b2c, 0x6b2c, 0x6b4c, 0x8c50, 0xad34, 0xbdd7, 0xce79, 0xe71c, 0xf79e, 0xffdf, 0xffff, 0xffff, 0xffff, 0xffff, 0xffff, 0xffff, 0xffff, 0xffff, 0xffff, 0xffff, 0xffff, 0xffff, 0xffff, 0xffff, 0xffff, 0xffff, 0xffff, 0xffff, 0xffff, 0xffff, 0xffff, 0xffff, 0xffff, 0xffff, 0xffff, 0xffff, 0xffff, 0xffff, 0xffff, 0xffff, 0xffff, 0xffff, 0xffff, 0xffff, 0xffff, 0xffff, 0xffff, 0xffff, 0xffff, 0xffff, 0xffff, 0xffff, 0xffff, 0xffff, 0xffff, 0xffff, 0xffff, 0xffff, 0xffff, 0xffff, 0xffff, 0xffff, 0xffff, 0xffff, 0xffff, 0xffff, 0xffff, 0xffff, 0xffff, 0xffff, 0xffff, 0xffff, 0xffff, 0xffff, 0xffff, 0xffff, 0xffff, 0xffff, 0xffff, 0xffff, 0xffff, 0xffff, 0xffff, 0xffff, 0xffff, 0xffff, 0xffff, 0xffff, 0xffff, 0xffff, 0xffff, 0xffff, 0xffff, 0xffff, 0xffff, 0xffff, 0xffff, 0xffff, 0xffff, 0xffff, 0xffff, 0xffff, 0xffff, 0xffff, 0xffff, 0xffff, 0xffff, 0xffff, 0xffff, 0xffff, 0xffff, 0xffff, 0xffff, 0xffff, 0xffff, 0xffff, 0xffff, 0xffff, 0xffff, 0xffff, 0xffff, 0xffff, 0xffff, 0xffff, 0xffff, 0xffff, 0xffff, 0xffff, 0xffff, 0xffff, 0xffff, 0xffff, 0xffff, 0xffff, 0xffff, 0xef7d, 0xd69a, 0xbdd7, 0xad34, 0x9492, 0x840f, 0x7b8e, 0x6b2c, 0x6b2c, 0x6b4c, 0x6b4c, 0x6b4c, 0x6b4c, 0x6b4c, 0x6b4c, 0x6b4c, 0x6b4c, 0x6b4c, 0x6b4c, 0x6b4c, 0x6b4c, 0x6b4c, 0x6b4c, 0x6b4c, 0x6b4c, 0x6b4c, 0x6b4c, 0x6b4c, 0x6b4c, 0x6b4c, 0x6b4c, 0x6b4c, 0x6b4c, 0x6b4c, 0x6b4c, 0x6b4c, 0x6b4c, 0x6b4c, 0x6b4c, 0x6b4c, 0x6b4c, 0x6b4c, 0x6b4c, 0x6b4c, 0x6b4c, 0x6b4c, 0x6b4c, 0x6b4c, 0x6b4c, 0x6b4c, 0x6b4c, 0x6b4c, 0x6b4c, 0x6b4c, 0x6b4c, 0x6b4c, 0x6b4c, 0x6b4c, 0x6b4c, 0x6b4c, 0x6b2c, 0x6b2c, 0x6b2c, 0x734d, 0x7bae, 0x8410, 0x9471, 0xad34, 0xce79, 0xef5d, 0xf7be, 0xffff, 0xffff, 0xffff, 0xffff, 0xffff, 0xffff, 0xffdf, 0xf79e, 0xe6fb, 0xce59, 0xbdd6, 0xa534, 0x8c30, 0x6b4c, 0x6b2c, 0x6b2c, 0x6b2c, 0x6b4c, 0x6b4c, 0x6b4c, 0x6b4c, 0x6b4c, 0x6b4c, 0x6b4c, 0x6b4c, 0x6b4c, 0x6b4c, 0x6b4c, 0x6b4c, 0x6b4c, 0x6b4c, 0x6b4c, 0x6b4c, 0x6b2c, 0x6b2c, 0x6b2c, 0x6b4c, 0x8c50, 0xad34, 0xbdd7, 0xce79, 0xe71c, 0xf79e, 0xffdf, 0xffff, 0xffff, 0xffff, 0xffff, 0xffff, 0xffff, 0xffff, 0xffff, 0xffff, 0xffff, 0xffff, 0xffff, 0xffff, 0xffff, 0xffff, 0xffff, 0xffff, 0xffff, 0xffff, 0xffff, 0xffff, 0xffff, 0xffff, 0xffff, 0xffff, 0xffff, 0xffff, 0xffff, 0xffff, 0xffff, 0xffff, 0xffff, 0xffff, 0xffff, 0xffff, 0xffff, 0xffff, 0xffff, 0xffff, 0xffff, 0xffff, 0xffff, 0xffff, 0xffff, 0xffff, 0xffff, 0xffff, 0xffff, 0xffff, 0xffff, 0xffff, 0xffff, 0xffff, 0xffff, 0xffff, 0xffff, 0xffff, 0xffff, 0xffff, 0xffff, 0xffff, 0xffff, 0xffff, 0xffff, 0xffff, 0xffff, 0xffff, 0xffff, 0xffff, 0xffff, 0xffff, 0xffff, 0xffff, 0xffff, 0xffff, 0xffff, 0xffff, 0xffff, 0xffff, 0xffff, 0xffff, 0xffff, 0xffff, 0xffff, 0xffff, 0xffff, 0xffff, 0xffff, 0xffff, 0xffff, 0xffff, 0xffff, 0xffff, 0xffff, 0xffff, 0xffff, 0xffff, 0xffff, 0xffff, 0xffff, 0xffff, 0xffff, 0xffff, 0xffff, 0xffff, 0xffff, 0xffff, 0xffff, 0xffff, 0xffff, 0xffff, 0xffff, 0xffff, 0xffff, 0xffff, 0xffff, 0xffff, 0xffff, 0xffff, 0xffff, 0xffff, 0xffff, 0xffff, 0xffff, 0xffff, 0xf79e, 0xdefb, 0xce59, 0xbdb6, 0xa513, 0x8c50, 0x7bae, 0x6b2c, 0x6b2c, 0x6b4c, 0x6b4c, 0x6b4c, 0x6b4c, 0x6b4c, 0x6b4c, 0x6b4c, 0x6b4c, 0x6b4c, 0x6b4c, 0x6b4c, 0x6b4c, 0x6b4c, 0x6b4c, 0x6b4c, 0x6b4c, 0x6b4c, 0x6b4c, 0x6b4c, 0x6b4c, 0x6b4c, 0x6b4c, 0x6b4c, 0x6b4c, 0x6b4c, 0x6b4c, 0x6b4c, 0x6b4c, 0x6b4c, 0x6b4c, 0x6b4c, 0x6b4c, 0x6b4c, 0x6b4c, 0x6b4c, 0x6b4c, 0x6b4c, 0x6b4c, 0x6b4c, 0x6b4c, 0x6b4c, 0x6b4c, 0x6b4c, 0x6b4c, 0x6b4c, 0x6b4c, 0x6b4c, 0x6b4c, 0x6b4c, 0x6b4c, 0x6b4c, 0x6b2c, 0x6b2c, 0x6b2c, 0x734d, 0x83cf, 0x8c50, 0x9cb2, 0xb575, 0xd69a, 0xef5d, 0xffdf, 0xffff, 0xffff, 0xffff, 0xffff, 0xffff, 0xffff, 0xffdf, 0xf79e, 0xe6fb, 0xce59, 0xbdd6, 0xa534, 0x8c30, 0x6b4c, 0x6b2c, 0x6b2c, 0x6b2c, 0x6b4c, 0x6b4c, 0x6b4c, 0x6b4c, 0x6b4c, 0x6b4c, 0x6b4c, 0x6b4c, 0x6b4c, 0x6b4c, 0x6b4c, 0x6b4c, 0x6b4c, 0x6b4c, 0x6b4c, 0x6b4c, 0x6b2c, 0x6b2c, 0x6b2c, 0x6b4c, 0x8c50, 0xad34, 0xbdd7, 0xce79, 0xe71c, 0xf79e, 0xffdf, 0xffff, 0xffff, 0xffff, 0xffff, 0xffff, 0xffff, 0xffff, 0xffff, 0xffff, 0xffff, 0xffff, 0xffff, 0xffff, 0xffff, 0xffff, 0xffff, 0xffff, 0xffff, 0xffff, 0xffff, 0xffff, 0xffff, 0xffff, 0xffff, 0xffff, 0xffff, 0xffff, 0xffff, 0xffff, 0xffff, 0xffff, 0xffff, 0xffff, 0xffff, 0xffff, 0xffff, 0xffff, 0xffff, 0xffff, 0xffff, 0xffff, 0xffff, 0xffff, 0xffff, 0xffff, 0xffff, 0xffff, 0xffff, 0xffff, 0xffff, 0xffff, 0xffff, 0xffff, 0xffff, 0xffff, 0xffff, 0xffff, 0xffff, 0xffff, 0xffff, 0xffff, 0xffff, 0xffff, 0xffff, 0xffff, 0xffff, 0xffff, 0xffff, 0xffff, 0xffff, 0xffff, 0xffff, 0xffff, 0xffff, 0xffff, 0xffff, 0xffff, 0xffff, 0xffff, 0xffff, 0xffff, 0xffff, 0xffff, 0xffff, 0xffff, 0xffff, 0xffff, 0xffff, 0xffff, 0xffff, 0xffff, 0xffff, 0xffff, 0xffff, 0xffff, 0xffff, 0xffff, 0xffff, 0xffff, 0xffff, 0xffff, 0xffff, 0xffff, 0xffff, 0xffff, 0xffff, 0xffff, 0xffff, 0xffff, 0xffff, 0xffff, 0xffff, 0xffff, 0xffff, 0xffff, 0xffff, 0xffff, 0xffff, 0xffff, 0xffff, 0xffff, 0xffff, 0xffff, 0xffff, 0xffff, 0xf7be, 0xef5d, 0xe6fb, 0xd69a, 0xbdb6, 0x9cb2, 0x83ef, 0x6b2c, 0x6b2c, 0x6b4c, 0x6b4c, 0x6b4c, 0x6b4c, 0x6b4c, 0x6b4c, 0x6b4c, 0x6b4c, 0x6b4c, 0x6b4c, 0x6b4c, 0x6b4c, 0x6b4c, 0x6b4c, 0x6b4c, 0x6b4c, 0x6b4c, 0x6b4c, 0x6b4c, 0x6b4c, 0x6b4c, 0x6b4c, 0x6b4c, 0x6b4c, 0x6b4c, 0x6b4c, 0x6b4c, 0x6b4c, 0x6b4c, 0x6b4c, 0x6b4c, 0x6b4c, 0x6b4c, 0x6b4c, 0x6b4c, 0x6b4c, 0x6b4c, 0x6b4c, 0x6b4c, 0x6b4c, 0x6b4c, 0x6b4c, 0x6b4c, 0x6b4c, 0x6b4c, 0x6b4c, 0x6b4c, 0x6b4c, 0x6b4c, 0x6b4c, 0x6b4c, 0x6b2c, 0x6b2c, 0x6b4c, 0x736d, 0x8c30, 0x9cd2, 0xad34, 0xbdf7, 0xdedb, 0xef7d, 0xffdf, 0xffff, 0xffff, 0xffff, 0xffff, 0xffff, 0xffff, 0xffdf, 0xf79e, 0xe6fb, 0xce59, 0xbdd6, 0xa534, 0x8c30, 0x6b4c, 0x6b2c, 0x6b2c, 0x6b2c, 0x6b4c, 0x6b4c, 0x6b4c, 0x6b4c, 0x6b4c, 0x6b4c, 0x6b4c, 0x6b4c, 0x6b4c, 0x6b4c, 0x6b4c, 0x6b4c, 0x6b4c, 0x6b4c, 0x6b4c, 0x6b4c, 0x6b2c, 0x6b2c, 0x6b2c, 0x6b4c, 0x8c50, 0xad34, 0xbdd7, 0xce79, 0xe71c, 0xf79e, 0xffdf, 0xffff, 0xffff, 0xffff, 0xffff, 0xffff, 0xffff, 0xffff, 0xffff, 0xffff, 0xffff, 0xffff, 0xffff, 0xffff, 0xffff, 0xffff, 0xffff, 0xffff, 0xffff, 0xffff, 0xffff, 0xffff, 0xffff, 0xffff, 0xffff, 0xffff, 0xffff, 0xffff, 0xffff, 0xffff, 0xffff, 0xffff, 0xffff, 0xffff, 0xffff, 0xffff, 0xffff, 0xffff, 0xffff, 0xffff, 0xffff, 0xffff, 0xffff, 0xffff, 0xffff, 0xffff, 0xffff, 0xffff, 0xffff, 0xffff, 0xffff, 0xffff, 0xffff, 0xffff, 0xffff, 0xffff, 0xffff, 0xffff, 0xffff, 0xffff, 0xffff, 0xffff, 0xffff, 0xffff, 0xffff, 0xffff, 0xffff, 0xffff, 0xffff, 0xffff, 0xffff, 0xffff, 0xffff, 0xffff, 0xffff, 0xffff, 0xffff, 0xffff, 0xffff, 0xffff, 0xffff, 0xffff, 0xffff, 0xffff, 0xffff, 0xffff, 0xffff, 0xffff, 0xffff, 0xffff, 0xffff, 0xffff, 0xffff, 0xffff, 0xffff, 0xffff, 0xffff, 0xffff, 0xffff, 0xffff, 0xffff, 0xffff, 0xffff, 0xffff, 0xffff, 0xffff, 0xffff, 0xffff, 0xffff, 0xffff, 0xffff, 0xffff, 0xffff, 0xffff, 0xffff, 0xffff, 0xffff, 0xffff, 0xffff, 0xffff, 0xffff, 0xffff, 0xffff, 0xffff, 0xffff, 0xffff, 0xffdf, 0xf79e, 0xef5d, 0xe71c, 0xce38, 0xa514, 0x8c50, 0x738d, 0x736d, 0x6b4c, 0x6b4c, 0x6b4c, 0x6b4c, 0x6b4c, 0x6b4c, 0x6b4c, 0x6b4c, 0x6b4c, 0x6b4c, 0x6b4c, 0x6b4c, 0x6b4c, 0x6b4c, 0x6b4c, 0x6b4c, 0x6b4c, 0x6b4c, 0x6b4c, 0x6b4c, 0x6b4c, 0x6b4c, 0x6b4c, 0x6b4c, 0x6b4c, 0x6b4c, 0x6b4c, 0x6b4c, 0x6b4c, 0x6b4c, 0x6b4c, 0x6b4c, 0x6b4c, 0x6b4c, 0x6b4c, 0x6b4c, 0x6b4c, 0x6b4c, 0x6b4c, 0x6b4c, 0x6b4c, 0x6b4c, 0x6b4c, 0x6b4c, 0x6b4c, 0x6b4c, 0x6b4c, 0x6b4c, 0x6b4c, 0x6b4c, 0x6b4c, 0x6b2c, 0x6b2c, 0x6b4c, 0x738d, 0x9471, 0xad54, 0xbdd7, 0xce79, 0xe71c, 0xf79e, 0xffdf, 0xffff, 0xffff, 0xffff, 0xffff, 0xffff, 0xffff, 0xffdf, 0xf79e, 0xe6fb, 0xce59, 0xbdd6, 0xa534, 0x8c30, 0x6b4c, 0x6b2c, 0x6b2c, 0x6b2c, 0x6b4c, 0x6b4c, 0x6b4c, 0x6b4c, 0x6b4c, 0x6b4c, 0x6b4c, 0x6b4c, 0x6b4c, 0x6b4c, 0x6b4c, 0x6b4c, 0x6b4c, 0x6b4c, 0x6b4c, 0x6b4c, 0x6b2c, 0x6b2c, 0x6b2c, 0x6b4c, 0x8c50, 0xad34, 0xbdd7, 0xce79, 0xe71c, 0xf79e, 0xffdf, 0xffff, 0xffff, 0xffff, 0xffff, 0xffff, 0xffff, 0xffff, 0xffff, 0xffff, 0xffff, 0xffff, 0xffff, 0xffff, 0xffff, 0xffff, 0xffff, 0xffff, 0xffff, 0xffff, 0xffff, 0xffff, 0xffff, 0xffff, 0xffff, 0xffff, 0xffff, 0xffff, 0xffff, 0xffff, 0xffff, 0xffff, 0xffff, 0xffff, 0xffff, 0xffff, 0xffff, 0xffff, 0xffff, 0xffff, 0xffff, 0xffff, 0xffff, 0xffff, 0xffff, 0xffff, 0xffff, 0xffff, 0xffff, 0xffff, 0xffff, 0xffff, 0xffff, 0xffff, 0xffff, 0xffff, 0xffff, 0xffff, 0xffff, 0xffff, 0xffff, 0xffff, 0xffff, 0xffff, 0xffff, 0xffff, 0xffff, 0xffff, 0xffff, 0xffff, 0xffff, 0xffff, 0xffff, 0xffff, 0xffff, 0xffff, 0xffff, 0xffff, 0xffff, 0xffff, 0xffff, 0xffff, 0xffff, 0xffff, 0xffff, 0xffff, 0xffff, 0xffff, 0xffff, 0xffff, 0xffff, 0xffff, 0xffff, 0xffff, 0xffff, 0xffff, 0xffff, 0xffff, 0xffff, 0xffff, 0xffff, 0xffff, 0xffff, 0xffff, 0xffff, 0xffff, 0xffff, 0xffff, 0xffff, 0xffff, 0xffff, 0xffff, 0xffff, 0xffff, 0xffff, 0xffff, 0xffff, 0xffff, 0xffff, 0xffff, 0xffff, 0xffff, 0xffff, 0xffff, 0xffff, 0xffff, 0xffff, 0xffff, 0xffff, 0xffff, 0xdefb, 0xbdd6, 0x9cf3, 0x840f, 0x7bce, 0x736d, 0x6b4c, 0x6b2c, 0x6b2c, 0x6b4c, 0x6b4c, 0x6b4c, 0x6b4c, 0x6b4c, 0x6b4c, 0x6b4c, 0x6b4c, 0x6b4c, 0x6b4c, 0x6b4c, 0x6b4c, 0x6b4c, 0x6b4c, 0x6b4c, 0x6b4c, 0x6b4c, 0x6b4c, 0x6b4c, 0x6b4c, 0x6b4c, 0x6b4c, 0x6b4c, 0x6b4c, 0x6b4c, 0x6b4c, 0x6b4c, 0x6b4c, 0x6b4c, 0x6b4c, 0x6b4c, 0x6b4c, 0x6b4c, 0x6b4c, 0x6b4c, 0x6b4c, 0x6b4c, 0x6b4c, 0x6b4c, 0x6b4c, 0x6b4c, 0x6b4c, 0x6b4c, 0x6b4c, 0x6b4c, 0x6b4c, 0x6b4c, 0x6b2c, 0x6b0b, 0x6b2c, 0x7bae, 0xa513, 0xc638, 0xdedb, 0xef5d, 0xf79e, 0xffdf, 0xffff, 0xffff, 0xffff, 0xffff, 0xffff, 0xffff, 0xffff, 0xffdf, 0xf79e, 0xe6fb, 0xce59, 0xbdd6, 0xa534, 0x8c30, 0x6b4c, 0x6b2c, 0x6b2c, 0x6b2c, 0x6b4c, 0x6b4c, 0x6b4c, 0x6b4c, 0x6b4c, 0x6b4c, 0x6b4c, 0x6b4c, 0x6b4c, 0x6b4c, 0x6b4c, 0x6b4c, 0x6b4c, 0x6b4c, 0x6b4c, 0x6b4c, 0x6b2c, 0x6b2c, 0x6b2c, 0x6b4c, 0x8c50, 0xad34, 0xbdd7, 0xce79, 0xe71c, 0xf79e, 0xffdf, 0xffff, 0xffff, 0xffff, 0xffff, 0xffff, 0xffff, 0xffff, 0xffff, 0xffff, 0xffff, 0xffff, 0xffff, 0xffff, 0xffff, 0xffff, 0xffff, 0xffff, 0xffff, 0xffff, 0xffff, 0xffff, 0xffff, 0xffff, 0xffff, 0xffff, 0xffff, 0xffff, 0xffff, 0xffff, 0xffff, 0xffff, 0xffff, 0xffff, 0xffff, 0xffff, 0xffff, 0xffff, 0xffff, 0xffff, 0xffff, 0xffff, 0xffff, 0xffff, 0xffff, 0xffff, 0xffff, 0xffff, 0xffff, 0xffff, 0xffff, 0xffff, 0xffff, 0xffff, 0xffff, 0xffff, 0xffff, 0xffff, 0xffff, 0xffff, 0xffff, 0xffff, 0xffff, 0xffff, 0xffff, 0xffff, 0xffff, 0xffff, 0xffff, 0xffff, 0xffff, 0xffff, 0xffff, 0xffff, 0xffff, 0xffff, 0xffff, 0xffff, 0xffff, 0xffff, 0xffff, 0xffff, 0xffff, 0xffff, 0xffff, 0xffff, 0xffff, 0xffff, 0xffff, 0xffff, 0xffff, 0xffff, 0xffff, 0xffff, 0xffff, 0xffff, 0xffff, 0xffff, 0xffff, 0xffff, 0xffff, 0xffff, 0xffff, 0xffff, 0xffff, 0xffff, 0xffff, 0xffff, 0xffff, 0xffff, 0xffff, 0xffff, 0xffff, 0xffff, 0xffff, 0xffff, 0xffff, 0xffff, 0xffff, 0xffff, 0xffff, 0xffff, 0xffff, 0xffff, 0xffff, 0xffff, 0xffff, 0xffff, 0xffff, 0xffff, 0xef5c, 0xce79, 0xbdb6, 0xa534, 0x9471, 0x83cf, 0x736d, 0x6b2c, 0x6b2c, 0x6b4c, 0x6b4c, 0x6b4c, 0x6b4c, 0x6b4c, 0x6b4c, 0x6b4c, 0x6b4c, 0x6b4c, 0x6b4c, 0x6b4c, 0x6b4c, 0x6b4c, 0x6b4c, 0x6b4c, 0x6b4c, 0x6b4c, 0x6b4c, 0x6b4c, 0x6b4c, 0x6b4c, 0x6b4c, 0x6b4c, 0x6b4c, 0x6b4c, 0x6b4c, 0x6b4c, 0x6b4c, 0x6b4c, 0x6b4c, 0x6b4c, 0x6b4c, 0x6b4c, 0x6b4c, 0x6b4c, 0x6b4c, 0x6b4c, 0x6b4c, 0x6b4c, 0x6b4c, 0x6b4c, 0x6b4c, 0x6b4c, 0x6b4c, 0x6b4c, 0x6b4c, 0x6b4c, 0x734c, 0x736d, 0x7b8e, 0x8430, 0xb575, 0xd69a, 0xe73c, 0xf79e, 0xffdf, 0xffff, 0xffff, 0xffff, 0xffff, 0xffff, 0xffff, 0xffff, 0xffff, 0xffdf, 0xf79e, 0xe6fb, 0xce59, 0xbdd6, 0xa534, 0x8c30, 0x6b4c, 0x6b2c, 0x6b2c, 0x6b2c, 0x6b4c, 0x6b4c, 0x6b4c, 0x6b4c, 0x6b4c, 0x6b4c, 0x6b4c, 0x6b4c, 0x6b4c, 0x6b4c, 0x6b4c, 0x6b4c, 0x6b4c, 0x6b4c, 0x6b4c, 0x6b4c, 0x6b2c, 0x6b2c, 0x6b2c, 0x6b4c, 0x8c50, 0xad34, 0xbdd7, 0xce79, 0xe71c, 0xf79e, 0xffdf, 0xffff, 0xffff, 0xffff, 0xffff, 0xffff, 0xffff, 0xffff, 0xffff, 0xffff, 0xffff, 0xffff, 0xffff, 0xffff, 0xffff, 0xffff, 0xffff, 0xffff, 0xffff, 0xffff, 0xffff, 0xffff, 0xffff, 0xffff, 0xffff, 0xffff, 0xffff, 0xffff, 0xffff, 0xffff, 0xffff, 0xffff, 0xffff, 0xffff, 0xffff, 0xffff, 0xffff, 0xffff, 0xffff, 0xffff, 0xffff, 0xffff, 0xffff, 0xffff, 0xffff, 0xffff, 0xffff, 0xffff, 0xffff, 0xffff, 0xffff, 0xffff, 0xffff, 0xffff, 0xffff, 0xffff, 0xffff, 0xffff, 0xffff, 0xffff, 0xffff, 0xffff, 0xffff, 0xffff, 0xffff, 0xffff, 0xffff, 0xffff, 0xffff, 0xffff, 0xffff, 0xffff, 0xffff, 0xffff, 0xffff, 0xffff, 0xffff, 0xffff, 0xffff, 0xffff, 0xffff, 0xffff, 0xffff, 0xffff, 0xffff, 0xffff, 0xffff, 0xffff, 0xffff, 0xffff, 0xffff, 0xffff, 0xffff, 0xffff, 0xffff, 0xffff, 0xffff, 0xffff, 0xffff, 0xffff, 0xffff, 0xffff, 0xffff, 0xffff, 0xffff, 0xffff, 0xffff, 0xffff, 0xffff, 0xffff, 0xffff, 0xffff, 0xffff, 0xffff, 0xffff, 0xffff, 0xffff, 0xffff, 0xffff, 0xffff, 0xffff, 0xffff, 0xffff, 0xffff, 0xffff, 0xffff, 0xffff, 0xffff, 0xffff, 0xffff, 0xf7be, 0xef5d, 0xe71b, 0xdeba, 0xb596, 0x9471, 0x7bce, 0x6b2c, 0x6b2c, 0x6b4c, 0x6b4c, 0x6b4c, 0x6b4c, 0x6b4c, 0x6b4c, 0x6b4c, 0x6b4c, 0x6b4c, 0x6b4c, 0x6b4c, 0x6b4c, 0x6b4c, 0x6b4c, 0x6b4c, 0x6b4c, 0x6b4c, 0x6b4c, 0x6b4c, 0x6b4c, 0x6b4c, 0x6b4c, 0x6b4c, 0x6b4c, 0x6b4c, 0x6b4c, 0x6b4c, 0x6b4c, 0x6b4c, 0x6b4c, 0x6b4c, 0x6b4c, 0x6b4c, 0x6b4c, 0x6b4c, 0x6b4c, 0x6b4c, 0x6b4c, 0x6b4c, 0x6b4c, 0x6b4c, 0x6b4c, 0x6b4c, 0x6b2c, 0x6b2c, 0x6b2c, 0x6b4c, 0x7b8e, 0x83ef, 0x8c50, 0x9cd3, 0xc618, 0xe71c, 0xf7be, 0xffff, 0xffff, 0xffff, 0xffff, 0xffff, 0xffff, 0xffff, 0xffff, 0xffff, 0xffff, 0xffdf, 0xf79e, 0xe6fb, 0xce59, 0xbdd6, 0xa534, 0x8c30, 0x6b4c, 0x6b2c, 0x6b2c, 0x6b2c, 0x6b4c, 0x6b4c, 0x6b4c, 0x6b4c, 0x6b4c, 0x6b4c, 0x6b4c, 0x6b4c, 0x6b4c, 0x6b4c, 0x6b4c, 0x6b4c, 0x6b4c, 0x6b4c, 0x6b4c, 0x6b4c, 0x6b2c, 0x6b2c, 0x6b2c, 0x6b4c, 0x8c50, 0xad34, 0xbdd7, 0xce79, 0xe71c, 0xf79e, 0xffdf, 0xffff, 0xffff, 0xffff, 0xffff, 0xffff, 0xffff, 0xffff, 0xffff, 0xffff, 0xffff, 0xffff, 0xffff, 0xffff, 0xffff, 0xffff, 0xffff, 0xffff, 0xffff, 0xffff, 0xffff, 0xffff, 0xffff, 0xffff, 0xffff, 0xffff, 0xffff, 0xffff, 0xffff, 0xffff, 0xffff, 0xffff, 0xffff, 0xffff, 0xffff, 0xffff, 0xffff, 0xffff, 0xffff, 0xffff, 0xffff, 0xffff, 0xffff, 0xffff, 0xffff, 0xffff, 0xffff, 0xffff, 0xffff, 0xffff, 0xffff, 0xffff, 0xffff, 0xffff, 0xffff, 0xffff, 0xffff, 0xffff, 0xffff, 0xffff, 0xffff, 0xffff, 0xffff, 0xffff, 0xffff, 0xffff, 0xffff, 0xffff, 0xffff, 0xffff, 0xffff, 0xffff, 0xffff, 0xffff, 0xffff, 0xffff, 0xffff, 0xffff, 0xffff, 0xffff, 0xffff, 0xffff, 0xffff, 0xffff, 0xffff, 0xffff, 0xffff, 0xffff, 0xffff, 0xffff, 0xffff, 0xffff, 0xffff, 0xffff, 0xffff, 0xffff, 0xffff, 0xffff, 0xffff, 0xffff, 0xffff, 0xffff, 0xffff, 0xffff, 0xffff, 0xffff, 0xffff, 0xffff, 0xffff, 0xffff, 0xffff, 0xffff, 0xffff, 0xffff, 0xffff, 0xffff, 0xffff, 0xffff, 0xffff, 0xffff, 0xffff, 0xffff, 0xffff, 0xffff, 0xffff, 0xffff, 0xffff, 0xffff, 0xffff, 0xffff, 0xffdf, 0xf79e, 0xef7d, 0xef5c, 0xce59, 0xad55, 0x9cb2, 0x8c30, 0x7bce, 0x736d, 0x6b4c, 0x6b2c, 0x6b2c, 0x6b4c, 0x6b4c, 0x6b4c, 0x6b4c, 0x6b4c, 0x6b4c, 0x6b4c, 0x6b4c, 0x6b4c, 0x6b4c, 0x6b4c, 0x6b4c, 0x6b4c, 0x6b4c, 0x6b4c, 0x6b4c, 0x6b4c, 0x6b4c, 0x6b4c, 0x6b4c, 0x6b4c, 0x6b4c, 0x6b4c, 0x6b4c, 0x6b4c, 0x6b4c, 0x6b4c, 0x6b4c, 0x6b4c, 0x6b4c, 0x6b4c, 0x6b4c, 0x6b4c, 0x6b4c, 0x6b4c, 0x6b4c, 0x6b4c, 0x6b2c, 0x6b2c, 0x6b2c, 0x6b2c, 0x6b2c, 0x6b4c, 0x840f, 0x9cb2, 0xad34, 0xbdd7, 0xd6ba, 0xef7d, 0xffde, 0xffff, 0xffff, 0xffff, 0xffff, 0xffff, 0xffff, 0xffff, 0xffff, 0xffff, 0xffff, 0xffdf, 0xf79e, 0xe6fb, 0xce59, 0xbdd6, 0xa534, 0x8c30, 0x6b4c, 0x6b2c, 0x6b2c, 0x6b2c, 0x6b4c, 0x6b4c, 0x6b4c, 0x6b4c, 0x6b4c, 0x6b4c, 0x6b4c, 0x6b4c, 0x6b4c, 0x6b4c, 0x6b4c, 0x6b4c, 0x6b4c, 0x6b4c, 0x6b4c, 0x6b4c, 0x6b2c, 0x6b2c, 0x6b2c, 0x6b4c, 0x8c50, 0xad34, 0xbdd7, 0xce79, 0xe71c, 0xf79e, 0xffdf, 0xffff, 0xffff, 0xffff, 0xffff, 0xffff, 0xffff, 0xffff, 0xffff, 0xffff, 0xffff, 0xffff, 0xffff, 0xffff, 0xffff, 0xffff, 0xffff, 0xffff, 0xffff, 0xffff, 0xffff, 0xffff, 0xffff, 0xffff, 0xffff, 0xffff, 0xffff, 0xffff, 0xffff, 0xffff, 0xffff, 0xffff, 0xffff, 0xffff, 0xffff, 0xffff, 0xffff, 0xffff, 0xffff, 0xffff, 0xffff, 0xffff, 0xffff, 0xffff, 0xffff, 0xffff, 0xffff, 0xffff, 0xffff, 0xffff, 0xffff, 0xffff, 0xffff, 0xffff, 0xffff, 0xffff, 0xffff, 0xffff, 0xffff, 0xffff, 0xffff, 0xffff, 0xffff, 0xffff, 0xffff, 0xffff, 0xffff, 0xffff, 0xffff, 0xffff, 0xffff, 0xffff, 0xffff, 0xffff, 0xffff, 0xffff, 0xffff, 0xffff, 0xffff, 0xffff, 0xffff, 0xffff, 0xffff, 0xffff, 0xffff, 0xffff, 0xffff, 0xffff, 0xffff, 0xffff, 0xffff, 0xffff, 0xffff, 0xffff, 0xffff, 0xffff, 0xffff, 0xffff, 0xffff, 0xffff, 0xffff, 0xffff, 0xffff, 0xffff, 0xffff, 0xffff, 0xffff, 0xffff, 0xffff, 0xffff, 0xffff, 0xffff, 0xffff, 0xffff, 0xffff, 0xffff, 0xffff, 0xffff, 0xffff, 0xffff, 0xffff, 0xffff, 0xffff, 0xffff, 0xffff, 0xffff, 0xffff, 0xffff, 0xffff, 0xffff, 0xffff, 0xffff, 0xffff, 0xffff, 0xef5c, 0xd69a, 0xc618, 0xb596, 0x9492, 0x7bce, 0x734c, 0x630b, 0x6b0c, 0x6b2c, 0x6b4c, 0x6b4c, 0x6b4c, 0x6b4c, 0x6b4c, 0x6b4c, 0x6b4c, 0x6b4c, 0x6b4c, 0x6b4c, 0x6b4c, 0x6b4c, 0x6b4c, 0x6b4c, 0x6b4c, 0x6b4c, 0x6b4c, 0x6b4c, 0x6b4c, 0x6b4c, 0x6b4c, 0x6b4c, 0x6b4c, 0x6b4c, 0x6b4c, 0x6b4c, 0x6b4c, 0x6b4c, 0x6b4c, 0x6b4c, 0x6b4c, 0x6b4c, 0x6b4c, 0x6b4c, 0x6b4c, 0x6b2c, 0x6b2c, 0x6b2c, 0x6b0c, 0x6b0b, 0x6b2c, 0x734d, 0x9492, 0xbdb6, 0xce79, 0xe71c, 0xef7d, 0xf7be, 0xffdf, 0xffff, 0xffff, 0xffff, 0xffff, 0xffff, 0xffff, 0xffff, 0xffff, 0xffff, 0xffff, 0xffdf, 0xf79e, 0xe6fb, 0xce59, 0xbdd6, 0xa534, 0x8c30, 0x6b4c, 0x6b2c, 0x6b2c, 0x6b2c, 0x6b4c, 0x6b4c, 0x6b4c, 0x6b4c, 0x6b4c, 0x6b4c, 0x6b4c, 0x6b4c, 0x6b4c, 0x6b4c, 0x6b4c, 0x6b4c, 0x6b4c, 0x6b4c, 0x6b4c, 0x6b4c, 0x6b2c, 0x6b2c, 0x6b2c, 0x6b4c, 0x8c50, 0xad34, 0xbdd7, 0xce79, 0xe71c, 0xf79e, 0xffdf, 0xffff, 0xffff, 0xffff, 0xffff, 0xffff, 0xffff, 0xffff, 0xffff, 0xffff, 0xffff, 0xffff, 0xffff, 0xffff, 0xffff, 0xffff, 0xffff, 0xffff, 0xffff, 0xffff, 0xffff, 0xffff, 0xffff, 0xffff, 0xffff, 0xffff, 0xffff, 0xffff, 0xffff, 0xffff, 0xffff, 0xffff, 0xffff, 0xffff, 0xffff, 0xffff, 0xffff, 0xffff, 0xffff, 0xffff, 0xffff, 0xffff, 0xffff, 0xffff, 0xffff, 0xffff, 0xffff, 0xffff, 0xffff, 0xffff, 0xffff, 0xffff, 0xffff, 0xffff, 0xffff, 0xffff, 0xffff, 0xffff, 0xffff, 0xffff, 0xffff, 0xffff, 0xffff, 0xffff, 0xffff, 0xffff, 0xffff, 0xffff, 0xffff, 0xffff, 0xffff, 0xffff, 0xffff, 0xffff, 0xffff, 0xffff, 0xffff, 0xffff, 0xffff, 0xffff, 0xffff, 0xffff, 0xffff, 0xffff, 0xffff, 0xffff, 0xffff, 0xffff, 0xffff, 0xffff, 0xffff, 0xffff, 0xffff, 0xffff, 0xffff, 0xffff, 0xffff, 0xffff, 0xffff, 0xffff, 0xffff, 0xffff, 0xffff, 0xffff, 0xffff, 0xffff, 0xffff, 0xffff, 0xffff, 0xffff, 0xffff, 0xffff, 0xffff, 0xffff, 0xffff, 0xffff, 0xffff, 0xffff, 0xffff, 0xffff, 0xffff, 0xffff, 0xffff, 0xffff, 0xffff, 0xffff, 0xffff, 0xffff, 0xffff, 0xffff, 0xffff, 0xffff, 0xffff, 0xffff, 0xf79e, 0xe73c, 0xdefb, 0xd69a, 0xbdb6, 0xa4f3, 0x9491, 0x840f, 0x7bae, 0x736d, 0x6b4c, 0x6b2c, 0x6b2c, 0x6b2c, 0x6b2c, 0x6b2c, 0x6b2c, 0x6b2c, 0x6b2c, 0x6b2c, 0x6b2c, 0x6b2c, 0x6b2c, 0x6b2c, 0x6b2c, 0x6b2c, 0x6b2c, 0x6b2c, 0x6b2c, 0x6b2c, 0x6b2c, 0x6b2c, 0x6b2c, 0x6b2c, 0x6b2c, 0x6b2c, 0x6b2c, 0x6b2c, 0x6b2c, 0x6b2c, 0x6b2c, 0x6b2c, 0x6b2c, 0x6b2c, 0x6b2c, 0x6b4c, 0x734d, 0x736d, 0x7bce, 0x8c30, 0x9491, 0xa4f3, 0xbdd6, 0xd69a, 0xe71c, 0xef7d, 0xf7be, 0xffdf, 0xffff, 0xffff, 0xffff, 0xffff, 0xffff, 0xffff, 0xffff, 0xffff, 0xffff, 0xffff, 0xffff, 0xffdf, 0xf79e, 0xe6fb, 0xce59, 0xbdb6, 0xa514, 0x840f, 0x6b2c, 0x6b0b, 0x630b, 0x6b0c, 0x6b2c, 0x6b2c, 0x6b2c, 0x6b2c, 0x6b2c, 0x6b2c, 0x6b2c, 0x6b2c, 0x6b2c, 0x6b2c, 0x6b2c, 0x6b2c, 0x6b2c, 0x6b2c, 0x6b2c, 0x6b2c, 0x6b0b, 0x630b, 0x6b0b, 0x6b2c, 0x8c30, 0xad34, 0xbdd6, 0xce79, 0xe71b, 0xf79e, 0xffdf, 0xffff, 0xffff, 0xffff, 0xffff, 0xffff, 0xffff, 0xffff, 0xffff, 0xffff, 0xffff, 0xffff, 0xffff, 0xffff, 0xffff, 0xffff, 0xffff, 0xffff, 0xffff, 0xffff, 0xffff, 0xffff, 0xffff, 0xffff, 0xffff, 0xffff, 0xffff, 0xffff, 0xffff, 0xffff, 0xffff, 0xffff, 0xffff, 0xffff, 0xffff, 0xffff, 0xffff, 0xffff, 0xffff, 0xffff, 0xffff, 0xffff, 0xffff, 0xffff, 0xffff, 0xffff, 0xffff, 0xffff, 0xffff, 0xffff, 0xffff, 0xffff, 0xffff, 0xffff, 0xffff, 0xffff, 0xffff, 0xffff, 0xffff, 0xffff, 0xffff, 0xffff, 0xffff, 0xffff, 0xffff, 0xffff, 0xffff, 0xffff, 0xffff, 0xffff, 0xffff, 0xffff, 0xffff, 0xffff, 0xffff, 0xffff, 0xffff, 0xffff, 0xffff, 0xffff, 0xffff, 0xffff, 0xffff, 0xffff, 0xffff, 0xffff, 0xffff, 0xffff, 0xffff, 0xffff, 0xffff, 0xffff, 0xffff, 0xffff, 0xffff, 0xffff, 0xffff, 0xffff, 0xffff, 0xffff, 0xffff, 0xffff, 0xffff, 0xffff, 0xffff, 0xffff, 0xffff, 0xffff, 0xffff, 0xffff, 0xffff, 0xffff, 0xffff, 0xffff, 0xffff, 0xffff, 0xffff, 0xffff, 0xffff, 0xffff, 0xffff, 0xffff, 0xffff, 0xffff, 0xffff, 0xffff, 0xffff, 0xffff, 0xffff, 0xffff, 0xffff, 0xffff, 0xffff, 0xffff, 0xffff, 0xffff, 0xffff, 0xffdf, 0xe71c, 0xce79, 0xc5f7, 0xad55, 0x9471, 0x7bae, 0x6b4c, 0x630b, 0x62eb, 0x62eb, 0x62eb, 0x62eb, 0x630b, 0x630b, 0x630b, 0x6b0b, 0x6b0b, 0x6b0b, 0x6b0b, 0x6b0b, 0x6b0b, 0x6b0b, 0x6b0b, 0x6b0b, 0x6b0b, 0x6b0b, 0x6b0b, 0x6b0b, 0x6b0b, 0x6b0b, 0x6b0b, 0x6b0b, 0x6b0b, 0x6b0b, 0x6b0b, 0x6b0b, 0x630b, 0x630b, 0x62eb, 0x62eb, 0x6b2c, 0x734c, 0x738d, 0x7bae, 0x9492, 0xb595, 0xc618, 0xd6ba, 0xe73c, 0xf79e, 0xffdf, 0xffff, 0xffff, 0xffff, 0xffff, 0xffff, 0xffff, 0xffff, 0xffff, 0xffff, 0xffff, 0xffff, 0xffff, 0xffff, 0xffff, 0xffdf, 0xf79e, 0xe6fb, 0xce59, 0xbdb6, 0xa513, 0x83ef, 0x630b, 0x62eb, 0x62cb, 0x62eb, 0x6b0b, 0x6b0b, 0x6b0b, 0x6b0b, 0x6b0b, 0x6b0b, 0x6b0b, 0x6b0b, 0x6b0b, 0x6b0b, 0x6b0b, 0x6b0b, 0x6b0b, 0x6b0b, 0x6b0b, 0x6b0b, 0x62eb, 0x62cb, 0x62eb, 0x630b, 0x8410, 0xa514, 0xbdb6, 0xce59, 0xe6fb, 0xf79e, 0xffdf, 0xffff, 0xffff, 0xffff, 0xffff, 0xffff, 0xffff, 0xffff, 0xffff, 0xffff, 0xffff, 0xffff, 0xffff, 0xffff, 0xffff, 0xffff, 0xffff, 0xffff, 0xffff, 0xffff, 0xffff, 0xffff, 0xffff, 0xffff, 0xffff, 0xffff, 0xffff, 0xffff, 0xffff, 0xffff, 0xffff, 0xffff, 0xffff, 0xffff, 0xffff, 0xffff, 0xffff, 0xffff, 0xffff, 0xffff, 0xffff, 0xffff, 0xffff, 0xffff, 0xffff, 0xffff, 0xffff, 0xffff, 0xffff, 0xffff, 0xffff, 0xffff, 0xffff, 0xffff, 0xffff, 0xffff, 0xffff, 0xffff, 0xffff, 0xffff, 0xffff, 0xffff, 0xffff, 0xffff, 0xffff, 0xffff, 0xffff, 0xffff, 0xffff, 0xffff, 0xffff, 0xffff, 0xffff, 0xffff, 0xffff, 0xffff, 0xffff, 0xffff, 0xffff, 0xffff, 0xffff, 0xffff, 0xffff, 0xffff, 0xffff, 0xffff, 0xffff, 0xffff, 0xffff, 0xffff, 0xffff, 0xffff, 0xffff, 0xffff, 0xffff, 0xffff, 0xffff, 0xffff, 0xffff, 0xffff, 0xffff, 0xffff, 0xffff, 0xffff, 0xffff, 0xffff, 0xffff, 0xffff, 0xffff, 0xffff, 0xffff, 0xffff, 0xffff, 0xffff, 0xffff, 0xffff, 0xffff, 0xffff, 0xffff, 0xffff, 0xffff, 0xffff, 0xffff, 0xffff, 0xffff, 0xffff, 0xffff, 0xffff, 0xffff, 0xffff, 0xffff, 0xffff, 0xffff, 0xffff, 0xffff, 0xffff, 0xffff, 0xffdf, 0xf79e, 0xef3c, 0xe71c, 0xdeba, 0xce59, 0xc5f7, 0xbdb6, 0xb575, 0xad34, 0xa4f3, 0x9cd3, 0x9cb2, 0x9492, 0x9491, 0x9471, 0x9471, 0x9471, 0x8c51, 0x8c51, 0x8c51, 0x8c51, 0x8c51, 0x8c51, 0x8c51, 0x8c51, 0x8c51, 0x8c51, 0x8c51, 0x8c51, 0x8c51, 0x8c51, 0x8c51, 0x8c51, 0x9471, 0x9471, 0x9471, 0x9492, 0x9cb2, 0x9cd3, 0xa4f3, 0xad34, 0xb595, 0xbdd6, 0xc5f7, 0xce79, 0xdedb, 0xe71c, 0xef5d, 0xf79e, 0xffdf, 0xffff, 0xffff, 0xffff, 0xffff, 0xffff, 0xffff, 0xffff, 0xffff, 0xffff, 0xffff, 0xffff, 0xffff, 0xffff, 0xffff, 0xffff, 0xffdf, 0xf79e, 0xe73c, 0xdeba, 0xce38, 0xbdd6, 0xa513, 0x9471, 0x8c50, 0x8c50, 0x8c50, 0x8c51, 0x8c51, 0x8c51, 0x8c51, 0x8c51, 0x8c51, 0x8c51, 0x8c51, 0x8c51, 0x8c51, 0x8c51, 0x8c51, 0x8c51, 0x8c51, 0x8c51, 0x8c51, 0x8c50, 0x8c50, 0x8c50, 0x9471, 0xa534, 0xbdd7, 0xce58, 0xdeba, 0xe73c, 0xf7be, 0xffdf, 0xffff, 0xffff, 0xffff, 0xffff, 0xffff, 0xffff, 0xffff, 0xffff, 0xffff, 0xffff, 0xffff, 0xffff, 0xffff, 0xffff, 0xffff, 0xffff, 0xffff, 0xffff, 0xffff, 0xffff, 0xffff, 0xffff, 0xffff, 0xffff, 0xffff, 0xffff, 0xffff, 0xffff, 0xffff, 0xffff, 0xffff, 0xffff, 0xffff, 0xffff, 0xffff, 0xffff, 0xffff, 0xffff, 0xffff, 0xffff, 0xffff, 0xffff, 0xffff, 0xffff, 0xffff, 0xffff, 0xffff, 0xffff, 0xffff, 0xffff, 0xffff, 0xffff, 0xffff, 0xffff, 0xffff, 0xffff, 0xffff, 0xffff, 0xffff, 0xffff, 0xffff, 0xffff, 0xffff, 0xffff, 0xffff, 0xffff, 0xffff, 0xffff, 0xffff, 0xffff, 0xffff, 0xffff, 0xffff, 0xffff, 0xffff, 0xffff, 0xffff, 0xffff, 0xffff, 0xffff, 0xffff, 0xffff, 0xffff, 0xffff, 0xffff, 0xffff, 0xffff, 0xffff, 0xffff, 0xffff, 0xffff, 0xffff, 0xffff, 0xffff, 0xffff, 0xffff, 0xffff, 0xffff, 0xffff, 0xffff, 0xffff, 0xffff, 0xffff, 0xffff, 0xffff, 0xffff, 0xffff, 0xffff, 0xffff, 0xffff, 0xffff, 0xffff, 0xffff, 0xffff, 0xffff, 0xffff, 0xffff, 0xffff, 0xffff, 0xffff, 0xffff, 0xffff, 0xffff, 0xffff, 0xffff, 0xffff, 0xffff, 0xffff, 0xffff, 0xffff, 0xffff, 0xffff, 0xffff, 0xffff, 0xffff, 0xffff, 0xffff, 0xffff, 0xffff, 0xffff, 0xffff, 0xffff, 0xffff, 0xffdf, 0xf79e, 0xe73c, 0xdedb, 0xd69a, 0xce59, 0xc618, 0xbdf7, 0xbdd6, 0xbdb6, 0xb596, 0xb596, 0xb596, 0xb596, 0xb596, 0xb596, 0xb596, 0xb596, 0xb596, 0xb596, 0xb596, 0xb596, 0xb596, 0xb596, 0xb596, 0xb596, 0xb596, 0xb5b6, 0xbdd6, 0xbdd7, 0xc617, 0xce58, 0xd679, 0xdeba, 0xe71c, 0xef7d, 0xf7be, 0xffff, 0xffff, 0xffff, 0xffff, 0xffff, 0xffff, 0xffff, 0xffff, 0xffff, 0xffff, 0xffff, 0xffff, 0xffff, 0xffff, 0xffff, 0xffff, 0xffff, 0xffff, 0xffff, 0xffff, 0xffff, 0xffff, 0xffdf, 0xf7be, 0xef7d, 0xe71c, 0xdeda, 0xd679, 0xc618, 0xb5b6, 0xb596, 0xb596, 0xb596, 0xb596, 0xb596, 0xb596, 0xb596, 0xb596, 0xb596, 0xb596, 0xb596, 0xb596, 0xb596, 0xb596, 0xb596, 0xb596, 0xb596, 0xb596, 0xb596, 0xb596, 0xb596, 0xb596, 0xb5b6, 0xc618, 0xd699, 0xdedb, 0xe71c, 0xef7d, 0xf7be, 0xffdf, 0xffff, 0xffff, 0xffff, 0xffff, 0xffff, 0xffff, 0xffff, 0xffff, 0xffff, 0xffff, 0xffff, 0xffff, 0xffff, 0xffff, 0xffff, 0xffff, 0xffff, 0xffff, 0xffff, 0xffff, 0xffff, 0xffff, 0xffff, 0xffff, 0xffff, 0xffff, 0xffff, 0xffff, 0xffff, 0xffff, 0xffff, 0xffff, 0xffff, 0xffff, 0xffff, 0xffff, 0xffff, 0xffff, 0xffff, 0xffff, 0xffff, 0xffff, 0xffff, 0xffff, 0xffff, 0xffff, 0xffff, 0xffff, 0xffff, 0xffff, 0xffff, 0xffff, 0xffff, 0xffff, 0xffff, 0xffff, 0xffff, 0xffff, 0xffff, 0xffff, 0xffff, 0xffff, 0xffff, 0xffff, 0xffff, 0xffff, 0xffff, 0xffff, 0xffff, 0xffff, 0xffff, 0xffff, 0xffff, 0xffff, 0xffff, 0xffff, 0xffff, 0xffff, 0xffff, 0xffff, 0xffff, 0xffff, 0xffff, 0xffff, 0xffff, 0xffff, 0xffff, 0xffff, 0xffff, 0xffff, 0xffff, 0xffff, 0xffff, 0xffff, 0xffff, 0xffff, 0xffff, 0xffff, 0xffff, 0xffff, 0xffff, 0xffff, 0xffff, 0xffff, 0xffff, 0xffff, 0xffff, 0xffff, 0xffff, 0xffff, 0xffff, 0xffff, 0xffff, 0xffff, 0xffff, 0xffff, 0xffff, 0xffff, 0xffff, 0xffff, 0xffff, 0xffff, 0xffff, 0xffff, 0xffff, 0xffff, 0xffff, 0xffff, 0xffff, 0xffff, 0xffff, 0xffff, 0xffff, 0xffff, 0xffff, 0xffff, 0xffff, 0xffff, 0xffff, 0xffff, 0xffff, 0xffff, 0xffff, 0xffff, 0xffdf, 0xf7be, 0xf79d, 0xef7d, 0xef5d, 0xe73c, 0xe73c, 0xe71c, 0xe71c, 0xe71c, 0xe71c, 0xe71c, 0xe71c, 0xe71c, 0xe71c, 0xe71c, 0xe71c, 0xe71c, 0xe71c, 0xe71c, 0xe71c, 0xe71c, 0xe71c, 0xe71c, 0xe71c, 0xe71c, 0xe71c, 0xe71c, 0xe71c, 0xe73c, 0xef5d, 0xef5d, 0xef7d, 0xf79e, 0xffdf, 0xffdf, 0xffff, 0xffff, 0xffff, 0xffff, 0xffff, 0xffff, 0xffff, 0xffff, 0xffff, 0xffff, 0xffff, 0xffff, 0xffff, 0xffff, 0xffff, 0xffff, 0xffff, 0xffff, 0xffff, 0xffff, 0xffff, 0xffff, 0xffff, 0xffff, 0xf7be, 0xf79e, 0xef7d, 0xef5d, 0xe73c, 0xe71c, 0xe71c, 0xe71c, 0xe71c, 0xe71c, 0xe71c, 0xe71c, 0xe71c, 0xe71c, 0xe71c, 0xe71c, 0xe71c, 0xe71c, 0xe71c, 0xe71c, 0xe71c, 0xe71c, 0xe71c, 0xe71c, 0xe71c, 0xe71c, 0xe71c, 0xe71c, 0xe71c, 0xe73c, 0xef7d, 0xf77d, 0xf79e, 0xffbe, 0xffdf, 0xffff, 0xffff, 0xffff, 0xffff, 0xffff, 0xffff, 0xffff, 0xffff, 0xffff, 0xffff, 0xffff, 0xffff, 0xffff, 0xffff, 0xffff, 0xffff, 0xffff, 0xffff, 0xffff, 0xffff, 0xffff, 0xffff, 0xffff, 0xffff, 0xffff, 0xffff, 0xffff, 0xffff, 0xffff, 0xffff, 0xffff, 0xffff, 0xffff, 0xffff, 0xffff, 0xffff, 0xffff, 0xffff, 0xffff, 0xffff, 0xffff, 0xffff, 0xffff, 0xffff, 0xffff, 0xffff, 0xffff, 0xffff, 0xffff, 0xffff, 0xffff, 0xffff, 0xffff, 0xffff, 0xffff, 0xffff, 0xffff, 0xffff, 0xffff, 0xffff, 0xffff, 0xffff, 0xffff, 0xffff, 0xffff, 0xffff, 0xffff, 0xffff, 0xffff, 0xffff, 0xffff, 0xffff, 0xffff, 0xffff, 0xffff, 0xffff, 0xffff, 0xffff, 0xffff, 0xffff, 0xffff, 0xffff, 0xffff, 0xffff, 0xffff, 0xffff, 0xffff, 0xffff, 0xffff, 0xffff, 0xffff, 0xffff, 0xffff, 0xffff, 0xffff, 0xffff, 0xffff, 0xffff, 0xffff, 0xffff, 0xffff, 0xffff, 0xffff, 0xffff, 0xffff, 0xffff, 0xffff, 0xffff, 0xffff, 0xffff, 0xffff, 0xffff, 0xffff, 0xffff, 0xffff, 0xffff, 0xffff, 0xffff, 0xffff, 0xffff, 0xffff, 0xffff, 0xffff, 0xffff, 0xffff, 0xffff, 0xffff, 0xffff, 0xffff, 0xffff, 0xffff, 0xffff, 0xffff, 0xffff, 0xffff, 0xffff, 0xffff, 0xffff, 0xffff, 0xffff, 0xffff, 0xffff, 0xffff, 0xffff, 0xffff, 0xffff, 0xffff, 0xffff, 0xffff, 0xffff, 0xffff, 0xffff, 0xffff, 0xffff, 0xffff, 0xffff, 0xffff, 0xffff, 0xffff, 0xffff, 0xffff, 0xffff, 0xffff, 0xffff, 0xffff, 0xffff, 0xffff, 0xffff, 0xffff, 0xffff, 0xffff, 0xffff, 0xffff, 0xffff, 0xffff, 0xffff, 0xffff, 0xffff, 0xffff, 0xffff, 0xffff, 0xffff, 0xffff, 0xffff, 0xffff, 0xffff, 0xffff, 0xffff, 0xffff, 0xffff, 0xffff, 0xffff, 0xffff, 0xffff, 0xffff, 0xffff, 0xffff, 0xffff, 0xffff, 0xffff, 0xffff, 0xffff, 0xffff, 0xffff, 0xffff, 0xffff, 0xffff, 0xffff, 0xffff, 0xffff, 0xffff, 0xffff, 0xffff, 0xffff, 0xffff, 0xffff, 0xffff, 0xffff, 0xffff, 0xffff, 0xffff, 0xffff, 0xffff, 0xffff, 0xffff, 0xffff, 0xffff, 0xffff, 0xffff, 0xffff, 0xffff, 0xffff, 0xffff, 0xffff, 0xffff, 0xffff, 0xffff, 0xffff, 0xffff, 0xffff, 0xffff, 0xffff, 0xffff, 0xffff, 0xffff, 0xffff, 0xffff, 0xffff, 0xffff, 0xffff, 0xffff, 0xffff, 0xffff, 0xffff, 0xffff, 0xffff, 0xffff, 0xffff, 0xffff, 0xffff, 0xffff, 0xffff, 0xffff, 0xffff, 0xffff, 0xffff, 0xffff, 0xffff, 0xffff, 0xffff, 0xffff, 0xffff, 0xffff, 0xffff, 0xffff, 0xffff, 0xffff, 0xffff, 0xffff, 0xffff, 0xffff, 0xffff, 0xffff, 0xffff, 0xffff, 0xffff, 0xffff, 0xffff, 0xffff, 0xffff, 0xffff, 0xffff, 0xffff, 0xffff, 0xffff, 0xffff, 0xffff, 0xffff, 0xffff, 0xffff, 0xffff, 0xffff, 0xffff, 0xffff, 0xffff, 0xffff, 0xffff, 0xffff, 0xffff, 0xffff, 0xffff, 0xffff, 0xffff, 0xffff, 0xffff, 0xffff, 0xffff, 0xffff, 0xffff, 0xffff, 0xffff, 0xffff, 0xffff, 0xffff, 0xffff, 0xffff, 0xffff, 0xffff, 0xffff, 0xffff, 0xffff, 0xffff, 0xffff, 0xffff, 0xffff, 0xffff, 0xffff, 0xffff, 0xffff, 0xffff, 0xffff, 0xffff, 0xffff, 0xffff, 0xffff, 0xffff, 0xffff, 0xffff, 0xffff, 0xffff, 0xffff, 0xffff, 0xffff, 0xffff, 0xffff, 0xffff, 0xffff, 0xffff, 0xffff, 0xffff, 0xffff, 0xffff, 0xffff, 0xffff, 0xffff, 0xffff, 0xffff, 0xffff, 0xffff, 0xffff, 0xffff, 0xffff, 0xffff, 0xffff, 0xffff, 0xffff, 0xffff, 0xffff, 0xffff, 0xffff, 0xffff, 0xffff, 0xffff, 0xffff, 0xffff, 0xffff, 0xffff, 0xffff, 0xffff, 0xffff, 0xffff, 0xffff, 0xffff, 0xffff, 0xffff, 0xffff, 0xffff, 0xffff, 0xffff, 0xffff, 0xffff, 0xffff, 0xffff, 0xffff, 0xffff, 0xffff, 0xffff, 0xffff, 0xffff, 0xffff, 0xffff, 0xffff, 0xffff, 0xffff, 0xffff, 0xffff, 0xffff, 0xffff, 0xffff, 0xffff, 0xffff, 0xffff, 0xffff, 0xffff, 0xffff, 0xffff, 0xffff, 0xffff, 0xffff, 0xffff, 0xffff, 0xffff, 0xffff, 0xffff, 0xffff, 0xffff, 0xffff, 0xffff, 0xffff, 0xffff, 0xffff, 0xffff, 0xffff, 0xffff, 0xffff, 0xffff, 0xffff, 0xffff, 0xffff, 0xffff, 0xffff, 0xffff, 0xffff, 0xffff, 0xffff, 0xffff, 0xffff, 0xffff, 0xffff, 0xffff, 0xffff, 0xffff, 0xffff, 0xffff, 0xffff, 0xffff, 0xffff, 0xffff, 0xffff, 0xffff, 0xffff, 0xffff, 0xffff, 0xffff, 0xffff, 0xffff, 0xffff, 0xffff, 0xffff, 0xffff, 0xffff, 0xffff, 0xffff, 0xffff, 0xffff, 0xffff, 0xffff, 0xffff, 0xffff, 0xffff, 0xffff, 0xffff, 0xffff, 0xffff, 0xffff, 0xffff, 0xffff, 0xffff, 0xffff, 0xffff, 0xffff, 0xffff, 0xffff, 0xffff, 0xffff, 0xffff, 0xffff, 0xffff, 0xffff, 0xffff, 0xffff, 0xffff, 0xffff, 0xffff, 0xffff, 0xffff, 0xffff, 0xffff, 0xffff, 0xffff, 0xffff, 0xffff, 0xffff, 0xffff, 0xffff, 0xffff, 0xffff, 0xffff, 0xffff, 0xffff, 0xffff, 0xffff, 0xffff, 0xffff, 0xffff, 0xffff, 0xffff, 0xffff, 0xffff, 0xffff, 0xffff, 0xffff, 0xffff, 0xffff, 0xffff, 0xffff, 0xffff, 0xffff, 0xffff, 0xffff, 0xffff, 0xffff, 0xffff, 0xffff, 0xffff, 0xffff, 0xffff, 0xffff, 0xffff, 0xffff, 0xffff, 0xffff, 0xffff, 0xffff, 0xffff, 0xffff, 0xffff, 0xffff, 0xffff, 0xffff, 0xffff, 0xffff, 0xffff, 0xffff, 0xffff, 0xffff, 0xffff, 0xffff, 0xffff, 0xffff, 0xffff, 0xffff, 0xffff, 0xffff, 0xffff, 0xffff, 0xffff, 0xffff, 0xffff, 0xffff, 0xffff, 0xffff, 0xffff, 0xffff, 0xffff, 0xffff, 0xffff, 0xffff, 0xffff, 0xffff, 0xffff, 0xffff, 0xffff, 0xffff, 0xffff, 0xffff, 0xffff, 0xffff, 0xffff, 0xffff, 0xffff, 0xffff, 0xffff, 0xffff, 0xffff, 0xffff, 0xffff, 0xffff, 0xffff, 0xffff, 0xffff, 0xffff, 0xffff, 0xffff, 0xffff, 0xffff, 0xffff, 0xffff, 0xffff, 0xffff, 0xffff, 0xffff, 0xffff, 0xffff, 0xffff, 0xffff, 0xffff, 0xffff, 0xffff, 0xffff, 0xffff, 0xffff, 0xffff, 0xffff, 0xffff, 0xffff, 0xffff, 0xffff, 0xffff, 0xffff, 0xffff, 0xffff, 0xffff, 0xffff, 0xffff, 0xffff, 0xffff, 0xffff, 0xffff, 0xffff, 0xffff, 0xffff, 0xffff, 0xffff, 0xffff, 0xffff, 0xffff, 0xffff, 0xffff, 0xffff, 0xffff, 0xffff, 0xffff, 0xffff, 0xffff, 0xffff, 0xffff, 0xffff, 0xffff, 0xffff, 0xffff, 0xffff, 0xffff, 0xffff, 0xffff, 0xffff, 0xffff, 0xffff, 0xffff, 0xffff, 0xffff, 0xffff, 0xffff, 0xffff, 0xffff, 0xffff, 0xffff, 0xffff, 0xffff, 0xffff, 0xffff, 0xffff, 0xffff, 0xffff, 0xffff, 0xffff, 0xffff, 0xffff, 0xffff, 0xffff, 0xffff, 0xffff, 0xffff, 0xffff, 0xffff, 0xffff, 0xffff, 0xffff, 0xffff, 0xffff, 0xffff, 0xffff, 0xffff, 0xffff, 0xffff, 0xffff, 0xffff, 0xffff, 0xffff, 0xffff, 0xffff, 0xffff, 0xffff, 0xffff, 0xffff, 0xffff, 0xffff, 0xffff, 0xffff, 0xffff, 0xffff, 0xffff, 0xffff, 0xffff, 0xffff, 0xffff, 0xffff, 0xffff, 0xffff, 0xffff, 0xffff, 0xffff, 0xffff, 0xffff, 0xffff, 0xffff, 0xffff, 0xffff, 0xffff, 0xffff, 0xffff, 0xffff, 0xffff, 0xffff, 0xffff, 0xffff, 0xffff, 0xffff, 0xffff, 0xffff, 0xffff, 0xffff, 0xffff, 0xffff, 0xffff, 0xffff, 0xffff, 0xffff, 0xffff, 0xffff, 0xffff, 0xffff, 0xffff, 0xffff, 0xffff, 0xffff, 0xffff, 0xffff, 0xffff, 0xffff, 0xffff, 0xffff, 0xffff, 0xffff, 0xffff, 0xffff, 0xffff, 0xffff, 0xffff, 0xffff, 0xffff, 0xffff, 0xffff, 0xffff, 0xffff, 0xffff, 0xffff, 0xffff, 0xffff, 0xffff, 0xffff, 0xffff, 0xffff, 0xffff, 0xffff, 0xffff, 0xffff, 0xffff, 0xffff, 0xffff, 0xffff, 0xffff, 0xffff, 0xffff, 0xffff, 0xffff, 0xffff, 0xffff, 0xffff, 0xffff, 0xffff, 0xffff, 0xffff, 0xffff, 0xffff, 0xffff, 0xffff, 0xffff, 0xffff, 0xffff, 0xffff, 0xffff, 0xffff, 0xffff, 0xffff, 0xffff, 0xffff, 0xffff, 0xffff, 0xffff, 0xffff, 0xffff, 0xffff, 0xffff, 0xffff, 0xffff, 0xffff, 0xffff, 0xffff, 0xffff, 0xffff, 0xffff, 0xffff, 0xffff, 0xffff, 0xffff, 0xffff, 0xffff, 0xffff, 0xffff, 0xffff, 0xffff, 0xffff, 0xffff, 0xffff, 0xffff, 0xffff, 0xffff, 0xffff, 0xffff, 0xffff, 0xffff, 0xffff, 0xffff, 0xffff, 0xffff, 0xffff, 0xffff, 0xffff, 0xffff, 0xffff, 0xffff, 0xffff, 0xffff, 0xffff, 0xffff, 0xffff, 0xffff, 0xffff, 0xffff, 0xffff, 0xffff, 0xffff, 0xffff, 0xffff, 0xffff, 0xffff, 0xffff, 0xffff, 0xffff, 0xffff, 0xffff, 0xffff, 0xffff, 0xffff, 0xffff, 0xffff, 0xffff, 0xffff, 0xffff, 0xffff, 0xffff, 0xffff, 0xffff, 0xffff, 0xffff, 0xffff, 0xffff, 0xffff, 0xffff, 0xffff, 0xffff, 0xffff, 0xffff, 0xffff, 0xffff, 0xffff, 0xffff, 0xffff, 0xffff, 0xffff, 0xffff, 0xffff, 0xffff, 0xffff, 0xffff, 0xffff, 0xffff, 0xffff, 0xffff, 0xffff, 0xffff, 0xffff, 0xffff, 0xffff, 0xffff, 0xffff, 0xffff, 0xffff, 0xffff, 0xffff, 0xffff, 0xffff, 0xffff, 0xffff, 0xffff, 0xffff, 0xffff, 0xffff, 0xffff, 0xffff, 0xffff, 0xffff, 0xffff, 0xffff, 0xffff, 0xffff, 0xffff, 0xffff, 0xffff, 0xffff, 0xffff, 0xffff, 0xffff, 0xffff, 0xffff, 0xffff, 0xffff, 0xffff, 0xffff, 0xffff, 0xffff, 0xffff, 0xffff, 0xffff, 0xffff, 0xffff, 0xffff, 0xffff, 0xffff, 0xffff, 0xffff, 0xffff, 0xffff, 0xffff, 0xffff, 0xffff, 0xffff, 0xffff, 0xffff, 0xffff, 0xffff, 0xffff, 0xffff, 0xffff, 0xffff, 0xffff, 0xffff, 0xffff, 0xffff, 0xffff, 0xffff, 0xffff, 0xffff, 0xffff, 0xffff, 0xffff, 0xffff, 0xffff, 0xffff, 0xffff, 0xffff, 0xffff, 0xffff, 0xffff, 0xffff, 0xffff, 0xffff, 0xffff, 0xffff, 0xffff, 0xffff, 0xffff, 0xffff, 0xffff, 0xffff, 0xffff, 0xffff, 0xffff, 0xffff, 0xffff, 0xffff, 0xffff, 0xffff, 0xffff, 0xffff, 0xffff, 0xffff, 0xffff, 0xffff, 0xffff, 0xffff, 0xffff, 0xffff, 0xffff, 0xffff, 0xffff, 0xffff, 0xffff, 0xffff, 0xffff, 0xffff, 0xffff, 0xffff, 0xffff, 0xffff, 0xffff, 0xffff, 0xffff, 0xffff, 0xffff, 0xffff, 0xffff, 0xffff, 0xffff, 0xffff, 0xffff, 0xffff, 0xffff, 0xffff, 0xffff, 0xffff, 0xffff, 0xffff, 0xffff, 0xffff, 0xffff, 0xffff, 0xffff, 0xffff, 0xffff, 0xffff, 0xffff, 0xffff, 0xffff, 0xffff, 0xffff, 0xffff, 0xffff, 0xffff, 0xffff, 0xffff, 0xffff, 0xffff, 0xffff, 0xffff, 0xffff, 0xffff, 0xffff, 0xffff, 0xffff, 0xffff, 0xffff, 0xffff, 0xffff, 0xffff, 0xffff, 0xffff, 0xffff, 0xffff, 0xffff, 0xffff, 0xffff, 0xffff, 0xffff, 0xffff, 0xffff, 0xffff, 0xffff, 0xffff, 0xffff, 0xffff, 0xffff, 0xffff, 0xffff, 0xffff, 0xffff, 0xffff, 0xffff, 0xffff, 0xffff, 0xffff, 0xffff, 0xffff, 0xffff, 0xffff, 0xffff, 0xffff, 0xffff, 0xffff, 0xffff, 0xffff, 0xffff, 0xffff, 0xffff, 0xffff, 0xffff, 0xffff, 0xffff, 0xffff, 0xffff, 0xffff, 0xffff, 0xffff, 0xffff, 0xffff, 0xffff, 0xffff, 0xffff, 0xffff, 0xffff, 0xffff, 0xffff, 0xffff, 0xffff, 0xffff, 0xffff, 0xffff, 0xffff, 0xffff, 0xffff, 0xffff, 0xffff, 0xffff, 0xffff, 0xffff, 0xffff, 0xffff, 0xffff, 0xffff, 0xffff, 0xffff, 0xffff, 0xffff, 0xffff, 0xffff, 0xffff, 0xffff, 0xffff, 0xffff, 0xffff, 0xffff, 0xffff, 0xffff, 0xffff, 0xffff, 0xffff, 0xffff, 0xffff, 0xffff, 0xffff, 0xffff, 0xffff, 0xffff, 0xffff, 0xffff, 0xffff, 0xffff, 0xffff, 0xffff, 0xffff, 0xffff, 0xffff, 0xffff, 0xffff, 0xffff, 0xffff, 0xffff, 0xffff, 0xffff, 0xffff, 0xffff, 0xffff, 0xffff, 0xffff, 0xffff, 0xffff, 0xffff, 0xffff, 0xffff, 0xffff, 0xffff, 0xffff, 0xffff, 0xffff, 0xffff, 0xffff, 0xffff, 0xffff, 0xffff, 0xffff, 0xffff, 0xffff, 0xffff, 0xffff, 0xffff, 0xffff, 0xffff, 0xffff, 0xffff, 0xffff, 0xffff, 0xffff, 0xffff, 0xffff, 0xffff, 0xffff, 0xffff, 0xffff, 0xffff, 0xffff, 0xffff, 0xffff, 0xffff, 0xffff, 0xffff, 0xffff, 0xffff, 0xffff, 0xffff, 0xffff, 0xffff, 0xffff, 0xffff, 0xffff, 0xffff, 0xffff, 0xffff, 0xffff, 0xffff, 0xffff, 0xffff, 0xffff, 0xffff, 0xffff, 0xffff, 0xffff, 0xffff, 0xffff, 0xffff, 0xffff, 0xffff, 0xffff, 0xffff, 0xffff, 0xffff, 0xffff, 0xffff, 0xffff, 0xffff, 0xffff, 0xffff, 0xffff, 0xffff, 0xffff, 0xffff, 0xffff, 0xffff, 0xffff, 0xffff, 0xffff, 0xffff, 0xffff, 0xffff, 0xffff, 0xffff, 0xffff, 0xffff, 0xffff, 0xffff, 0xffff, 0xffff, 0xffff, 0xffff, 0xffff, 0xffff, 0xffff, 0xffff, 0xffff, 0xffff, 0xffff, 0xffff, 0xffff, 0xffff, 0xffff, 0xffff, 0xffff, 0xffff, 0xffff, 0xffff, 0xffff, 0xffff, 0xffff, 0xffff, 0xffff, 0xffff, 0xffff, 0xffff, 0xffff, 0xffff, 0xffff, 0xffff, 0xffff, 0xffff, 0xffff, 0xffff, 0xffff, 0xffff, 0xffff, 0xffff, 0xffff, 0xffff, 0xffff, 0xffff, 0xffff, 0xffff, 0xffff, 0xffff, 0xffff, 0xffff, 0xffff, 0xffff, 0xffff, 0xffff, 0xffff, 0xffff, 0xffff, 0xffff, 0xffff, 0xffff, 0xffff, 0xffff, 0xffff, 0xffff, 0xffff, 0xffff, 0xffff, 0xffff, 0xffff, 0xffff, 0xffff, 0xffff, 0xffff, 0xffff, 0xffff, 0xffff, 0xffff, 0xffff, 0xffff, 0xffff, 0xffff, 0xffff, 0xffff, 0xffff, 0xffff, 0xffff, 0xffff, 0xffff, 0xffff, 0xffff, 0xffff, 0xffff, 0xffff, 0xffff, 0xffff, 0xffff, 0xffff, 0xffff, 0xffff, 0xffff, 0xffff, 0xffff, 0xffff, 0xffff, 0xffff, 0xffff, 0xffff, 0xffff, 0xffff, 0xffff, 0xffff, 0xffff, 0xffff, 0xffff, 0xffff, 0xffff, 0xffff, 0xffff, 0xffff, 0xffff, 0xffff, 0xffff, 0xffff, 0xffff, 0xffff, 0xffff, 0xffff, 0xffff, 0xffff, 0xffff, 0xffff, 0xffff, 0xffff, 0xffff, 0xffff, 0xffff, 0xffff, 0xffff, 0xffff, 0xffff, 0xffff, 0xffff, 0xffff, 0xffff, 0xffff, 0xffff, 0xffff, 0xffff, 0xffff, 0xffff, 0xffff, 0xffff, 0xffff, 0xffff, 0xffff, 0xffff, 0xffff, 0xffff, 0xffff, 0xffff, 0xffff, 0xffff, 0xffff, 0xffff, 0xffff, 0xffff, 0xffff, 0xffff, 0xffff, 0xffff, 0xffff, 0xffff, 0xffff, 0xffff, 0xffff, 0xffff, 0xffff, 0xffff, 0xffff, 0xffff, 0xffff, 0xffff, 0xffff, 0xffff, 0xffff, 0xffff, 0xffff, 0xffff, 0xffff, 0xffff, 0xffff, 0xffff, 0xffff, 0xffff, 0xffff, 0xffff, 0xffff, 0xffff, 0xffff, 0xffff, 0xffff, 0xffff, 0xffff, 0xffff, 0xffff, 0xffff, 0xffff, 0xffff, 0xffff, 0xffff, 0xffff, 0xffff, 0xffff, 0xffff, 0xffff, 0xffff, 0xffff, 0xffff, 0xffff, 0xffff, 0xffff, 0xffff, 0xffff, 0xffff, 0xffff, 0xffff, 0xffff, 0xffff, 0xffff, 0xffff, 0xffff, 0xffff, 0xffff, 0xffff, 0xffff, 0xffff, 0xffff, 0xffff, 0xffff, 0xffff, 0xffff, 0xffff, 0xffff, 0xffff, 0xffff, 0xffff, 0xffff, 0xffff, 0xffff, 0xffff, 0xffff, 0xffff, 0xffff, 0xffff, 0xffff, 0xffff, 0xffff, 0xffff, 0xffff, 0xffff, 0xffff, 0xffff, 0xffff, 0xffff, 0xffff, 0xffff, 0xffff, 0xffff, 0xffff, 0xffff, 0xffff, 0xffff, 0xffff, 0xffff, 0xffff, 0xffff, 0xffff, 0xffff, 0xffff, 0xffff, 0xffff, 0xffff, 0xffff, 0xffff, 0xffff, 0xffff, 0xffff, 0xffff, 0xffff, 0xffff, 0xffff, 0xffff, 0xffff, 0xffff, 0xffff, 0xffff, 0xffff, 0xffff, 0xffff, 0xffff, 0xffff, 0xffff, 0xffff, 0xffff, 0xffff, 0xffff, 0xffff, 0xffff, 0xffff, 0xffff, 0xffff, 0xffff, 0xffff, 0xffff, 0xffff, 0xffff, 0xffff, 0xffff, 0xffff, 0xffff, 0xffff, 0xffff, 0xffff, 0xffff, 0xffff, 0xffff, 0xffff, 0xffff, 0xffff, 0xffff, 0xffff, 0xffff, 0xffff, 0xffff, 0xffff, 0xffff, 0xffff, 0xffff, 0xffff, 0xffff, 0xffff, 0xffff, 0xffff, 0xffff, 0xffff, 0xffff, 0xffff, 0xffff, 0xffff, 0xffff, 0xffff, 0xffff, 0xffff, 0xffff, 0xffff, 0xffff, 0xffff, 0xffff, 0xffff, 0xffff, 0xffff, 0xffff, 0xffff, 0xffff, 0xffff, 0xffff, 0xffff, 0xffff, 0xffff, 0xffff, 0xffff, 0xffff, 0xffff, 0xffff, 0xffff, 0xffff, 0xffff, 0xffff, 0xffff, 0xffff, 0xffff, 0xffff, 0xffff, 0xffff, 0xffff, 0xffff, 0xffff, 0xffff, 0xffff, 0xffff, 0xffff, 0xffff, 0xffff, 0xffff, 0xffff, 0xffff, 0xffff, 0xffff, 0xffff, 0xffff, 0xffff, 0xffff, 0xffff, 0xffff, 0xffff, 0xffff, 0xffff, 0xffff, 0xffff, 0xffff, 0xffff, 0xffff, 0xffff, 0xffff, 0xffff, 0xffff, 0xffff, 0xffff, 0xffff, 0xffff, 0xffff, 0xffff, 0xffff, 0xffff, 0xffff, 0xffff, 0xffff, 0xffff, 0xffff, 0xffff, 0xffff, 0xffff, 0xffff, 0xffff, 0xffff, 0xffff, 0xffff, 0xffff, 0xffff, 0xffff, 0xffff, 0xffff, 0xffff, 0xffff, 0xffff, 0xffff, 0xffff, 0xffff, 0xffff, 0xffff, 0xffff, 0xffff, 0xffff, 0xffff, 0xffff, 0xffff, 0xffff, 0xffff, 0xffff, 0xffff, 0xffff, 0xffff, 0xffff, 0xffff, 0xffff, 0xffff, 0xffff, 0xffff, 0xffff, 0xffff, 0xffff, 0xffff, 0xffff, 0xffff, 0xffff, 0xffff, 0xffff, 0xffff, 0xffff, 0xffff, 0xffff, 0xffff, 0xffff, 0xffff, 0xffff, 0xffff, 0xffff, 0xffff, 0xffff, 0xffff, 0xffff, 0xffff, 0xffff, 0xffff, 0xffff, 0xffff, 0xffff, 0xffff, 0xffff, 0xffff, 0xffff, 0xffff, 0xffff, 0xffff, 0xffff, 0xffff, 0xffff, 0xffff, 0xffff, 0xffff, 0xffff, 0xffff, 0xffff, 0xffff, 0xffff, 0xffff, 0xffff, 0xffff, 0xffff, 0xffff, 0xffff, 0xffff, 0xffff, 0xffff, 0xffff, 0xffff, 0xffff, 0xffff, 0xffff, 0xffff, 0xffff, 0xffff, 0xffff, 0xffff, 0xffff, 0xffff, 0xffff, 0xffff, 0xffff, 0xffff, 0xffff, 0xffff, 0xffff, 0xffff, 0xffff, 0xffff, 0xffff, 0xffff, 0xffff, 0xffff, 0xffff, 0xffff, 0xffff, 0xffff, 0xffff, 0xffff, 0xffff, 0xffff, 0xffff, 0xffff, 0xffff, 0xffff, 0xffff, 0xffff, 0xffff, 0xffff, 0xffff, 0xffff, 0xffff, 0xffff, 0xffff, 0xffff, 0xffff, 0xffff, 0xffff, 0xffff, 0xffff, 0xffff, 0xffff, 0xffff, 0xffff, 0xffff, 0xffff, 0xffff, 0xffff, 0xffff, 0xffff, 0xffff, 0xffff, 0xffff, 0xffff, 0xffff, 0xffff, 0xffff, 0xffff, 0xffff, 0xffff, 0xffff, 0xffff, 0xffff, 0xffff, 0xffff, 0xffff, 0xffff, 0xffff, 0xffff, 0xffff, 0xffff, 0xffff, 0xffff, 0xffff, 0xffff, 0xffff, 0xffff, 0xffff, 0xffff, 0xffff, 0xffff, 0xffff, 0xffff, 0xffff, 0xffff, 0xffff, 0xffff, 0xffff, 0xffff, 0xffff, 0xffff, 0xffff, 0xffff, 0xffff, 0xffff, 0xffff, 0xffff, 0xffff, 0xffff, 0xffff, 0xffff, 0xffff, 0xffff, 0xffff, 0xffff, 0xffff, 0xffff, 0xffff, 0xffff, 0xffff, 0xffff, 0xffff, 0xffff, 0xffff, 0xffff, 0xffff, 0xffff, 0xffff, 0xffff, 0xffff, 0xffff, 0xffff, 0xffff, 0xffff, 0xffff, 0xffff, 0xffff, 0xffff, 0xffff, 0xffff, 0xffff, 0xffff, 0xffff, 0xffff, 0xffff, 0xffff, 0xffff, 0xffff, 0xffff, 0xffff, 0xffff, 0xffff, 0xffff, 0xffff, 0xffff, 0xffff, 0xffff, 0xffff, 0xffff, 0xffff, 0xffff, 0xffff, 0xffff, 0xffff, 0xffff, 0xffff, 0xffff, 0xffff, 0xffff, 0xffff, 0xffff, 0xffff, 0xffff, 0xffff, 0xffff, 0xffff, 0xffff, 0xffff, 0xffff, 0xffff, 0xffff, 0xffff, 0xffff, 0xffff, 0xffff, 0xffff, 0xffff, 0xffff, 0xffff, 0xffff, 0xffff, 0xffff, 0xffff, 0xffff, 0xffff, 0xffdf, 0xf7be, 0xf79e, 0xf77d, 0xef5d, 0xe73c, 0xe73c, 0xe71c, 0xdefb, 0xdefb, 0xdedb, 0xdedb, 0xdeda, 0xdeda, 0xdeda, 0xdeda, 0xdeda, 0xdeda, 0xdeda, 0xdeda, 0xdeda, 0xdeda, 0xdeda, 0xdeda, 0xdeda, 0xdeda, 0xdeda, 0xdeda, 0xdeda, 0xdeda, 0xdeda, 0xdeda, 0xdeda, 0xdeda, 0xdeda, 0xdeda, 0xdeda, 0xdeda, 0xdeda, 0xdeda, 0xdeda, 0xdeda, 0xdeda, 0xdeda, 0xdeda, 0xdeba, 0xdeba, 0xdeba, 0xd6ba, 0xd6ba, 0xdeba, 0xdefb, 0xef3c, 0xef7d, 0xf79e, 0xffde, 0xffdf, 0xffff, 0xffff, 0xffff, 0xffff, 0xffff, 0xffff, 0xffdf, 0xf7bf, 0xef5f, 0xe71f, 0xd69f, 0xc63f, 0xc63f, 0xc63f, 0xce3f, 0xce5f, 0xd69f, 0xdebf, 0xdedf, 0xe71f, 0xef5f, 0xf79f, 0xf7bf, 0xffdf, 0xffdf, 0xffff, 0xffff, 0xffff, 0xffff, 0xffff, 0xffff, 0xffff, 0xffff, 0xffff, 0xffff, 0xffff, 0xffff, 0xffff, 0xffff, 0xffff, 0xffff, 0xffff, 0xffff, 0xffff, 0xffff, 0xffff, 0xffff, 0xffff, 0xffff, 0xffff, 0xffff, 0xffff, 0xffff, 0xffff, 0xffff, 0xffff, 0xffff, 0xffff, 0xffff, 0xffff, 0xffff, 0xffff, 0xffff, 0xffff, 0xffff, 0xffff, 0xffff, 0xffff, 0xffff, 0xffff, 0xffff, 0xffff, 0xffff, 0xffff, 0xffff, 0xffff, 0xffff, 0xffff, 0xffff, 0xffff, 0xffff, 0xffff, 0xffff, 0xffff, 0xffff, 0xffff, 0xffff, 0xffff, 0xffff, 0xffff, 0xffff, 0xffff, 0xffff, 0xffff, 0xffff, 0xffff, 0xffff, 0xffff, 0xffff, 0xffff, 0xffff, 0xffff, 0xffff, 0xffff, 0xffff, 0xffff, 0xffff, 0xffff, 0xffff, 0xffff, 0xffff, 0xffff, 0xffff, 0xffff, 0xffff, 0xffff, 0xffff, 0xffff, 0xffff, 0xffff, 0xffff, 0xffff, 0xffff, 0xffff, 0xffff, 0xffff, 0xffff, 0xffff, 0xffff, 0xffff, 0xffff, 0xffff, 0xffff, 0xffff, 0xffff, 0xffff, 0xffff, 0xffff, 0xffff, 0xffff, 0xffff, 0xffff, 0xffff, 0xffff, 0xffff, 0xffff, 0xffff, 0xffff, 0xffff, 0xffff, 0xffff, 0xffff, 0xffff, 0xffff, 0xffff, 0xffff, 0xffff, 0xffff, 0xffff, 0xffff, 0xffff, 0xffff, 0xffff, 0xffff, 0xffff, 0xffff, 0xffff, 0xffff, 0xffff, 0xffff, 0xffff, 0xffff, 0xffff, 0xffff, 0xffff, 0xffff, 0xffff, 0xffff, 0xffff, 0xffff, 0xffff, 0xffff, 0xffdf, 0xef5d, 0xdedb, 0xd69a, 0xce38, 0xb5b6, 0xad34, 0xa4f3, 0x9cb2, 0x8c50, 0x840f, 0x83ef, 0x7bae, 0x738d, 0x738d, 0x736d, 0x736d, 0x736d, 0x736d, 0x736d, 0x736d, 0x736d, 0x736d, 0x736d, 0x736d, 0x736d, 0x736d, 0x736d, 0x736d, 0x736d, 0x736d, 0x736d, 0x736d, 0x736d, 0x736d, 0x736d, 0x736d, 0x736d, 0x736d, 0x736d, 0x736d, 0x736d, 0x736d, 0x736d, 0x736d, 0x736d, 0x736d, 0x736d, 0x736d, 0x734c, 0x6b4c, 0x736d, 0x840f, 0xad34, 0xc618, 0xd6ba, 0xe73c, 0xf79e, 0xffdf, 0xffff, 0xffff, 0xffff, 0xffdf, 0xf79f, 0xe73f, 0xdebf, 0xbdbe, 0x94be, 0x5add, 0x295c, 0x295c, 0x295c, 0x39bc, 0x4a1c, 0x5abd, 0x735d, 0x841d, 0x9cbe, 0xb59e, 0xce5e, 0xe71f, 0xef7f, 0xf7bf, 0xffdf, 0xffff, 0xffff, 0xffff, 0xffff, 0xffff, 0xffff, 0xffff, 0xffff, 0xffff, 0xffff, 0xffff, 0xffff, 0xffff, 0xffff, 0xffff, 0xffff, 0xffff, 0xffff, 0xffff, 0xffff, 0xffff, 0xffff, 0xffff, 0xffff, 0xffff, 0xffff, 0xffff, 0xffff, 0xffff, 0xffff, 0xffff, 0xffff, 0xffff, 0xffff, 0xffff, 0xffff, 0xffff, 0xffff, 0xffff, 0xffff, 0xffff, 0xffff, 0xffff, 0xffff, 0xffff, 0xffff, 0xffff, 0xffff, 0xffff, 0xffff, 0xffff, 0xffff, 0xffff, 0xffff, 0xffff, 0xffff, 0xffff, 0xffff, 0xffff, 0xffff, 0xffff, 0xffff, 0xffff, 0xffff, 0xffff, 0xffff, 0xffff, 0xffff, 0xffff, 0xffff, 0xffff, 0xffff, 0xffff, 0xffff, 0xffff, 0xffff, 0xffff, 0xffff, 0xffff, 0xffff, 0xffff, 0xffff, 0xffff, 0xffff, 0xffff, 0xffff, 0xffff, 0xffff, 0xffff, 0xffff, 0xffff, 0xffff, 0xffff, 0xffff, 0xffff, 0xffff, 0xffff, 0xffff, 0xffff, 0xffff, 0xffff, 0xffff, 0xffff, 0xffff, 0xffff, 0xffff, 0xffff, 0xffff, 0xffff, 0xffff, 0xffff, 0xffff, 0xffff, 0xffff, 0xffff, 0xffff, 0xffff, 0xffff, 0xffff, 0xffff, 0xffff, 0xffff, 0xffff, 0xffff, 0xffff, 0xffff, 0xffff, 0xffff, 0xffff, 0xffff, 0xffff, 0xffff, 0xffff, 0xffff, 0xffff, 0xffff, 0xffff, 0xffff, 0xffff, 0xffff, 0xffff, 0xffff, 0xffff, 0xffff, 0xffff, 0xffff, 0xffff, 0xffff, 0xffff, 0xffff, 0xffff, 0xffff, 0xffdf, 0xf79e, 0xe73c, 0xe71b, 0xd6ba, 0xce38, 0xbdd6, 0xb575, 0xa534, 0x9cb2, 0x9471, 0x8c30, 0x83ef, 0x7bae, 0x736d, 0x734d, 0x6b4c, 0x6b2c, 0x6b0b, 0x6b0b, 0x6b0b, 0x6b0b, 0x6b0b, 0x6b0b, 0x6b0b, 0x6b0b, 0x6b0b, 0x6b0b, 0x6b0b, 0x6b0b, 0x6b0b, 0x6b0b, 0x6b0b, 0x6b0b, 0x6b0b, 0x6b0b, 0x6b0b, 0x6b0b, 0x6b0b, 0x6b0b, 0x6b0b, 0x6b0b, 0x6b0b, 0x6b0b, 0x6b0b, 0x6b0b, 0x6b0b, 0x6b0b, 0x6b0b, 0x6b0b, 0x630b, 0x630b, 0x62eb, 0x62ca, 0x62ca, 0x630b, 0x7bae, 0xa4f3, 0xc5f7, 0xd69a, 0xe71c, 0xf79e, 0xffdf, 0xffff, 0xffff, 0xffff, 0xffdf, 0xf79f, 0xe71f, 0xd69f, 0xb57e, 0x8c5e, 0x4a5d, 0x107c, 0x087c, 0x107c, 0x18bc, 0x291c, 0x397c, 0x41fc, 0x529d, 0x6b1d, 0x7bdd, 0x947e, 0xad1e, 0xbdbe, 0xce5f, 0xdeff, 0xef7f, 0xf79f, 0xffdf, 0xffdf, 0xffff, 0xffff, 0xffff, 0xffff, 0xffff, 0xffff, 0xffff, 0xffff, 0xffff, 0xffff, 0xffff, 0xffff, 0xffff, 0xffff, 0xffff, 0xffff, 0xffff, 0xffff, 0xffff, 0xffff, 0xffff, 0xffff, 0xffff, 0xffff, 0xffff, 0xffff, 0xffff, 0xffff, 0xffff, 0xffff, 0xffff, 0xffff, 0xffff, 0xffff, 0xffff, 0xffff, 0xffff, 0xffff, 0xffff, 0xffff, 0xffff, 0xffff, 0xffff, 0xffff, 0xffff, 0xffff, 0xffff, 0xffff, 0xffff, 0xffff, 0xffff, 0xffff, 0xffff, 0xffff, 0xffff, 0xffff, 0xffff, 0xffff, 0xffff, 0xffff, 0xffff, 0xffff, 0xffff, 0xffff, 0xffff, 0xffff, 0xffff, 0xffff, 0xffff, 0xffff, 0xffff, 0xffff, 0xffff, 0xffff, 0xffff, 0xffff, 0xffff, 0xffff, 0xffff, 0xffff, 0xffff, 0xffff, 0xffff, 0xffff, 0xffff, 0xffff, 0xffff, 0xffff, 0xffff, 0xffff, 0xffff, 0xffff, 0xffff, 0xffff, 0xffff, 0xffff, 0xffff, 0xffff, 0xffff, 0xffff, 0xffff, 0xffff, 0xffff, 0xffff, 0xffff, 0xffff, 0xffff, 0xffff, 0xffff, 0xffff, 0xffff, 0xffff, 0xffff, 0xffff, 0xffff, 0xffff, 0xffff, 0xffff, 0xffff, 0xffff, 0xffff, 0xffff, 0xffff, 0xffff, 0xffff, 0xffff, 0xffff, 0xffff, 0xffff, 0xffff, 0xffff, 0xffff, 0xffff, 0xffff, 0xffff, 0xffff, 0xffff, 0xffff, 0xffff, 0xffff, 0xffff, 0xffff, 0xffff, 0xffff, 0xffff, 0xffff, 0xffdf, 0xf7be, 0xf79e, 0xd699, 0xb596, 0xa513, 0x9471, 0x840f, 0x7b8e, 0x736d, 0x6b4c, 0x6b4c, 0x6b4c, 0x6b4c, 0x6b4c, 0x6b4c, 0x6b4c, 0x6b4c, 0x6b4c, 0x6b4c, 0x6b4c, 0x6b4c, 0x6b4c, 0x6b4c, 0x6b4c, 0x6b4c, 0x6b4c, 0x6b4c, 0x6b4c, 0x6b4c, 0x6b4c, 0x6b4c, 0x6b4c, 0x6b4c, 0x6b4c, 0x6b4c, 0x6b4c, 0x6b4c, 0x6b4c, 0x6b4c, 0x6b4c, 0x6b4c, 0x6b4c, 0x6b4c, 0x6b4c, 0x6b4c, 0x6b4c, 0x6b4c, 0x6b4c, 0x6b4c, 0x6b4c, 0x6b4c, 0x6b4c, 0x6b4c, 0x6b2c, 0x6b0b, 0x6b0b, 0x6b2c, 0x83ef, 0xad34, 0xc618, 0xd6ba, 0xe73c, 0xf79e, 0xffdf, 0xffff, 0xffff, 0xffff, 0xffdf, 0xf79f, 0xe71f, 0xd69f, 0xb57e, 0x8c5e, 0x4a5d, 0x107c, 0x083c, 0x001c, 0x081c, 0x081c, 0x083c, 0x083c, 0x083c, 0x085c, 0x189c, 0x20dc, 0x28fc, 0x521d, 0x7b9d, 0xa4fe, 0xce3e, 0xdedf, 0xef5f, 0xf7bf, 0xffff, 0xffff, 0xffff, 0xffff, 0xffff, 0xffff, 0xffff, 0xffff, 0xffff, 0xffff, 0xffff, 0xffff, 0xffff, 0xffff, 0xffff, 0xffff, 0xffff, 0xffff, 0xffff, 0xffff, 0xffff, 0xffff, 0xffff, 0xffff, 0xffff, 0xffff, 0xffff, 0xffff, 0xffff, 0xffff, 0xffff, 0xffff, 0xffff, 0xffff, 0xffff, 0xffff, 0xffff, 0xffff, 0xffff, 0xffff, 0xffff, 0xffff, 0xffff, 0xffff, 0xffff, 0xffff, 0xffff, 0xffff, 0xffff, 0xffff, 0xffff, 0xffff, 0xffff, 0xffff, 0xffff, 0xffff, 0xffff, 0xffff, 0xffff, 0xffff, 0xffff, 0xffff, 0xffff, 0xffff, 0xffff, 0xffff, 0xffff, 0xffff, 0xffff, 0xffff, 0xffff, 0xffff, 0xffff, 0xffff, 0xffff, 0xffff, 0xffff, 0xffff, 0xffff, 0xffff, 0xffff, 0xffff, 0xffff, 0xffff, 0xffff, 0xffff, 0xffff, 0xffff, 0xffff, 0xffff, 0xffff, 0xffff, 0xffff, 0xffff, 0xffff, 0xffff, 0xffff, 0xffff, 0xffff, 0xffff, 0xffff, 0xffff, 0xffff, 0xffff, 0xffff, 0xffff, 0xffff, 0xffff, 0xffff, 0xffff, 0xffff, 0xffff, 0xffff, 0xffff, 0xffff, 0xffff, 0xffff, 0xffff, 0xffff, 0xffff, 0xffff, 0xffff, 0xffff, 0xffff, 0xffff, 0xffff, 0xffff, 0xffff, 0xffff, 0xffff, 0xffff, 0xffff, 0xffff, 0xffff, 0xffff, 0xffff, 0xffff, 0xffff, 0xffff, 0xffff, 0xffff, 0xffff, 0xffff, 0xffff, 0xffff, 0xf79e, 0xef3c, 0xe6fb, 0xd69a, 0xbdb6, 0x9cd3, 0x8c50, 0x7bcf, 0x738d, 0x734c, 0x6b2c, 0x6b2c, 0x6b2c, 0x6b2c, 0x6b2c, 0x6b2c, 0x6b2c, 0x6b4c, 0x6b4c, 0x6b4c, 0x6b4c, 0x6b4c, 0x6b4c, 0x6b4c, 0x6b4c, 0x6b4c, 0x6b4c, 0x6b4c, 0x6b4c, 0x6b4c, 0x6b4c, 0x6b4c, 0x6b4c, 0x6b4c, 0x6b4c, 0x6b4c, 0x6b4c, 0x6b4c, 0x6b4c, 0x6b4c, 0x6b4c, 0x6b4c, 0x6b4c, 0x6b4c, 0x6b4c, 0x6b4c, 0x6b4c, 0x6b4c, 0x6b4c, 0x6b4c, 0x6b4c, 0x6b4c, 0x6b4c, 0x6b4c, 0x6b4c, 0x6b2c, 0x6b2c, 0x6b0b, 0x6b4c, 0x83ef, 0xad34, 0xc618, 0xd6ba, 0xe73c, 0xf79e, 0xffdf, 0xffff, 0xffff, 0xffff, 0xffdf, 0xf79f, 0xe71f, 0xd69f, 0xb57e, 0x8c5e, 0x4a5d, 0x107c, 0x083c, 0x001c, 0x081c, 0x081c, 0x081c, 0x081c, 0x081c, 0x081c, 0x103c, 0x103c, 0x185c, 0x311c, 0x525d, 0x735d, 0x943e, 0xad3e, 0xce3f, 0xe6ff, 0xf79f, 0xf7bf, 0xffdf, 0xffff, 0xffff, 0xffff, 0xffff, 0xffff, 0xffff, 0xffff, 0xffff, 0xffff, 0xffff, 0xffff, 0xffff, 0xffff, 0xffff, 0xffff, 0xffff, 0xffff, 0xffff, 0xffff, 0xffff, 0xffff, 0xffff, 0xffff, 0xffff, 0xffff, 0xffff, 0xffff, 0xffff, 0xffff, 0xffff, 0xffff, 0xffff, 0xffff, 0xffff, 0xffff, 0xffff, 0xffff, 0xffff, 0xffff, 0xffff, 0xffff, 0xffff, 0xffff, 0xffff, 0xffff, 0xffff, 0xffff, 0xffff, 0xffff, 0xffff, 0xffff, 0xffff, 0xffff, 0xffff, 0xffff, 0xffff, 0xffff, 0xffff, 0xffff, 0xffff, 0xffff, 0xffff, 0xffff, 0xffff, 0xffff, 0xffff, 0xffff, 0xffff, 0xffff, 0xffff, 0xffff, 0xffff, 0xffff, 0xffff, 0xffff, 0xffff, 0xffff, 0xffff, 0xffff, 0xffff, 0xffff, 0xffff, 0xffff, 0xffff, 0xffff, 0xffff, 0xffff, 0xffff, 0xffff, 0xffff, 0xffff, 0xffff, 0xffff, 0xffff, 0xffff, 0xffff, 0xffff, 0xffff, 0xffff, 0xffff, 0xffff, 0xffff, 0xffff, 0xffff, 0xffff, 0xffff, 0xffff, 0xffff, 0xffff, 0xffff, 0xffff, 0xffff, 0xffff, 0xffff, 0xffff, 0xffff, 0xffff, 0xffff, 0xffff, 0xffff, 0xffff, 0xffff, 0xffff, 0xffff, 0xffff, 0xffff, 0xffff, 0xffff, 0xffff, 0xffff, 0xffff, 0xffff, 0xffff, 0xffff, 0xffff, 0xffff, 0xffff, 0xffff, 0xffff, 0xffff, 0xffff, 0xffff, 0xe71c, 0xc638, 0xb596, 0xa4f3, 0x8c50, 0x7bae, 0x6b4c, 0x630b, 0x6b2c, 0x6b2c, 0x6b4c, 0x6b4c, 0x6b4c, 0x6b4c, 0x6b4c, 0x6b4c, 0x6b4c, 0x6b4c, 0x6b4c, 0x6b4c, 0x6b4c, 0x6b4c, 0x6b4c, 0x6b4c, 0x6b4c, 0x6b4c, 0x6b4c, 0x6b4c, 0x6b4c, 0x6b4c, 0x6b4c, 0x6b4c, 0x6b4c, 0x6b4c, 0x6b4c, 0x6b4c, 0x6b4c, 0x6b4c, 0x6b4c, 0x6b4c, 0x6b4c, 0x6b4c, 0x6b4c, 0x6b4c, 0x6b4c, 0x6b4c, 0x6b4c, 0x6b4c, 0x6b4c, 0x6b4c, 0x6b4c, 0x6b4c, 0x6b4c, 0x6b4c, 0x6b4c, 0x6b2c, 0x6b2c, 0x6b0b, 0x6b4c, 0x83ef, 0xad34, 0xc618, 0xd6ba, 0xe73c, 0xf79e, 0xffdf, 0xffff, 0xffff, 0xffff, 0xffdf, 0xf79f, 0xe71f, 0xd69f, 0xb57e, 0x8c5e, 0x4a5d, 0x107c, 0x083c, 0x081c, 0x101c, 0x181c, 0x181c, 0x181c, 0x181c, 0x101c, 0x101c, 0x101c, 0x081c, 0x103c, 0x185c, 0x209c, 0x28dc, 0x5a5d, 0x943e, 0xbd9e, 0xdedf, 0xef5f, 0xf79f, 0xffdf, 0xffff, 0xffff, 0xffff, 0xffff, 0xffff, 0xffff, 0xffff, 0xffff, 0xffff, 0xffff, 0xffff, 0xffff, 0xffff, 0xffff, 0xffff, 0xffff, 0xffff, 0xffff, 0xffff, 0xffff, 0xffff, 0xffff, 0xffff, 0xffff, 0xffff, 0xffff, 0xffff, 0xffff, 0xffff, 0xffff, 0xffff, 0xffff, 0xffff, 0xffff, 0xffff, 0xffff, 0xffff, 0xffff, 0xffff, 0xffff, 0xffff, 0xffff, 0xffff, 0xffff, 0xffff, 0xffff, 0xffff, 0xffff, 0xffff, 0xffff, 0xffff, 0xffff, 0xffff, 0xffff, 0xffff, 0xffff, 0xffff, 0xffff, 0xffff, 0xffff, 0xffff, 0xffff, 0xffff, 0xffff, 0xffff, 0xffff, 0xffff, 0xffff, 0xffff, 0xffff, 0xffff, 0xffff, 0xffff, 0xffff, 0xffff, 0xffff, 0xffff, 0xffff, 0xffff, 0xffff, 0xffff, 0xffff, 0xffff, 0xffff, 0xffff, 0xffff, 0xffff, 0xffff, 0xffff, 0xffff, 0xffff, 0xffff, 0xffff, 0xffff, 0xffff, 0xffff, 0xffff, 0xffff, 0xffff, 0xffff, 0xffff, 0xffff, 0xffff, 0xffff, 0xffff, 0xffff, 0xffff, 0xffff, 0xffff, 0xffff, 0xffff, 0xffff, 0xffff, 0xffff, 0xffff, 0xffff, 0xffff, 0xffff, 0xffff, 0xffff, 0xffff, 0xffff, 0xffff, 0xffff, 0xffff, 0xffff, 0xffff, 0xffff, 0xffff, 0xffff, 0xffff, 0xffff, 0xffff, 0xffff, 0xffff, 0xffff, 0xffff, 0xffdf, 0xf7be, 0xef7d, 0xef5d, 0xce59, 0xad55, 0x9cb2, 0x8c30, 0x7bce, 0x736d, 0x6b2c, 0x6b0c, 0x6b2c, 0x6b2c, 0x6b4c, 0x6b4c, 0x6b4c, 0x6b4c, 0x6b4c, 0x6b4c, 0x6b4c, 0x6b4c, 0x6b4c, 0x6b4c, 0x6b4c, 0x6b4c, 0x6b4c, 0x6b4c, 0x6b4c, 0x6b4c, 0x6b4c, 0x6b4c, 0x6b4c, 0x6b4c, 0x6b4c, 0x6b4c, 0x6b4c, 0x6b4c, 0x6b4c, 0x6b4c, 0x6b4c, 0x6b4c, 0x6b4c, 0x6b4c, 0x6b4c, 0x6b4c, 0x6b4c, 0x6b4c, 0x6b4c, 0x6b4c, 0x6b4c, 0x6b4c, 0x6b4c, 0x6b4c, 0x6b4c, 0x6b4c, 0x6b4c, 0x6b4c, 0x6b4c, 0x6b2c, 0x6b2c, 0x6b0b, 0x6b4c, 0x83ef, 0xad34, 0xc618, 0xd6ba, 0xe73c, 0xf79e, 0xffdf, 0xffff, 0xffff, 0xffff, 0xffdf, 0xf79f, 0xe71f, 0xd69f, 0xb57e, 0x8c5e, 0x4a5d, 0x107c, 0x083c, 0x081c, 0x101c, 0x181c, 0x181c, 0x181c, 0x181c, 0x181c, 0x101c, 0x101c, 0x101c, 0x101c, 0x103c, 0x185c, 0x187c, 0x419c, 0x6b1d, 0x8c1e, 0xad3e, 0xc61e, 0xe6ff, 0xf77f, 0xffff, 0xffff, 0xffff, 0xffff, 0xffff, 0xffff, 0xffff, 0xffff, 0xffff, 0xffff, 0xffff, 0xffff, 0xffff, 0xffff, 0xffff, 0xffff, 0xffff, 0xffff, 0xffff, 0xffff, 0xffff, 0xffff, 0xffff, 0xffff, 0xffff, 0xffff, 0xffff, 0xffff, 0xffff, 0xffff, 0xffff, 0xffff, 0xffff, 0xffff, 0xffff, 0xffff, 0xffff, 0xffff, 0xffff, 0xffff, 0xffff, 0xffff, 0xffff, 0xffff, 0xffff, 0xffff, 0xffff, 0xffff, 0xffff, 0xffff, 0xffff, 0xffff, 0xffff, 0xffff, 0xffff, 0xffff, 0xffff, 0xffff, 0xffff, 0xffff, 0xffff, 0xffff, 0xffff, 0xffff, 0xffff, 0xffff, 0xffff, 0xffff, 0xffff, 0xffff, 0xffff, 0xffff, 0xffff, 0xffff, 0xffff, 0xffff, 0xffff, 0xffff, 0xffff, 0xffff, 0xffff, 0xffff, 0xffff, 0xffff, 0xffff, 0xffff, 0xffff, 0xffff, 0xffff, 0xffff, 0xffff, 0xffff, 0xffff, 0xffff, 0xffff, 0xffff, 0xffff, 0xffff, 0xffff, 0xffff, 0xffff, 0xffff, 0xffff, 0xffff, 0xffff, 0xffff, 0xffff, 0xffff, 0xffff, 0xffff, 0xffff, 0xffff, 0xffff, 0xffff, 0xffff, 0xffff, 0xffff, 0xffff, 0xffff, 0xffff, 0xffff, 0xffff, 0xffff, 0xffff, 0xffff, 0xffff, 0xffff, 0xffff, 0xffff, 0xffff, 0xffff, 0xffff, 0xffff, 0xffff, 0xffff, 0xffff, 0xffff, 0xf79e, 0xe73c, 0xdeda, 0xce79, 0xad55, 0x8c30, 0x7b8d, 0x630b, 0x6b0c, 0x6b2c, 0x6b2c, 0x6b4c, 0x6b4c, 0x6b4c, 0x6b4c, 0x6b4c, 0x6b4c, 0x6b4c, 0x6b4c, 0x6b4c, 0x6b4c, 0x6b4c, 0x6b4c, 0x6b4c, 0x6b4c, 0x6b4c, 0x6b4c, 0x6b4c, 0x6b4c, 0x6b4c, 0x6b4c, 0x6b4c, 0x6b4c, 0x6b4c, 0x6b4c, 0x6b4c, 0x6b4c, 0x6b4c, 0x6b4c, 0x6b4c, 0x6b4c, 0x6b4c, 0x6b4c, 0x6b4c, 0x6b4c, 0x6b4c, 0x6b4c, 0x6b4c, 0x6b4c, 0x6b4c, 0x6b4c, 0x6b4c, 0x6b4c, 0x6b4c, 0x6b4c, 0x6b4c, 0x6b4c, 0x6b4c, 0x6b4c, 0x6b2c, 0x6b2c, 0x6b0b, 0x6b4c, 0x83ef, 0xad34, 0xc618, 0xd6ba, 0xe73c, 0xf79e, 0xffdf, 0xffff, 0xffff, 0xffff, 0xffdf, 0xf79f, 0xe71f, 0xd69f, 0xb57e, 0x8c5e, 0x4a5d, 0x107c, 0x083c, 0x081c, 0x101c, 0x181c, 0x181c, 0x181c, 0x181c, 0x181c, 0x181c, 0x181c, 0x181c, 0x101c, 0x101c, 0x101c, 0x081c, 0x189c, 0x315c, 0x49dc, 0x5a7d, 0x8c3d, 0xc5fe, 0xe71f, 0xffff, 0xffff, 0xffff, 0xffff, 0xffff, 0xffff, 0xffff, 0xffff, 0xffff, 0xffff, 0xffff, 0xffff, 0xffff, 0xffff, 0xffff, 0xffff, 0xffff, 0xffff, 0xffff, 0xffff, 0xffff, 0xffff, 0xffff, 0xffff, 0xffff, 0xffff, 0xffff, 0xffff, 0xffff, 0xffff, 0xffff, 0xffff, 0xffff, 0xffff, 0xffff, 0xffff, 0xffff, 0xffff, 0xffff, 0xffff, 0xffff, 0xffff, 0xffff, 0xffff, 0xffff, 0xffff, 0xffff, 0xffff, 0xffff, 0xffff, 0xffff, 0xffff, 0xffff, 0xffff, 0xffff, 0xffff, 0xffff, 0xffff, 0xffff, 0xffff, 0xffff, 0xffff, 0xffff, 0xffff, 0xffff, 0xffff, 0xffff, 0xffff, 0xffff, 0xffff, 0xffff, 0xffff, 0xffff, 0xffff, 0xffff, 0xffff, 0xffff, 0xffff, 0xffff, 0xffff, 0xffff, 0xffff, 0xffff, 0xffff, 0xffff, 0xffff, 0xffff, 0xffff, 0xffff, 0xffff, 0xffff, 0xffff, 0xffff, 0xffff, 0xffff, 0xffff, 0xffff, 0xffff, 0xffff, 0xffff, 0xffff, 0xffff, 0xffff, 0xffff, 0xffff, 0xffff, 0xffff, 0xffff, 0xffff, 0xffff, 0xffff, 0xffff, 0xffff, 0xffff, 0xffff, 0xffff, 0xffff, 0xffff, 0xffff, 0xffff, 0xffff, 0xffff, 0xffff, 0xffff, 0xffff, 0xffff, 0xffff, 0xffff, 0xffff, 0xffff, 0xffff, 0xffff, 0xffff, 0xffff, 0xffff, 0xffff, 0xffdf, 0xef3c, 0xd679, 0xbdd7, 0xad55, 0x9492, 0x83cf, 0x736d, 0x6b0b, 0x6b2c, 0x6b2c, 0x6b4c, 0x6b4c, 0x6b4c, 0x6b4c, 0x6b4c, 0x6b4c, 0x6b4c, 0x6b4c, 0x6b4c, 0x6b4c, 0x6b4c, 0x6b4c, 0x6b4c, 0x6b4c, 0x6b4c, 0x6b4c, 0x6b4c, 0x6b4c, 0x6b4c, 0x6b4c, 0x6b4c, 0x6b4c, 0x6b4c, 0x6b4c, 0x6b4c, 0x6b4c, 0x6b4c, 0x6b4c, 0x6b4c, 0x6b4c, 0x6b4c, 0x6b4c, 0x6b4c, 0x6b4c, 0x6b4c, 0x6b4c, 0x6b4c, 0x6b4c, 0x6b4c, 0x6b4c, 0x6b4c, 0x6b4c, 0x6b4c, 0x6b4c, 0x6b4c, 0x6b4c, 0x6b4c, 0x6b4c, 0x6b4c, 0x6b2c, 0x6b2c, 0x6b0b, 0x6b4c, 0x83ef, 0xad34, 0xc618, 0xd6ba, 0xe73c, 0xf79e, 0xffdf, 0xffff, 0xffff, 0xffff, 0xffdf, 0xf79f, 0xe71f, 0xd69f, 0xb57e, 0x8c5e, 0x4a5d, 0x107c, 0x083c, 0x081c, 0x101c, 0x181c, 0x181c, 0x181c, 0x181c, 0x181c, 0x181c, 0x181c, 0x181c, 0x181c, 0x101c, 0x101c, 0x101c, 0x185c, 0x20bc, 0x291c, 0x317c, 0x6b3d, 0xa4fe, 0xc61e, 0xe71f, 0xef7f, 0xf7bf, 0xffdf, 0xffff, 0xffff, 0xffff, 0xffff, 0xffff, 0xffff, 0xffff, 0xffff, 0xffff, 0xffff, 0xffff, 0xffff, 0xffff, 0xffff, 0xffff, 0xffff, 0xffff, 0xffff, 0xffff, 0xffff, 0xffff, 0xffff, 0xffff, 0xffff, 0xffff, 0xffff, 0xffff, 0xffff, 0xffff, 0xffff, 0xffff, 0xffff, 0xffff, 0xffff, 0xffff, 0xffff, 0xffff, 0xffff, 0xffff, 0xffff, 0xffff, 0xffff, 0xffff, 0xffff, 0xffff, 0xffff, 0xffff, 0xffff, 0xffff, 0xffff, 0xffff, 0xffff, 0xffff, 0xffff, 0xffff, 0xffff, 0xffff, 0xffff, 0xffff, 0xffff, 0xffff, 0xffff, 0xffff, 0xffff, 0xffff, 0xffff, 0xffff, 0xffff, 0xffff, 0xffff, 0xffff, 0xffff, 0xffff, 0xffff, 0xffff, 0xffff, 0xffff, 0xffff, 0xffff, 0xffff, 0xffff, 0xffff, 0xffff, 0xffff, 0xffff, 0xffff, 0xffff, 0xffff, 0xffff, 0xffff, 0xffff, 0xffff, 0xffff, 0xffff, 0xffff, 0xffff, 0xffff, 0xffff, 0xffff, 0xffff, 0xffff, 0xffff, 0xffff, 0xffff, 0xffff, 0xffff, 0xffff, 0xffff, 0xffff, 0xffff, 0xffff, 0xffff, 0xffff, 0xffff, 0xffff, 0xffff, 0xffff, 0xffff, 0xffff, 0xffff, 0xffff, 0xffff, 0xffff, 0xffff, 0xffff, 0xffff, 0xffff, 0xffff, 0xffff, 0xffff, 0xffdf, 0xffdf, 0xffbe, 0xdeda, 0xb596, 0x9cb2, 0x83cf, 0x7b8e, 0x736d, 0x6b4c, 0x6b2c, 0x6b2c, 0x6b4c, 0x6b4c, 0x6b4c, 0x6b4c, 0x6b4c, 0x6b4c, 0x6b4c, 0x6b4c, 0x6b4c, 0x6b4c, 0x6b4c, 0x6b4c, 0x6b4c, 0x6b4c, 0x6b4c, 0x6b4c, 0x6b4c, 0x6b4c, 0x6b4c, 0x6b4c, 0x6b4c, 0x6b4c, 0x6b4c, 0x6b4c, 0x6b4c, 0x6b4c, 0x6b4c, 0x6b4c, 0x6b4c, 0x6b4c, 0x6b4c, 0x6b4c, 0x6b4c, 0x6b4c, 0x6b4c, 0x6b4c, 0x6b4c, 0x6b4c, 0x6b4c, 0x6b4c, 0x6b4c, 0x6b4c, 0x6b4c, 0x6b4c, 0x6b4c, 0x6b4c, 0x6b4c, 0x6b4c, 0x6b4c, 0x6b4c, 0x6b2c, 0x6b2c, 0x6b0b, 0x6b4c, 0x83ef, 0xad34, 0xc618, 0xd6ba, 0xe73c, 0xf79e, 0xffdf, 0xffff, 0xffff, 0xffff, 0xffdf, 0xf79f, 0xe71f, 0xd69f, 0xb57e, 0x8c5e, 0x4a5d, 0x107c, 0x083c, 0x081c, 0x101c, 0x181c, 0x181c, 0x181c, 0x181c, 0x181c, 0x181c, 0x181c, 0x181c, 0x181c, 0x181c, 0x181c, 0x181c, 0x101c, 0x081c, 0x081c, 0x003c, 0x39fc, 0x7bbd, 0xa4de, 0xc5fe, 0xdebf, 0xef5f, 0xf7bf, 0xffff, 0xffff, 0xffff, 0xffff, 0xffff, 0xffff, 0xffff, 0xffff, 0xffff, 0xffff, 0xffff, 0xffff, 0xffff, 0xffff, 0xffff, 0xffff, 0xffff, 0xffff, 0xffff, 0xffff, 0xffff, 0xffff, 0xffff, 0xffff, 0xffff, 0xffff, 0xffff, 0xffff, 0xffff, 0xffff, 0xffff, 0xffff, 0xffff, 0xffff, 0xffff, 0xffff, 0xffff, 0xffff, 0xffff, 0xffff, 0xffff, 0xffff, 0xffff, 0xffff, 0xffff, 0xffff, 0xffff, 0xffff, 0xffff, 0xffff, 0xffff, 0xffff, 0xffff, 0xffff, 0xffff, 0xffff, 0xffff, 0xffff, 0xffff, 0xffff, 0xffff, 0xffff, 0xffff, 0xffff, 0xffff, 0xffff, 0xffff, 0xffff, 0xffff, 0xffff, 0xffff, 0xffff, 0xffff, 0xffff, 0xffff, 0xffff, 0xffff, 0xffff, 0xffff, 0xffff, 0xffff, 0xffff, 0xffff, 0xffff, 0xffff, 0xffff, 0xffff, 0xffff, 0xffff, 0xffff, 0xffff, 0xffff, 0xffff, 0xffff, 0xffff, 0xffff, 0xffff, 0xffff, 0xffff, 0xffff, 0xffff, 0xffff, 0xffff, 0xffff, 0xffff, 0xffff, 0xffff, 0xffff, 0xffff, 0xffff, 0xffff, 0xffff, 0xffff, 0xffff, 0xffff, 0xffff, 0xffff, 0xffff, 0xffff, 0xffff, 0xffff, 0xffff, 0xffff, 0xffff, 0xffff, 0xffff, 0xffff, 0xffff, 0xffff, 0xffdf, 0xf79e, 0xef5d, 0xe73c, 0xce38, 0xa514, 0x8c50, 0x736d, 0x736d, 0x6b4c, 0x6b4c, 0x6b2c, 0x6b2c, 0x6b4c, 0x6b4c, 0x6b4c, 0x6b4c, 0x6b4c, 0x6b4c, 0x6b4c, 0x6b4c, 0x6b4c, 0x6b4c, 0x6b4c, 0x6b4c, 0x6b4c, 0x6b4c, 0x6b4c, 0x6b4c, 0x6b4c, 0x6b4c, 0x6b4c, 0x6b4c, 0x6b4c, 0x6b4c, 0x6b4c, 0x6b4c, 0x6b4c, 0x6b4c, 0x6b4c, 0x6b4c, 0x6b4c, 0x6b4c, 0x6b4c, 0x6b4c, 0x6b4c, 0x6b4c, 0x6b4c, 0x6b4c, 0x6b4c, 0x6b4c, 0x6b4c, 0x6b4c, 0x6b4c, 0x6b4c, 0x6b4c, 0x6b4c, 0x6b4c, 0x6b4c, 0x6b4c, 0x6b4c, 0x6b4c, 0x6b4c, 0x6b2c, 0x6b2c, 0x6b0b, 0x6b4c, 0x83ef, 0xad34, 0xc618, 0xd6ba, 0xe73c, 0xf79e, 0xffdf, 0xffff, 0xffff, 0xffff, 0xffdf, 0xf79f, 0xe71f, 0xd69f, 0xb57e, 0x8c5e, 0x4a5d, 0x107c, 0x083c, 0x081c, 0x101c, 0x181c, 0x181c, 0x181c, 0x181c, 0x181c, 0x181c, 0x181c, 0x181c, 0x181c, 0x181c, 0x181c, 0x181c, 0x101c, 0x081c, 0x081c, 0x081c, 0x317c, 0x5abd, 0x7b9d, 0x9c9e, 0xbdde, 0xdedf, 0xf77f, 0xffff, 0xffff, 0xffff, 0xffff, 0xffff, 0xffff, 0xffff, 0xffff, 0xffff, 0xffff, 0xffff, 0xffff, 0xffff, 0xffff, 0xffff, 0xffff, 0xffff, 0xffff, 0xffff, 0xffff, 0xffff, 0xffff, 0xffff, 0xffff, 0xffff, 0xffff, 0xffff, 0xffff, 0xffff, 0xffff, 0xffff, 0xffff, 0xffff, 0xffff, 0xffff, 0xffff, 0xffff, 0xffff, 0xffff, 0xffff, 0xffff, 0xffff, 0xffff, 0xffff, 0xffff, 0xffff, 0xffff, 0xffff, 0xffff, 0xffff, 0xffff, 0xffff, 0xffff, 0xffff, 0xffff, 0xffff, 0xffff, 0xffff, 0xffff, 0xffff, 0xffff, 0xffff, 0xffff, 0xffff, 0xffff, 0xffff, 0xffff, 0xffff, 0xffff, 0xffff, 0xffff, 0xffff, 0xffff, 0xffff, 0xffff, 0xffff, 0xffff, 0xffff, 0xffff, 0xffff, 0xffff, 0xffff, 0xffff, 0xffff, 0xffff, 0xffff, 0xffff, 0xffff, 0xffff, 0xffff, 0xffff, 0xffff, 0xffff, 0xffff, 0xffff, 0xffff, 0xffff, 0xffff, 0xffff, 0xffff, 0xffff, 0xffff, 0xffff, 0xffff, 0xffff, 0xffff, 0xffff, 0xffff, 0xffff, 0xffff, 0xffff, 0xffff, 0xffff, 0xffff, 0xffff, 0xffff, 0xffff, 0xffff, 0xffff, 0xffff, 0xffff, 0xffff, 0xffff, 0xffff, 0xffff, 0xffff, 0xffff, 0xffff, 0xffff, 0xf7be, 0xef5c, 0xdedb, 0xd679, 0xb596, 0x9491, 0x7bce, 0x6b0b, 0x6b0c, 0x6b2c, 0x6b2c, 0x6b4c, 0x6b4c, 0x6b4c, 0x6b4c, 0x6b4c, 0x6b4c, 0x6b4c, 0x6b4c, 0x6b4c, 0x6b4c, 0x6b4c, 0x6b4c, 0x6b4c, 0x6b4c, 0x6b4c, 0x6b4c, 0x6b4c, 0x6b4c, 0x6b4c, 0x6b4c, 0x6b4c, 0x6b4c, 0x6b4c, 0x6b4c, 0x6b4c, 0x6b4c, 0x6b4c, 0x6b4c, 0x6b4c, 0x6b4c, 0x6b4c, 0x6b4c, 0x6b4c, 0x6b4c, 0x6b4c, 0x6b4c, 0x6b4c, 0x6b4c, 0x6b4c, 0x6b4c, 0x6b4c, 0x6b4c, 0x6b4c, 0x6b4c, 0x6b4c, 0x6b4c, 0x6b4c, 0x6b4c, 0x6b4c, 0x6b4c, 0x6b4c, 0x6b4c, 0x6b2c, 0x6b2c, 0x6b0b, 0x6b4c, 0x83ef, 0xad34, 0xc618, 0xd6ba, 0xe73c, 0xf79e, 0xffdf, 0xffff, 0xffff, 0xffff, 0xffdf, 0xf79f, 0xe71f, 0xd69f, 0xb57e, 0x8c5e, 0x4a5d, 0x107c, 0x083c, 0x081c, 0x101c, 0x181c, 0x181c, 0x181c, 0x181c, 0x181c, 0x181c, 0x181c, 0x181c, 0x181c, 0x181c, 0x181c, 0x181c, 0x101c, 0x101c, 0x101c, 0x081c, 0x20dc, 0x399c, 0x523d, 0x6afd, 0x9cbe, 0xce7f, 0xef5f, 0xffff, 0xffff, 0xffff, 0xffff, 0xffff, 0xffff, 0xffff, 0xffff, 0xffff, 0xffff, 0xffff, 0xffff, 0xffff, 0xffff, 0xffff, 0xffff, 0xffff, 0xffff, 0xffff, 0xffff, 0xffff, 0xffff, 0xffff, 0xffff, 0xffff, 0xffff, 0xffff, 0xffff, 0xffff, 0xffff, 0xffff, 0xffff, 0xffff, 0xffff, 0xffff, 0xffff, 0xffff, 0xffff, 0xffff, 0xffff, 0xffff, 0xffff, 0xffff, 0xffff, 0xffff, 0xffff, 0xffff, 0xffff, 0xffff, 0xffff, 0xffff, 0xffff, 0xffff, 0xffff, 0xffff, 0xffff, 0xffff, 0xffff, 0xffff, 0xffff, 0xffff, 0xffff, 0xffff, 0xffff, 0xffff, 0xffff, 0xffff, 0xffff, 0xffff, 0xffff, 0xffff, 0xffff, 0xffff, 0xffff, 0xffff, 0xffff, 0xffff, 0xffff, 0xffff, 0xffff, 0xffff, 0xffff, 0xffff, 0xffff, 0xffff, 0xffff, 0xffff, 0xffff, 0xffff, 0xffff, 0xffff, 0xffff, 0xffff, 0xffff, 0xffff, 0xffff, 0xffff, 0xffff, 0xffff, 0xffff, 0xffff, 0xffff, 0xffff, 0xffff, 0xffff, 0xffff, 0xffff, 0xffff, 0xffff, 0xffff, 0xffff, 0xffff, 0xffff, 0xffff, 0xffff, 0xffff, 0xffff, 0xffff, 0xffff, 0xffff, 0xffff, 0xffff, 0xffff, 0xffff, 0xffff, 0xffff, 0xffff, 0xffff, 0xffff, 0xf79d, 0xdeda, 0xc618, 0xb595, 0x9cd3, 0x8c30, 0x7b8e, 0x6b0c, 0x6b2c, 0x6b2c, 0x6b4c, 0x6b4c, 0x6b4c, 0x6b4c, 0x6b4c, 0x6b4c, 0x6b4c, 0x6b4c, 0x6b4c, 0x6b4c, 0x6b4c, 0x6b4c, 0x6b4c, 0x6b4c, 0x6b4c, 0x6b4c, 0x6b4c, 0x6b4c, 0x6b4c, 0x6b4c, 0x6b4c, 0x6b2c, 0x6b2c, 0x6b2c, 0x6b2c, 0x6b2c, 0x6b2c, 0x6b2c, 0x6b2c, 0x6b2c, 0x6b2c, 0x6b2c, 0x6b4c, 0x6b4c, 0x6b4c, 0x6b4c, 0x6b4c, 0x6b4c, 0x6b4c, 0x6b4c, 0x6b4c, 0x6b4c, 0x6b4c, 0x6b4c, 0x6b4c, 0x6b4c, 0x6b4c, 0x6b4c, 0x6b4c, 0x6b4c, 0x6b4c, 0x6b4c, 0x6b4c, 0x6b2c, 0x6b2c, 0x6b0b, 0x6b4c, 0x83ef, 0xad34, 0xc618, 0xd6ba, 0xe73c, 0xf79e, 0xffdf, 0xffff, 0xffff, 0xffff, 0xffdf, 0xf79f, 0xe71f, 0xd69f, 0xb57e, 0x8c5e, 0x4a5d, 0x107c, 0x083c, 0x081c, 0x101c, 0x181c, 0x181c, 0x181c, 0x181c, 0x181c, 0x181c, 0x181c, 0x181c, 0x181c, 0x181c, 0x181c, 0x181c, 0x181c, 0x101c, 0x101c, 0x101c, 0x185c, 0x20bc, 0x291c, 0x39bc, 0x83fd, 0xc5fe, 0xe71f, 0xffff, 0xffff, 0xffff, 0xffff, 0xffff, 0xffff, 0xffff, 0xffff, 0xffff, 0xffff, 0xffff, 0xffff, 0xffff, 0xffff, 0xffff, 0xffff, 0xffff, 0xffff, 0xffff, 0xffff, 0xffff, 0xffff, 0xffff, 0xffff, 0xffff, 0xffff, 0xffff, 0xffff, 0xffff, 0xffff, 0xffff, 0xffff, 0xffff, 0xffff, 0xffff, 0xffff, 0xffff, 0xffff, 0xffff, 0xffff, 0xffff, 0xffff, 0xffff, 0xffff, 0xffff, 0xffff, 0xffff, 0xffff, 0xffff, 0xffff, 0xffff, 0xffff, 0xffff, 0xffff, 0xffff, 0xffff, 0xffff, 0xffff, 0xffff, 0xffff, 0xffff, 0xffff, 0xffff, 0xffff, 0xffff, 0xffff, 0xffff, 0xffff, 0xffff, 0xffff, 0xffff, 0xffff, 0xffff, 0xffff, 0xffff, 0xffff, 0xffff, 0xffff, 0xffff, 0xffff, 0xffff, 0xffff, 0xffff, 0xffff, 0xffff, 0xffff, 0xffff, 0xffff, 0xffff, 0xffff, 0xffff, 0xffff, 0xffff, 0xffff, 0xffff, 0xffff, 0xffff, 0xffff, 0xffff, 0xffff, 0xffff, 0xffff, 0xffff, 0xffff, 0xffff, 0xffff, 0xffff, 0xffff, 0xffff, 0xffff, 0xffff, 0xffff, 0xffff, 0xffff, 0xffff, 0xffff, 0xffff, 0xffff, 0xffff, 0xffff, 0xffff, 0xffff, 0xffff, 0xffff, 0xffff, 0xffff, 0xffff, 0xffff, 0xffff, 0xef5d, 0xce59, 0xb575, 0x9492, 0x8c30, 0x7bae, 0x736d, 0x6b2c, 0x6b2c, 0x6b4c, 0x6b4c, 0x6b4c, 0x6b4c, 0x6b4c, 0x6b4c, 0x6b4c, 0x6b4c, 0x6b4c, 0x6b4c, 0x6b4c, 0x6b4c, 0x6b4c, 0x6b4c, 0x6b4c, 0x6b4c, 0x6b4c, 0x6b4c, 0x6b4c, 0x6b4c, 0x6b4c, 0x6b4c, 0x6b4c, 0x6b2c, 0x6b2c, 0x6b2c, 0x6b2c, 0x6b2c, 0x6b2c, 0x6b2c, 0x6b2c, 0x6b2c, 0x6b2c, 0x6b4c, 0x6b4c, 0x6b4c, 0x6b4c, 0x6b4c, 0x6b4c, 0x6b4c, 0x6b4c, 0x6b4c, 0x6b4c, 0x6b4c, 0x6b4c, 0x6b4c, 0x6b4c, 0x6b4c, 0x6b4c, 0x6b4c, 0x6b4c, 0x6b4c, 0x6b4c, 0x6b4c, 0x6b2c, 0x6b2c, 0x6b0b, 0x6b4c, 0x83ef, 0xad34, 0xc618, 0xd6ba, 0xe73c, 0xf79e, 0xffdf, 0xffff, 0xffff, 0xffff, 0xffdf, 0xf79f, 0xe71f, 0xd69f, 0xb57e, 0x8c5e, 0x4a5d, 0x107c, 0x083c, 0x081c, 0x101c, 0x181c, 0x181c, 0x181c, 0x181c, 0x181c, 0x181c, 0x181c, 0x181c, 0x181c, 0x181c, 0x181c, 0x181c, 0x181c, 0x181c, 0x181c, 0x181c, 0x101c, 0x081c, 0x083c, 0x10bc, 0x6b3d, 0xb59e, 0xdeff, 0xffff, 0xffff, 0xffff, 0xffff, 0xffff, 0xffff, 0xffff, 0xffff, 0xffff, 0xffff, 0xffff, 0xffff, 0xffff, 0xffff, 0xffff, 0xffff, 0xffff, 0xffff, 0xffff, 0xffff, 0xffff, 0xffff, 0xffff, 0xffff, 0xffff, 0xffff, 0xffff, 0xffff, 0xffff, 0xffff, 0xffff, 0xffff, 0xffff, 0xffff, 0xffff, 0xffff, 0xffff, 0xffff, 0xffff, 0xffff, 0xffff, 0xffff, 0xffff, 0xffff, 0xffff, 0xffff, 0xffff, 0xffff, 0xffff, 0xffff, 0xffff, 0xffff, 0xffff, 0xffff, 0xffff, 0xffff, 0xffff, 0xffff, 0xffff, 0xffff, 0xffff, 0xffff, 0xffff, 0xffff, 0xffff, 0xffff, 0xffff, 0xffff, 0xffff, 0xffff, 0xffff, 0xffff, 0xffff, 0xffff, 0xffff, 0xffff, 0xffff, 0xffff, 0xffff, 0xffff, 0xffff, 0xffff, 0xffff, 0xffff, 0xffff, 0xffff, 0xffff, 0xffff, 0xffff, 0xffff, 0xffff, 0xffff, 0xffff, 0xffff, 0xffff, 0xffff, 0xffff, 0xffff, 0xffff, 0xffff, 0xffff, 0xffff, 0xffff, 0xffff, 0xffff, 0xffff, 0xffff, 0xffff, 0xffff, 0xffff, 0xffff, 0xffff, 0xffff, 0xffff, 0xffff, 0xffff, 0xffff, 0xffff, 0xffff, 0xffff, 0xffff, 0xffff, 0xffff, 0xffff, 0xffff, 0xffff, 0xffff, 0xffff, 0xffff, 0xe73c, 0xbdf7, 0x9cd3, 0x7bce, 0x738d, 0x736d, 0x734c, 0x6b4c, 0x6b4c, 0x6b4c, 0x6b4c, 0x6b4c, 0x6b4c, 0x6b4c, 0x6b4c, 0x6b4c, 0x6b4c, 0x6b4c, 0x6b4c, 0x6b4c, 0x6b4c, 0x6b4c, 0x6b4c, 0x6b4c, 0x6b4c, 0x6b4c, 0x6b4c, 0x734c, 0x734d, 0x736d, 0x7b8e, 0x83ef, 0x8c30, 0x8c51, 0x9471, 0x9491, 0x9492, 0x9492, 0x9492, 0x9492, 0x9491, 0x8c50, 0x840f, 0x7bce, 0x738d, 0x736d, 0x736d, 0x6b4c, 0x6b4c, 0x6b4c, 0x6b4c, 0x6b4c, 0x6b4c, 0x6b4c, 0x6b4c, 0x6b4c, 0x6b4c, 0x6b4c, 0x6b4c, 0x6b4c, 0x6b4c, 0x6b4c, 0x6b4c, 0x6b2c, 0x6b2c, 0x6b0b, 0x6b4c, 0x83ef, 0xad34, 0xc618, 0xd6ba, 0xe73c, 0xf79e, 0xffdf, 0xffff, 0xffff, 0xffff, 0xffdf, 0xf79f, 0xe71f, 0xd69f, 0xb57e, 0x8c5e, 0x4a5d, 0x107c, 0x083c, 0x081c, 0x101c, 0x181c, 0x181c, 0x181c, 0x181c, 0x181c, 0x181c, 0x181c, 0x181c, 0x181c, 0x181c, 0x181c, 0x181c, 0x181c, 0x181c, 0x181c, 0x181c, 0x101c, 0x081c, 0x083c, 0x109c, 0x5afd, 0xa51e, 0xce5f, 0xef5f, 0xf79f, 0xffdf, 0xffff, 0xffff, 0xffff, 0xffff, 0xffff, 0xffff, 0xffff, 0xffff, 0xffff, 0xffff, 0xffff, 0xffff, 0xffff, 0xffff, 0xffff, 0xffff, 0xffff, 0xffff, 0xffff, 0xffff, 0xffff, 0xffff, 0xffff, 0xffff, 0xffff, 0xffff, 0xffff, 0xffff, 0xffff, 0xffff, 0xffff, 0xffff, 0xffff, 0xffff, 0xffff, 0xffff, 0xffff, 0xffff, 0xffff, 0xffff, 0xffff, 0xffff, 0xffff, 0xffff, 0xffff, 0xffff, 0xffff, 0xffff, 0xffff, 0xffff, 0xffff, 0xffff, 0xffff, 0xffff, 0xffff, 0xffff, 0xffff, 0xffff, 0xffff, 0xffff, 0xffff, 0xffff, 0xffff, 0xffff, 0xffff, 0xffff, 0xffff, 0xffff, 0xffff, 0xffff, 0xffff, 0xffff, 0xffff, 0xffff, 0xffff, 0xffff, 0xffff, 0xffff, 0xffff, 0xffff, 0xffff, 0xffff, 0xffff, 0xffff, 0xffff, 0xffff, 0xffff, 0xffff, 0xffff, 0xffff, 0xffff, 0xffff, 0xffff, 0xffff, 0xffff, 0xffff, 0xffff, 0xffff, 0xffff, 0xffff, 0xffff, 0xffff, 0xffff, 0xffff, 0xffff, 0xffff, 0xffff, 0xffff, 0xffff, 0xffff, 0xffff, 0xffff, 0xffff, 0xffff, 0xffff, 0xffff, 0xffff, 0xffff, 0xffff, 0xffff, 0xffff, 0xffff, 0xffff, 0xffff, 0xffff, 0xffff, 0xe71c, 0xb596, 0x9471, 0x6b4c, 0x6b0c, 0x6b2c, 0x6b2c, 0x6b4c, 0x6b4c, 0x6b4c, 0x6b4c, 0x6b4c, 0x6b4c, 0x6b4c, 0x6b4c, 0x6b4c, 0x6b4c, 0x6b4c, 0x6b4c, 0x6b4c, 0x6b4c, 0x6b4c, 0x6b4c, 0x6b4c, 0x6b4c, 0x6b4c, 0x6b4c, 0x734d, 0x736d, 0x7bae, 0x83ef, 0x9471, 0xa513, 0xad34, 0xad75, 0xb595, 0xb5b6, 0xb5b6, 0xbdb6, 0xbdb6, 0xb595, 0xa534, 0x9cb2, 0x8c30, 0x7bce, 0x7bae, 0x736d, 0x734c, 0x6b4c, 0x6b4c, 0x6b4c, 0x6b4c, 0x6b4c, 0x6b4c, 0x6b4c, 0x6b4c, 0x6b4c, 0x6b4c, 0x6b4c, 0x6b4c, 0x6b4c, 0x6b4c, 0x6b4c, 0x6b2c, 0x6b2c, 0x6b0b, 0x6b4c, 0x83ef, 0xad34, 0xc618, 0xd6ba, 0xe73c, 0xf79e, 0xffdf, 0xffff, 0xffff, 0xffff, 0xffdf, 0xf79f, 0xe71f, 0xd69f, 0xb57e, 0x8c5e, 0x4a5d, 0x107c, 0x083c, 0x081c, 0x101c, 0x181c, 0x181c, 0x181c, 0x181c, 0x181c, 0x181c, 0x181c, 0x181c, 0x181c, 0x181c, 0x181c, 0x181c, 0x181c, 0x181c, 0x181c, 0x181c, 0x101c, 0x081c, 0x083c, 0x109c, 0x52bd, 0x94be, 0xbdde, 0xdedf, 0xef5f, 0xf7bf, 0xffdf, 0xffff, 0xffff, 0xffff, 0xffff, 0xffff, 0xffff, 0xffff, 0xffff, 0xffff, 0xffff, 0xffff, 0xffff, 0xffff, 0xffff, 0xffff, 0xffff, 0xffff, 0xffff, 0xffff, 0xffff, 0xffff, 0xffff, 0xffff, 0xffff, 0xffff, 0xffff, 0xffff, 0xffff, 0xffff, 0xffff, 0xffff, 0xffff, 0xffff, 0xffff, 0xffff, 0xffff, 0xffff, 0xffff, 0xffff, 0xffff, 0xffff, 0xffff, 0xffff, 0xffff, 0xffff, 0xffff, 0xffff, 0xffff, 0xffff, 0xffff, 0xffff, 0xffff, 0xffff, 0xffff, 0xffff, 0xffff, 0xffff, 0xffff, 0xffff, 0xffff, 0xffff, 0xffff, 0xffff, 0xffff, 0xffff, 0xffff, 0xffff, 0xffff, 0xffff, 0xffff, 0xffff, 0xffff, 0xffff, 0xffff, 0xffff, 0xffff, 0xffff, 0xffff, 0xffff, 0xffff, 0xffff, 0xffff, 0xffff, 0xffff, 0xffff, 0xffff, 0xffff, 0xffff, 0xffff, 0xffff, 0xffff, 0xffff, 0xffff, 0xffff, 0xffff, 0xffff, 0xffff, 0xffff, 0xffff, 0xffff, 0xffff, 0xffff, 0xffff, 0xffff, 0xffff, 0xffff, 0xffff, 0xffff, 0xffff, 0xffff, 0xffff, 0xffff, 0xffff, 0xffff, 0xffff, 0xffff, 0xffff, 0xffff, 0xffff, 0xffff, 0xffff, 0xffff, 0xffff, 0xffff, 0xffff, 0xe71c, 0xb596, 0x9471, 0x6b2c, 0x6b0b, 0x6b2c, 0x6b2c, 0x6b4c, 0x6b4c, 0x6b4c, 0x6b4c, 0x6b4c, 0x6b4c, 0x6b4c, 0x6b4c, 0x6b4c, 0x6b4c, 0x6b4c, 0x6b4c, 0x6b4c, 0x6b4c, 0x6b4c, 0x6b4c, 0x6b4c, 0x6b4c, 0x734c, 0x734d, 0x736d, 0x7b8e, 0x83ef, 0x9471, 0xb575, 0xce79, 0xd6ba, 0xdefb, 0xe71c, 0xe73c, 0xe73c, 0xe73c, 0xe73c, 0xe6fb, 0xce59, 0xb596, 0x9cb2, 0x8c30, 0x83cf, 0x738d, 0x6b4c, 0x6b2c, 0x6b2c, 0x6b4c, 0x6b4c, 0x6b4c, 0x6b4c, 0x6b4c, 0x6b4c, 0x6b4c, 0x6b4c, 0x6b4c, 0x6b4c, 0x6b4c, 0x6b4c, 0x6b4c, 0x6b2c, 0x6b2c, 0x6b0b, 0x6b4c, 0x83ef, 0xad34, 0xc618, 0xd6ba, 0xe73c, 0xf79e, 0xffdf, 0xffff, 0xffff, 0xffff, 0xffdf, 0xf79f, 0xe71f, 0xd69f, 0xb57e, 0x8c5e, 0x4a5d, 0x107c, 0x083c, 0x081c, 0x101c, 0x181c, 0x181c, 0x181c, 0x181c, 0x181c, 0x181c, 0x181c, 0x181c, 0x181c, 0x181c, 0x181c, 0x181c, 0x181c, 0x181c, 0x181c, 0x181c, 0x101c, 0x081c, 0x083c, 0x109c, 0x529d, 0x947e, 0xb59e, 0xd67f, 0xe71f, 0xf79f, 0xffdf, 0xffff, 0xffff, 0xffff, 0xffff, 0xffff, 0xffff, 0xffff, 0xffff, 0xffff, 0xffff, 0xffff, 0xffff, 0xffff, 0xffff, 0xffff, 0xffff, 0xffff, 0xffff, 0xffff, 0xffff, 0xffff, 0xffff, 0xffff, 0xffff, 0xffff, 0xffff, 0xffff, 0xffff, 0xffff, 0xffff, 0xffff, 0xffff, 0xffff, 0xffff, 0xffff, 0xffff, 0xffff, 0xffff, 0xffff, 0xffff, 0xffff, 0xffff, 0xffff, 0xffff, 0xffff, 0xffff, 0xffff, 0xffff, 0xffff, 0xffff, 0xffff, 0xffff, 0xffff, 0xffff, 0xffff, 0xffff, 0xffff, 0xffff, 0xffff, 0xffff, 0xffff, 0xffff, 0xffff, 0xffff, 0xffff, 0xffff, 0xffff, 0xffff, 0xffff, 0xffff, 0xffff, 0xffff, 0xffff, 0xffff, 0xffff, 0xffff, 0xffff, 0xffff, 0xffff, 0xffff, 0xffff, 0xffff, 0xffff, 0xffff, 0xffff, 0xffff, 0xffff, 0xffff, 0xffff, 0xffff, 0xffff, 0xffff, 0xffff, 0xffff, 0xffff, 0xffff, 0xffff, 0xffff, 0xffff, 0xffff, 0xffff, 0xffff, 0xffff, 0xffff, 0xffff, 0xffff, 0xffff, 0xffff, 0xffff, 0xffff, 0xffff, 0xffff, 0xffff, 0xffff, 0xffff, 0xffff, 0xffff, 0xffff, 0xffff, 0xffff, 0xffff, 0xffff, 0xffff, 0xffff, 0xffff, 0xe71c, 0xb596, 0x9451, 0x6b2c, 0x630b, 0x6b2c, 0x6b2c, 0x6b4c, 0x6b4c, 0x6b4c, 0x6b4c, 0x6b4c, 0x6b4c, 0x6b4c, 0x6b4c, 0x6b4c, 0x6b4c, 0x6b4c, 0x6b4c, 0x6b4c, 0x6b4c, 0x6b4c, 0x6b4c, 0x6b4c, 0x6b4c, 0x734c, 0x734d, 0x738d, 0x7bae, 0x8c30, 0x9cb2, 0xbdd7, 0xe71c, 0xef7d, 0xf7be, 0xffdf, 0xffff, 0xffff, 0xffff, 0xffff, 0xf7be, 0xdefb, 0xc618, 0xa513, 0x8c51, 0x83ef, 0x7bae, 0x6b4c, 0x6b2c, 0x6b2c, 0x6b2c, 0x6b4c, 0x6b4c, 0x6b4c, 0x6b4c, 0x6b4c, 0x6b4c, 0x6b4c, 0x6b4c, 0x6b4c, 0x6b4c, 0x6b4c, 0x6b4c, 0x6b2c, 0x6b2c, 0x6b0b, 0x6b4c, 0x83ef, 0xad34, 0xc618, 0xd6ba, 0xe73c, 0xf79e, 0xffdf, 0xffff, 0xffff, 0xffff, 0xffdf, 0xf79f, 0xe71f, 0xd69f, 0xb57e, 0x8c5e, 0x4a5d, 0x107c, 0x083c, 0x081c, 0x101c, 0x181c, 0x181c, 0x181c, 0x181c, 0x181c, 0x181c, 0x181c, 0x181c, 0x181c, 0x181c, 0x181c, 0x181c, 0x181c, 0x181c, 0x181c, 0x181c, 0x101c, 0x081c, 0x083c, 0x107c, 0x527d, 0x8c5e, 0xb55e, 0xce5f, 0xe6ff, 0xf79f, 0xffdf, 0xffff, 0xffff, 0xffff, 0xffff, 0xffff, 0xffff, 0xffff, 0xffff, 0xffff, 0xffff, 0xffff, 0xffff, 0xffff, 0xffff, 0xffff, 0xffff, 0xffff, 0xffff, 0xffff, 0xffff, 0xffff, 0xffff, 0xffff, 0xffff, 0xffff, 0xffff, 0xffff, 0xffff, 0xffff, 0xffff, 0xffff, 0xffff, 0xffff, 0xffff, 0xffff, 0xffff, 0xffff, 0xffff, 0xffff, 0xffff, 0xffff, 0xffff, 0xffff, 0xffff, 0xffff, 0xffff, 0xffff, 0xffff, 0xffff, 0xffff, 0xffff, 0xffff, 0xffff, 0xffff, 0xffff, 0xffff, 0xffff, 0xffff, 0xffff, 0xffff, 0xffff, 0xffff, 0xffff, 0xffff, 0xffff, 0xffff, 0xffff, 0xffff, 0xffff, 0xffff, 0xffff, 0xffff, 0xffff, 0xffff, 0xffff, 0xffff, 0xffff, 0xffff, 0xffff, 0xffff, 0xffff, 0xffff, 0xffff, 0xffff, 0xffff, 0xffff, 0xffff, 0xffff, 0xffff, 0xffff, 0xffff, 0xffff, 0xffff, 0xffff, 0xffff, 0xffff, 0xffff, 0xffff, 0xffff, 0xffff, 0xffff, 0xffff, 0xffff, 0xffff, 0xffff, 0xffff, 0xffff, 0xffff, 0xffff, 0xffff, 0xffff, 0xffff, 0xffff, 0xffff, 0xffff, 0xffff, 0xffff, 0xffff, 0xffff, 0xffff, 0xffff, 0xffff, 0xffff, 0xffff, 0xffff, 0xe71c, 0xb596, 0x9451, 0x6b2c, 0x630b, 0x6b2c, 0x6b2c, 0x6b4c, 0x6b4c, 0x6b4c, 0x6b4c, 0x6b4c, 0x6b4c, 0x6b4c, 0x6b4c, 0x6b4c, 0x6b4c, 0x6b4c, 0x6b4c, 0x6b4c, 0x6b4c, 0x6b4c, 0x6b4c, 0x6b4c, 0x6b4c, 0x734c, 0x734d, 0x738d, 0x7bae, 0x8c30, 0x9cb2, 0xbdd7, 0xe71c, 0xef5d, 0xf7be, 0xffdf, 0xffff, 0xffff, 0xffff, 0xffff, 0xf7be, 0xdefb, 0xc618, 0xa513, 0x8c51, 0x83ef, 0x7bae, 0x6b4c, 0x6b2c, 0x6b2c, 0x6b2c, 0x6b4c, 0x6b4c, 0x6b4c, 0x6b4c, 0x6b4c, 0x6b4c, 0x6b4c, 0x6b4c, 0x6b4c, 0x6b4c, 0x6b4c, 0x6b4c, 0x6b2c, 0x6b2c, 0x6b0b, 0x6b4c, 0x83ef, 0xad34, 0xc618, 0xd6ba, 0xe73c, 0xf79e, 0xffdf, 0xffff, 0xffff, 0xffff, 0xffdf, 0xf79f, 0xe71f, 0xd69f, 0xb57e, 0x8c5e, 0x4a5d, 0x107c, 0x083c, 0x081c, 0x101c, 0x181c, 0x181c, 0x181c, 0x181c, 0x181c, 0x181c, 0x181c, 0x181c, 0x181c, 0x181c, 0x181c, 0x181c, 0x181c, 0x181c, 0x181c, 0x181c, 0x101c, 0x081c, 0x083c, 0x087c, 0x4a7d, 0x8c3e, 0xad3e, 0xce3f, 0xdedf, 0xf77f, 0xffdf, 0xffff, 0xffff, 0xffff, 0xffff, 0xffff, 0xffff, 0xffff, 0xffff, 0xffff, 0xffff, 0xffff, 0xffff, 0xffff, 0xffff, 0xffff, 0xffff, 0xffff, 0xffff, 0xffff, 0xffff, 0xffff, 0xffff, 0xffff, 0xffff, 0xffff, 0xffff, 0xffff, 0xffff, 0xffff, 0xffff, 0xffff, 0xffff, 0xffff, 0xffff, 0xffff, 0xffff, 0xffff, 0xffff, 0xffff, 0xffff, 0xffff, 0xffff, 0xffff, 0xffff, 0xffff, 0xffff, 0xffff, 0xffff, 0xffff, 0xffff, 0xffff, 0xffff, 0xffff, 0xffff, 0xffff, 0xffff, 0xffff, 0xffff, 0xffff, 0xffff, 0xffff, 0xffff, 0xffff, 0xffff, 0xffff, 0xffff, 0xffff, 0xffff, 0xffff, 0xffff, 0xffff, 0xffff, 0xffff, 0xffff, 0xffff, 0xffff, 0xffff, 0xffff, 0xffff, 0xffff, 0xffff, 0xffff, 0xffff, 0xffff, 0xffff, 0xffff, 0xffff, 0xffff, 0xffff, 0xffff, 0xffff, 0xffff, 0xffff, 0xffff, 0xffff, 0xffff, 0xffff, 0xffff, 0xffff, 0xffff, 0xffff, 0xffff, 0xffff, 0xffff, 0xffff, 0xffff, 0xffff, 0xffff, 0xffff, 0xffff, 0xffff, 0xffff, 0xffff, 0xffff, 0xffff, 0xffff, 0xffff, 0xffff, 0xffff, 0xffff, 0xffff, 0xffff, 0xffff, 0xffff, 0xffff, 0xe71c, 0xb596, 0x9451, 0x6b2c, 0x630b, 0x6b2c, 0x6b2c, 0x6b4c, 0x6b4c, 0x6b4c, 0x6b4c, 0x6b4c, 0x6b4c, 0x6b4c, 0x6b4c, 0x6b4c, 0x6b4c, 0x6b4c, 0x6b4c, 0x6b4c, 0x6b4c, 0x6b4c, 0x6b4c, 0x6b4c, 0x6b4c, 0x734c, 0x734d, 0x738d, 0x7bae, 0x8c30, 0x9cb2, 0xbdd7, 0xe71c, 0xef5d, 0xf7be, 0xffdf, 0xffff, 0xffff, 0xffff, 0xffff, 0xf7be, 0xdefb, 0xc618, 0xa513, 0x8c51, 0x83ef, 0x7bae, 0x6b4c, 0x6b2c, 0x6b2c, 0x6b2c, 0x6b4c, 0x6b4c, 0x6b4c, 0x6b4c, 0x6b4c, 0x6b4c, 0x6b4c, 0x6b4c, 0x6b4c, 0x6b4c, 0x6b4c, 0x6b4c, 0x6b2c, 0x6b2c, 0x6b0b, 0x6b4c, 0x83ef, 0xad34, 0xc618, 0xd6ba, 0xe73c, 0xf79e, 0xffdf, 0xffff, 0xffff, 0xffff, 0xffdf, 0xf79f, 0xe71f, 0xd69f, 0xb57e, 0x8c5e, 0x4a5d, 0x107c, 0x083c, 0x081c, 0x101c, 0x181c, 0x181c, 0x181c, 0x181c, 0x181c, 0x181c, 0x181c, 0x181c, 0x181c, 0x181c, 0x181c, 0x181c, 0x181c, 0x181c, 0x181c, 0x181c, 0x101c, 0x081c, 0x083c, 0x087c, 0x4a5d, 0x841e, 0xad1e, 0xce1f, 0xdedf, 0xf77f, 0xffdf, 0xffff, 0xffff, 0xffff, 0xffff, 0xffff, 0xffff, 0xffff, 0xffff, 0xffff, 0xffff, 0xffff, 0xffff, 0xffff, 0xffff, 0xffff, 0xffff, 0xffff, 0xffff, 0xffff, 0xffff, 0xffff, 0xffff, 0xffff, 0xffff, 0xffff, 0xffff, 0xffff, 0xffff, 0xffff, 0xffff, 0xffff, 0xffff, 0xffff, 0xffff, 0xffff, 0xffff, 0xffff, 0xffff, 0xffff, 0xffff, 0xffff, 0xffff, 0xffff, 0xffff, 0xffff, 0xffff, 0xffff, 0xffff, 0xffff, 0xffff, 0xffff, 0xffff, 0xffff, 0xffff, 0xffff, 0xffff, 0xffff, 0xffff, 0xffff, 0xffff, 0xffff, 0xffff, 0xffff, 0xffff, 0xffff, 0xffff, 0xffff, 0xffff, 0xffff, 0xffff, 0xffff, 0xffff, 0xffff, 0xffff, 0xffff, 0xffff, 0xffff, 0xffff, 0xffff, 0xffff, 0xffff, 0xffff, 0xffff, 0xffff, 0xffff, 0xffff, 0xffff, 0xffff, 0xffff, 0xffff, 0xffff, 0xffff, 0xffff, 0xffff, 0xffff, 0xffff, 0xffff, 0xffff, 0xffff, 0xffff, 0xffff, 0xffff, 0xffff, 0xffff, 0xffff, 0xffff, 0xffff, 0xffff, 0xffff, 0xffff, 0xffff, 0xffff, 0xffff, 0xffff, 0xffff, 0xffff, 0xffff, 0xffff, 0xffff, 0xffff, 0xffff, 0xffff, 0xffff, 0xffff, 0xffff, 0xe71c, 0xb596, 0x9451, 0x6b2c, 0x630b, 0x6b2c, 0x6b2c, 0x6b4c, 0x6b4c, 0x6b4c, 0x6b4c, 0x6b4c, 0x6b4c, 0x6b4c, 0x6b4c, 0x6b4c, 0x6b4c, 0x6b4c, 0x6b4c, 0x6b4c, 0x6b4c, 0x6b4c, 0x6b4c, 0x6b4c, 0x6b4c, 0x734c, 0x734d, 0x738d, 0x7bae, 0x8c30, 0x9cb2, 0xbdd7, 0xe71c, 0xef5d, 0xf7be, 0xffdf, 0xffff, 0xffff, 0xffff, 0xffff, 0xf7be, 0xdefb, 0xc618, 0xa513, 0x8c51, 0x83ef, 0x7bae, 0x6b4c, 0x6b2c, 0x6b2c, 0x6b2c, 0x6b4c, 0x6b4c, 0x6b4c, 0x6b4c, 0x6b4c, 0x6b4c, 0x6b4c, 0x6b4c, 0x6b4c, 0x6b4c, 0x6b4c, 0x6b4c, 0x6b2c, 0x6b2c, 0x6b0b, 0x6b4c, 0x83ef, 0xad34, 0xc618, 0xd6ba, 0xe73c, 0xf79e, 0xffdf, 0xffff, 0xffff, 0xffff, 0xffdf, 0xf79f, 0xe71f, 0xd69f, 0xb57e, 0x8c5e, 0x4a5d, 0x107c, 0x083c, 0x081c, 0x101c, 0x181c, 0x181c, 0x181c, 0x181c, 0x181c, 0x181c, 0x181c, 0x181c, 0x181c, 0x181c, 0x181c, 0x181c, 0x181c, 0x181c, 0x181c, 0x181c, 0x101c, 0x081c, 0x083c, 0x087c, 0x4a5d, 0x841e, 0xad1e, 0xce1f, 0xdedf, 0xf77f, 0xffdf, 0xffff, 0xffff, 0xffff, 0xffff, 0xffff, 0xffff, 0xffff, 0xffff, 0xffff, 0xffff, 0xffff, 0xffff, 0xffff, 0xffff, 0xffff, 0xffff, 0xffff, 0xffff, 0xffff, 0xffff, 0xffff, 0xffff, 0xffff, 0xffff, 0xffff, 0xffff, 0xffff, 0xffff, 0xffff, 0xffff, 0xffff, 0xffff, 0xffff, 0xffff, 0xffff, 0xffff, 0xffff, 0xffff, 0xffff, 0xffff, 0xffff, 0xffff, 0xffff, 0xffff, 0xffff, 0xffff, 0xffff, 0xffff, 0xffff, 0xffff, 0xffff, 0xffff, 0xffff, 0xffff, 0xffff, 0xffff, 0xffff, 0xffff, 0xffff, 0xffff, 0xffff, 0xffff, 0xffff, 0xffff, 0xffff, 0xffff, 0xffff, 0xffff, 0xffff, 0xffff, 0xffff, 0xffff, 0xffff, 0xffff, 0xffff, 0xffff, 0xffff, 0xffff, 0xffff, 0xffff, 0xffff, 0xffff, 0xffff, 0xffff, 0xffff, 0xffff, 0xffff, 0xffff, 0xffff, 0xffff, 0xffff, 0xffff, 0xffff, 0xffff, 0xffff, 0xffff, 0xffff, 0xffff, 0xffff, 0xffff, 0xffff, 0xffff, 0xffff, 0xffff, 0xffff, 0xffff, 0xffff, 0xffff, 0xffff, 0xffff, 0xffff, 0xffff, 0xffff, 0xffff, 0xffff, 0xffff, 0xffff, 0xffff, 0xffff, 0xffff, 0xffff, 0xffff, 0xffff, 0xffff, 0xffff, 0xe71c, 0xb596, 0x9451, 0x6b2c, 0x630b, 0x6b2c, 0x6b2c, 0x6b4c, 0x6b4c, 0x6b4c, 0x6b4c, 0x6b4c, 0x6b4c, 0x6b4c, 0x6b4c, 0x6b4c, 0x6b4c, 0x6b4c, 0x6b4c, 0x6b4c, 0x6b4c, 0x6b4c, 0x6b4c, 0x6b4c, 0x6b4c, 0x734c, 0x734d, 0x738d, 0x7bae, 0x8c30, 0x9cb2, 0xbdd7, 0xe71c, 0xef5d, 0xf7be, 0xffdf, 0xffff, 0xffff, 0xffff, 0xffff, 0xf7be, 0xdefb, 0xc618, 0xa513, 0x8c51, 0x83ef, 0x7bae, 0x6b4c, 0x6b2c, 0x6b2c, 0x6b2c, 0x6b4c, 0x6b4c, 0x6b4c, 0x6b4c, 0x6b4c, 0x6b4c, 0x6b4c, 0x6b4c, 0x6b4c, 0x6b4c, 0x6b4c, 0x6b4c, 0x6b2c, 0x6b2c, 0x6b0b, 0x6b4c, 0x83ef, 0xad34, 0xc618, 0xd6ba, 0xe73c, 0xf79e, 0xffdf, 0xffff, 0xffff, 0xffff, 0xffdf, 0xf79f, 0xe71f, 0xd69f, 0xb57e, 0x8c5e, 0x4a5d, 0x107c, 0x083c, 0x081c, 0x101c, 0x181c, 0x181c, 0x181c, 0x181c, 0x181c, 0x181c, 0x181c, 0x181c, 0x181c, 0x181c, 0x181c, 0x181c, 0x181c, 0x181c, 0x181c, 0x181c, 0x101c, 0x081c, 0x083c, 0x087c, 0x4a5d, 0x841e, 0xad1e, 0xce1f, 0xdedf, 0xf77f, 0xffdf, 0xffff, 0xffff, 0xffff, 0xffff, 0xffff, 0xffff, 0xffff, 0xffff, 0xffff, 0xffff, 0xffff, 0xffff, 0xffff, 0xffff, 0xffff, 0xffff, 0xffff, 0xffff, 0xffff, 0xffff, 0xffff, 0xffff, 0xffff, 0xffff, 0xffff, 0xffff, 0xffff, 0xffff, 0xffff, 0xffff, 0xffff, 0xffff, 0xffff, 0xffff, 0xffff, 0xffff, 0xffff, 0xffff, 0xffff, 0xffff, 0xffff, 0xffff, 0xffff, 0xffff, 0xffff, 0xffff, 0xffff, 0xffff, 0xffff, 0xffff, 0xffff, 0xffff, 0xffff, 0xffff, 0xffff, 0xffff, 0xffff, 0xffff, 0xffff, 0xffff, 0xffff, 0xffff, 0xffff, 0xffff, 0xffff, 0xffff, 0xffff, 0xffff, 0xffff, 0xffff, 0xffff, 0xffff, 0xffff, 0xffff, 0xffff, 0xffff, 0xffff, 0xffff, 0xffff, 0xffff, 0xffff, 0xffff, 0xffff, 0xffff, 0xffff, 0xffff, 0xffff, 0xffff, 0xffff, 0xffff, 0xffff, 0xffff, 0xffff, 0xffff, 0xffff, 0xffff, 0xffff, 0xffff, 0xffff, 0xffff, 0xffff, 0xffff, 0xffff, 0xffff, 0xffff, 0xffff, 0xffff, 0xffff, 0xffff, 0xffff, 0xffff, 0xffff, 0xffff, 0xffff, 0xffff, 0xffff, 0xffff, 0xffff, 0xffff, 0xffff, 0xffff, 0xffff, 0xffff, 0xffff, 0xffff, 0xe71c, 0xb596, 0x9451, 0x6b2c, 0x630b, 0x6b2c, 0x6b2c, 0x6b4c, 0x6b4c, 0x6b4c, 0x6b4c, 0x6b4c, 0x6b4c, 0x6b4c, 0x6b4c, 0x6b4c, 0x6b4c, 0x6b4c, 0x6b4c, 0x6b4c, 0x6b4c, 0x6b4c, 0x6b4c, 0x6b4c, 0x6b4c, 0x734c, 0x734d, 0x738d, 0x7bae, 0x8c30, 0x9cb2, 0xbdd7, 0xe71c, 0xef5d, 0xf7be, 0xffdf, 0xffff, 0xffff, 0xffff, 0xffff, 0xf7be, 0xdefb, 0xc618, 0xa513, 0x8c51, 0x83ef, 0x7bae, 0x6b4c, 0x6b2c, 0x6b2c, 0x6b2c, 0x6b4c, 0x6b4c, 0x6b4c, 0x6b4c, 0x6b4c, 0x6b4c, 0x6b4c, 0x6b4c, 0x6b4c, 0x6b4c, 0x6b4c, 0x6b4c, 0x6b2c, 0x6b2c, 0x6b0b, 0x6b4c, 0x83ef, 0xad34, 0xc618, 0xd6ba, 0xe73c, 0xf79e, 0xffdf, 0xffff, 0xffff, 0xffff, 0xffdf, 0xf79f, 0xe71f, 0xd69f, 0xb57e, 0x8c5e, 0x4a5d, 0x107c, 0x083c, 0x081c, 0x101c, 0x181c, 0x181c, 0x181c, 0x181c, 0x181c, 0x181c, 0x181c, 0x181c, 0x181c, 0x181c, 0x181c, 0x181c, 0x181c, 0x181c, 0x181c, 0x181c, 0x101c, 0x081c, 0x083c, 0x087c, 0x4a5d, 0x841e, 0xad1e, 0xce1f, 0xdedf, 0xf77f, 0xffdf, 0xffff, 0xffff, 0xffff, 0xffff, 0xffff, 0xffff, 0xffff, 0xffff, 0xffff, 0xffff, 0xffff, 0xffff, 0xffff, 0xffff, 0xffff, 0xffff, 0xffff, 0xffff, 0xffff, 0xffff, 0xffff, 0xffff, 0xffff, 0xffff, 0xffff, 0xffff, 0xffff, 0xffff, 0xffff, 0xffff, 0xffff, 0xffff, 0xffff, 0xffff, 0xffff, 0xffff, 0xffff, 0xffff, 0xffff, 0xffff, 0xffff, 0xffff, 0xffff, 0xffff, 0xffff, 0xffff, 0xffff, 0xffff, 0xffff, 0xffff, 0xffff, 0xffff, 0xffff, 0xffff, 0xffff, 0xffff, 0xffff, 0xffff, 0xffff, 0xffff, 0xffff, 0xffff, 0xffff, 0xffff, 0xffff, 0xffff, 0xffff, 0xffff, 0xffff, 0xffff, 0xffff, 0xffff, 0xffff, 0xffff, 0xffff, 0xffff, 0xffff, 0xffff, 0xffff, 0xffff, 0xffff, 0xffff, 0xffff, 0xffff, 0xffff, 0xffff, 0xffff, 0xffff, 0xffff, 0xffff, 0xffff, 0xffff, 0xffff, 0xffff, 0xffff, 0xffff, 0xffff, 0xffff, 0xffff, 0xffff, 0xffff, 0xffff, 0xffff, 0xffff, 0xffff, 0xffff, 0xffff, 0xffff, 0xffff, 0xffff, 0xffff, 0xffff, 0xffff, 0xffff, 0xffff, 0xffff, 0xffff, 0xffff, 0xffff, 0xffff, 0xffff, 0xffff, 0xffff, 0xffff, 0xffff, 0xe71c, 0xb596, 0x9451, 0x6b2c, 0x630b, 0x6b2c, 0x6b2c, 0x6b4c, 0x6b4c, 0x6b4c, 0x6b4c, 0x6b4c, 0x6b4c, 0x6b4c, 0x6b4c, 0x6b4c, 0x6b4c, 0x6b4c, 0x6b4c, 0x6b4c, 0x6b4c, 0x6b4c, 0x6b4c, 0x6b4c, 0x6b4c, 0x734c, 0x734d, 0x738d, 0x7bae, 0x8c30, 0x9cb2, 0xbdd7, 0xe71c, 0xef5d, 0xf7be, 0xffdf, 0xffff, 0xffff, 0xffff, 0xffff, 0xf7be, 0xdefb, 0xc618, 0xa513, 0x8c51, 0x83ef, 0x7bae, 0x6b4c, 0x6b2c, 0x6b2c, 0x6b2c, 0x6b4c, 0x6b4c, 0x6b4c, 0x6b4c, 0x6b4c, 0x6b4c, 0x6b4c, 0x6b4c, 0x6b4c, 0x6b4c, 0x6b4c, 0x6b4c, 0x6b2c, 0x6b2c, 0x6b0b, 0x6b4c, 0x83ef, 0xad34, 0xc618, 0xd6ba, 0xe73c, 0xf79e, 0xffdf, 0xffff, 0xffff, 0xffff, 0xffdf, 0xf79f, 0xe71f, 0xd69f, 0xb57e, 0x8c5e, 0x4a5d, 0x107c, 0x083c, 0x081c, 0x101c, 0x181c, 0x181c, 0x181c, 0x181c, 0x181c, 0x181c, 0x181c, 0x181c, 0x181c, 0x181c, 0x181c, 0x181c, 0x181c, 0x181c, 0x181c, 0x181c, 0x101c, 0x081c, 0x083c, 0x087c, 0x4a5d, 0x841e, 0xad1e, 0xce1f, 0xdedf, 0xf77f, 0xffdf, 0xffff, 0xffff, 0xffff, 0xffff, 0xffff, 0xffff, 0xffff, 0xffff, 0xffff, 0xffff, 0xffff, 0xffff, 0xffff, 0xffff, 0xffff, 0xffff, 0xffff, 0xffff, 0xffff, 0xffff, 0xffff, 0xffff, 0xffff, 0xffff, 0xffff, 0xffff, 0xffff, 0xffff, 0xffff, 0xffff, 0xffff, 0xffff, 0xffff, 0xffff, 0xffff, 0xffff, 0xffff, 0xffff, 0xffff, 0xffff, 0xffff, 0xffff, 0xffff, 0xffff, 0xffff, 0xffff, 0xffff, 0xffff, 0xffff, 0xffff, 0xffff, 0xffff, 0xffff, 0xffff, 0xffff, 0xffff, 0xffff, 0xffff, 0xffff, 0xffff, 0xffff, 0xffff, 0xffff, 0xffff, 0xffff, 0xffff, 0xffff, 0xffff, 0xffff, 0xffff, 0xffff, 0xffff, 0xffff, 0xffff, 0xffff, 0xffff, 0xffff, 0xffff, 0xffff, 0xffff, 0xffff, 0xffff, 0xffff, 0xffff, 0xffff, 0xffff, 0xffff, 0xffff, 0xffff, 0xffff, 0xffff, 0xffff, 0xffff, 0xffff, 0xffff, 0xffff, 0xffff, 0xffff, 0xffff, 0xffff, 0xffff, 0xffff, 0xffff, 0xffff, 0xffff, 0xffff, 0xffff, 0xffff, 0xffff, 0xffff, 0xffff, 0xffff, 0xffff, 0xffff, 0xffff, 0xffff, 0xffff, 0xffff, 0xffff, 0xffff, 0xffff, 0xffff, 0xffff, 0xffff, 0xffff, 0xe71c, 0xb596, 0x9451, 0x6b2c, 0x630b, 0x6b2c, 0x6b2c, 0x6b4c, 0x6b4c, 0x6b4c, 0x6b4c, 0x6b4c, 0x6b4c, 0x6b4c, 0x6b4c, 0x6b4c, 0x6b4c, 0x6b4c, 0x6b4c, 0x6b4c, 0x6b4c, 0x6b4c, 0x6b4c, 0x6b4c, 0x6b4c, 0x734c, 0x734d, 0x738d, 0x7bae, 0x8c30, 0x9cb2, 0xbdd7, 0xe71c, 0xef5d, 0xf7be, 0xffdf, 0xffff, 0xffff, 0xffff, 0xffff, 0xf7be, 0xdefb, 0xc618, 0xa513, 0x8c51, 0x83ef, 0x7bae, 0x6b4c, 0x6b2c, 0x6b2c, 0x6b2c, 0x6b4c, 0x6b4c, 0x6b4c, 0x6b4c, 0x6b4c, 0x6b4c, 0x6b4c, 0x6b4c, 0x6b4c, 0x6b4c, 0x6b4c, 0x6b4c, 0x6b2c, 0x6b2c, 0x6b0b, 0x6b4c, 0x83ef, 0xad34, 0xc618, 0xd6ba, 0xe73c, 0xf79e, 0xffdf, 0xffff, 0xffff, 0xffff, 0xffdf, 0xf79f, 0xe71f, 0xd69f, 0xb57e, 0x8c5e, 0x4a5d, 0x107c, 0x083c, 0x081c, 0x101c, 0x181c, 0x181c, 0x181c, 0x181c, 0x181c, 0x181c, 0x181c, 0x181c, 0x181c, 0x181c, 0x181c, 0x181c, 0x181c, 0x181c, 0x181c, 0x181c, 0x101c, 0x081c, 0x083c, 0x087c, 0x4a5d, 0x841e, 0xad1e, 0xce1f, 0xdedf, 0xf77f, 0xffdf, 0xffff, 0xffff, 0xffff, 0xffff, 0xffff, 0xffff, 0xffff, 0xffff, 0xffff, 0xffff, 0xffff, 0xffff, 0xffff, 0xffff, 0xffff, 0xffff, 0xffff, 0xffff, 0xffff, 0xffff, 0xffff, 0xffff, 0xffff, 0xffff, 0xffff, 0xffff, 0xffff, 0xffff, 0xffff, 0xffff, 0xffff, 0xffff, 0xffff, 0xffff, 0xffff, 0xffff, 0xffff, 0xffff, 0xffff, 0xffff, 0xffff, 0xffff, 0xffff, 0xffff, 0xffff, 0xffff, 0xffff, 0xffff, 0xffff, 0xffff, 0xffff, 0xffff, 0xffff, 0xffff, 0xffff, 0xffff, 0xffff, 0xffff, 0xffff, 0xffff, 0xffff, 0xffff, 0xffff, 0xffff, 0xffff, 0xffff, 0xffff, 0xffff, 0xffff, 0xffff, 0xffff, 0xffff, 0xffff, 0xffff, 0xffff, 0xffff, 0xffff, 0xffff, 0xffff, 0xffff, 0xffff, 0xffff, 0xffff, 0xffff, 0xffff, 0xffff, 0xffff, 0xffff, 0xffff, 0xffff, 0xffff, 0xffff, 0xffff, 0xffff, 0xffff, 0xffff, 0xffff, 0xffff, 0xffff, 0xffff, 0xffff, 0xffff, 0xffff, 0xffff, 0xffff, 0xffff, 0xffff, 0xffff, 0xffff, 0xffff, 0xffff, 0xffff, 0xffff, 0xffff, 0xffff, 0xffff, 0xffff, 0xffff, 0xffff, 0xffff, 0xffff, 0xffff, 0xffff, 0xffff, 0xffff, 0xe71c, 0xb596, 0x9451, 0x6b2c, 0x630b, 0x6b2c, 0x6b2c, 0x6b4c, 0x6b4c, 0x6b4c, 0x6b4c, 0x6b4c, 0x6b4c, 0x6b4c, 0x6b4c, 0x6b4c, 0x6b4c, 0x6b4c, 0x6b4c, 0x6b4c, 0x6b4c, 0x6b4c, 0x6b4c, 0x6b4c, 0x6b4c, 0x734c, 0x734d, 0x738d, 0x7bae, 0x8c30, 0x9cb2, 0xbdd7, 0xe71c, 0xef5d, 0xf7be, 0xffdf, 0xffff, 0xffff, 0xffff, 0xffff, 0xf7be, 0xdefb, 0xc618, 0xa513, 0x8c51, 0x83ef, 0x7bae, 0x6b4c, 0x6b2c, 0x6b2c, 0x6b2c, 0x6b4c, 0x6b4c, 0x6b4c, 0x6b4c, 0x6b4c, 0x6b4c, 0x6b4c, 0x6b4c, 0x6b4c, 0x6b4c, 0x6b4c, 0x6b4c, 0x6b2c, 0x6b2c, 0x6b0b, 0x6b4c, 0x83ef, 0xad34, 0xc618, 0xd6ba, 0xe73c, 0xf79e, 0xffdf, 0xffff, 0xffff, 0xffff, 0xffdf, 0xf79f, 0xe71f, 0xd69f, 0xb57e, 0x8c5e, 0x4a5d, 0x107c, 0x083c, 0x081c, 0x101c, 0x181c, 0x181c, 0x181c, 0x181c, 0x181c, 0x181c, 0x181c, 0x181c, 0x181c, 0x181c, 0x181c, 0x181c, 0x181c, 0x181c, 0x181c, 0x181c, 0x101c, 0x081c, 0x083c, 0x087c, 0x4a5d, 0x841e, 0xad1e, 0xce1f, 0xdedf, 0xf77f, 0xffdf, 0xffff, 0xffff, 0xffff, 0xffff, 0xffff, 0xffff, 0xffff, 0xffff, 0xffff, 0xffff, 0xffff, 0xffff, 0xffff, 0xffff, 0xffff, 0xffff, 0xffff, 0xffff, 0xffff, 0xffff, 0xffff, 0xffff, 0xffff, 0xffff, 0xffff, 0xffff, 0xffff, 0xffff, 0xffff, 0xffff, 0xffff, 0xffff, 0xffff, 0xffff, 0xffff, 0xffff, 0xffff, 0xffff, 0xffff, 0xffff, 0xffff, 0xffff, 0xffff, 0xffff, 0xffff, 0xffff, 0xffff, 0xffff, 0xffff, 0xffff, 0xffff, 0xffff, 0xffff, 0xffff, 0xffff, 0xffff, 0xffff, 0xffff, 0xffff, 0xffff, 0xffff, 0xffff, 0xffff, 0xffff, 0xffff, 0xffff, 0xffff, 0xffff, 0xffff, 0xffff, 0xffff, 0xffff, 0xffff, 0xffff, 0xffff, 0xffff, 0xffff, 0xffff, 0xffff, 0xffff, 0xffff, 0xffff, 0xffff, 0xffff, 0xffff, 0xffff, 0xffff, 0xffff, 0xffff, 0xffff, 0xffff, 0xffff, 0xffff, 0xffff, 0xffff, 0xffff, 0xffff, 0xffff, 0xffff, 0xffff, 0xffff, 0xffff, 0xffff, 0xffff, 0xffff, 0xffff, 0xffff, 0xffff, 0xffff, 0xffff, 0xffff, 0xffff, 0xffff, 0xffff, 0xffff, 0xffff, 0xffff, 0xffff, 0xffff, 0xffff, 0xffff, 0xffff, 0xffff, 0xffff, 0xffff, 0xe71c, 0xb596, 0x9451, 0x6b2c, 0x630b, 0x6b2c, 0x6b2c, 0x6b4c, 0x6b4c, 0x6b4c, 0x6b4c, 0x6b4c, 0x6b4c, 0x6b4c, 0x6b4c, 0x6b4c, 0x6b4c, 0x6b4c, 0x6b4c, 0x6b4c, 0x6b4c, 0x6b4c, 0x6b4c, 0x6b4c, 0x6b4c, 0x734c, 0x734d, 0x738d, 0x7bae, 0x8c30, 0x9cb2, 0xbdd7, 0xe71c, 0xef5d, 0xf7be, 0xffdf, 0xffff, 0xffff, 0xffff, 0xffff, 0xf7be, 0xdefb, 0xc618, 0xa513, 0x8c51, 0x83ef, 0x7bae, 0x6b4c, 0x6b2c, 0x6b2c, 0x6b2c, 0x6b4c, 0x6b4c, 0x6b4c, 0x6b4c, 0x6b4c, 0x6b4c, 0x6b4c, 0x6b4c, 0x6b4c, 0x6b4c, 0x6b4c, 0x6b4c, 0x6b2c, 0x6b2c, 0x6b0b, 0x6b4c, 0x83ef, 0xad34, 0xc618, 0xd6ba, 0xe73c, 0xf79e, 0xffdf, 0xffff, 0xffff, 0xffff, 0xffdf, 0xf79f, 0xe71f, 0xd69f, 0xb57e, 0x8c5e, 0x4a5d, 0x107c, 0x083c, 0x081c, 0x101c, 0x181c, 0x181c, 0x181c, 0x181c, 0x181c, 0x181c, 0x181c, 0x181c, 0x181c, 0x181c, 0x181c, 0x181c, 0x181c, 0x181c, 0x181c, 0x181c, 0x101c, 0x081c, 0x083c, 0x087c, 0x4a5d, 0x841e, 0xad1e, 0xce1f, 0xdedf, 0xf77f, 0xffdf, 0xffff, 0xffff, 0xffff, 0xffff, 0xffff, 0xffff, 0xffff, 0xffff, 0xffff, 0xffff, 0xffff, 0xffff, 0xffff, 0xffff, 0xffff, 0xffff, 0xffff, 0xffff, 0xffff, 0xffff, 0xffff, 0xffff, 0xffff, 0xffff, 0xffff, 0xffff, 0xffff, 0xffff, 0xffff, 0xffff, 0xffff, 0xffff, 0xffff, 0xffff, 0xffff, 0xffff, 0xffff, 0xffff, 0xffff, 0xffff, 0xffff, 0xffff, 0xffff, 0xffff, 0xffff, 0xffff, 0xffff, 0xffff, 0xffff, 0xffff, 0xffff, 0xffff, 0xffff, 0xffff, 0xffff, 0xffff, 0xffff, 0xffff, 0xffff, 0xffff, 0xffff, 0xffff, 0xffff, 0xffff, 0xffff, 0xffff, 0xffff, 0xffff, 0xffff, 0xffff, 0xffff, 0xffff, 0xffff, 0xffff, 0xffff, 0xffff, 0xffff, 0xffff, 0xffff, 0xffff, 0xffff, 0xffff, 0xffff, 0xffff, 0xffff, 0xffff, 0xffff, 0xffff, 0xffff, 0xffff, 0xffff, 0xffff, 0xffff, 0xffff, 0xffff, 0xffff, 0xffff, 0xffff, 0xffff, 0xffff, 0xffff, 0xffff, 0xffff, 0xffff, 0xffff, 0xffff, 0xffff, 0xffff, 0xffff, 0xffff, 0xffff, 0xffff, 0xffff, 0xffff, 0xffff, 0xffff, 0xffff, 0xffff, 0xffff, 0xffff, 0xffff, 0xffff, 0xffff, 0xffff, 0xffff, 0xe71c, 0xb596, 0x9451, 0x6b2c, 0x630b, 0x6b2c, 0x6b2c, 0x6b4c, 0x6b4c, 0x6b4c, 0x6b4c, 0x6b4c, 0x6b4c, 0x6b4c, 0x6b4c, 0x6b4c, 0x6b4c, 0x6b4c, 0x6b4c, 0x6b4c, 0x6b4c, 0x6b4c, 0x6b4c, 0x6b4c, 0x6b4c, 0x734c, 0x734d, 0x738d, 0x7bae, 0x8c30, 0x9cb2, 0xbdd7, 0xe71c, 0xef5d, 0xf7be, 0xffdf, 0xffff, 0xffff, 0xffff, 0xffff, 0xf7be, 0xdefb, 0xc618, 0xa513, 0x8c51, 0x83ef, 0x7bae, 0x6b4c, 0x6b2c, 0x6b2c, 0x6b2c, 0x6b4c, 0x6b4c, 0x6b4c, 0x6b4c, 0x6b4c, 0x6b4c, 0x6b4c, 0x6b4c, 0x6b4c, 0x6b4c, 0x6b4c, 0x6b4c, 0x6b2c, 0x6b2c, 0x6b0b, 0x6b4c, 0x83ef, 0xad34, 0xc618, 0xd6ba, 0xe73c, 0xf79e, 0xffdf, 0xffff, 0xffff, 0xffff, 0xffdf, 0xf79f, 0xe71f, 0xd69f, 0xb57e, 0x8c5e, 0x4a5d, 0x107c, 0x083c, 0x081c, 0x101c, 0x181c, 0x181c, 0x181c, 0x181c, 0x181c, 0x181c, 0x181c, 0x181c, 0x181c, 0x181c, 0x181c, 0x181c, 0x181c, 0x181c, 0x181c, 0x181c, 0x101c, 0x081c, 0x083c, 0x087c, 0x4a5d, 0x841e, 0xad1e, 0xce1f, 0xdedf, 0xf77f, 0xffdf, 0xffff, 0xffff, 0xffff, 0xffff, 0xffff, 0xffff, 0xffff, 0xffff, 0xffff, 0xffff, 0xffff, 0xffff, 0xffff, 0xffff, 0xffff, 0xffff, 0xffff, 0xffff, 0xffff, 0xffff, 0xffff, 0xffff, 0xffff, 0xffff, 0xffff, 0xffff, 0xffff, 0xffff, 0xffff, 0xffff, 0xffff, 0xffff, 0xffff, 0xffff, 0xffff, 0xffff, 0xffff, 0xffff, 0xffff, 0xffff, 0xffff, 0xffff, 0xffff, 0xffff, 0xffff, 0xffff, 0xffff, 0xffff, 0xffff, 0xffff, 0xffff, 0xffff, 0xffff, 0xffff, 0xffff, 0xffff, 0xffff, 0xffff, 0xffff, 0xffff, 0xffff, 0xffff, 0xffff, 0xffff, 0xffff, 0xffff, 0xffff, 0xffff, 0xffff, 0xffff, 0xffff, 0xffff, 0xffff, 0xffff, 0xffff, 0xffff, 0xffff, 0xffff, 0xffff, 0xffff, 0xffff, 0xffff, 0xffff, 0xffff, 0xffff, 0xffff, 0xffff, 0xffff, 0xffff, 0xffff, 0xffff, 0xffff, 0xffff, 0xffff, 0xffff, 0xffff, 0xffff, 0xffff, 0xffff, 0xffff, 0xffff, 0xffff, 0xffff, 0xffff, 0xffff, 0xffff, 0xffff, 0xffff, 0xffff, 0xffff, 0xffff, 0xffff, 0xffff, 0xffff, 0xffff, 0xffff, 0xffff, 0xffff, 0xffff, 0xffff, 0xffff, 0xffff, 0xffff, 0xffff, 0xffff, 0xe71c, 0xb596, 0x9451, 0x6b2c, 0x630b, 0x6b2c, 0x6b2c, 0x6b4c, 0x6b4c, 0x6b4c, 0x6b4c, 0x6b4c, 0x6b4c, 0x6b4c, 0x6b4c, 0x6b4c, 0x6b4c, 0x6b4c, 0x6b4c, 0x6b4c, 0x6b4c, 0x6b4c, 0x6b4c, 0x6b4c, 0x6b4c, 0x734c, 0x734d, 0x738d, 0x7bae, 0x8c30, 0x9cb2, 0xbdd7, 0xe71c, 0xef5d, 0xf7be, 0xffdf, 0xffff, 0xffff, 0xffff, 0xffff, 0xf7be, 0xdefb, 0xc618, 0xa513, 0x8c51, 0x83ef, 0x7bae, 0x6b4c, 0x6b2c, 0x6b2c, 0x6b2c, 0x6b4c, 0x6b4c, 0x6b4c, 0x6b4c, 0x6b4c, 0x6b4c, 0x6b4c, 0x6b4c, 0x6b4c, 0x6b4c, 0x6b4c, 0x6b4c, 0x6b2c, 0x6b2c, 0x6b0b, 0x6b4c, 0x83ef, 0xad34, 0xc618, 0xd6ba, 0xe73c, 0xf79e, 0xffdf, 0xffff, 0xffff, 0xffff, 0xffdf, 0xf79f, 0xe71f, 0xd69f, 0xb57e, 0x8c5e, 0x4a5d, 0x107c, 0x083c, 0x081c, 0x101c, 0x181c, 0x181c, 0x181c, 0x181c, 0x181c, 0x181c, 0x181c, 0x181c, 0x181c, 0x181c, 0x181c, 0x181c, 0x181c, 0x181c, 0x181c, 0x181c, 0x101c, 0x081c, 0x083c, 0x087c, 0x4a5d, 0x841e, 0xad1e, 0xce1f, 0xdedf, 0xf77f, 0xffdf, 0xffff, 0xffff, 0xffff, 0xffff, 0xffff, 0xffff, 0xffff, 0xffff, 0xffff, 0xffff, 0xffff, 0xffff, 0xffff, 0xffff, 0xffff, 0xffff, 0xffff, 0xffff, 0xffff, 0xffff, 0xffff, 0xffff, 0xffff, 0xffff, 0xffff, 0xffff, 0xffff, 0xffff, 0xffff, 0xffff, 0xffff, 0xffff, 0xffff, 0xffff, 0xffff, 0xffff, 0xffff, 0xffff, 0xffff, 0xffff, 0xffff, 0xffff, 0xffff, 0xffff, 0xffff, 0xffff, 0xffff, 0xffff, 0xffff, 0xffff, 0xffff, 0xffff, 0xffff, 0xffff, 0xffff, 0xffff, 0xffff, 0xffff, 0xffff, 0xffff, 0xffff, 0xffff, 0xffff, 0xffff, 0xffff, 0xffff, 0xffff, 0xffff, 0xffff, 0xffff, 0xffff, 0xffff, 0xffff, 0xffff, 0xffff, 0xffff, 0xffff, 0xffff, 0xffff, 0xffff, 0xffff, 0xffff, 0xffff, 0xffff, 0xffff, 0xffff, 0xffff, 0xffff, 0xffff, 0xffff, 0xffff, 0xffff, 0xffff, 0xffff, 0xffff, 0xffff, 0xffff, 0xffff, 0xffff, 0xffff, 0xffff, 0xffff, 0xffff, 0xffff, 0xffff, 0xffff, 0xffff, 0xffff, 0xffff, 0xffff, 0xffff, 0xffff, 0xffff, 0xffff, 0xffff, 0xffff, 0xffff, 0xffff, 0xffff, 0xffff, 0xffff, 0xffff, 0xffff, 0xffff, 0xffff, 0xe71c, 0xb596, 0x9451, 0x6b2c, 0x630b, 0x6b2c, 0x6b2c, 0x6b4c, 0x6b4c, 0x6b4c, 0x6b4c, 0x6b4c, 0x6b4c, 0x6b4c, 0x6b4c, 0x6b4c, 0x6b4c, 0x6b4c, 0x6b4c, 0x6b4c, 0x6b4c, 0x6b4c, 0x6b4c, 0x6b4c, 0x6b4c, 0x734c, 0x734d, 0x738d, 0x7bae, 0x8c30, 0x9cb2, 0xbdd7, 0xe71c, 0xef5d, 0xf7be, 0xffdf, 0xffff, 0xffff, 0xffff, 0xffff, 0xf7be, 0xdefb, 0xc618, 0xa513, 0x8c51, 0x83ef, 0x7bae, 0x6b4c, 0x6b2c, 0x6b2c, 0x6b2c, 0x6b4c, 0x6b4c, 0x6b4c, 0x6b4c, 0x6b4c, 0x6b4c, 0x6b4c, 0x6b4c, 0x6b4c, 0x6b4c, 0x6b4c, 0x6b4c, 0x6b2c, 0x6b2c, 0x6b0b, 0x6b4c, 0x83ef, 0xad34, 0xc618, 0xd6ba, 0xe73c, 0xf79e, 0xffdf, 0xffff, 0xffff, 0xffff, 0xffdf, 0xf79f, 0xe71f, 0xd69f, 0xb57e, 0x8c5e, 0x4a5d, 0x107c, 0x083c, 0x081c, 0x101c, 0x181c, 0x181c, 0x181c, 0x181c, 0x181c, 0x181c, 0x181c, 0x181c, 0x181c, 0x181c, 0x181c, 0x181c, 0x181c, 0x181c, 0x181c, 0x181c, 0x101c, 0x081c, 0x083c, 0x087c, 0x4a5d, 0x841e, 0xad1e, 0xce1f, 0xdedf, 0xf77f, 0xffdf, 0xffff, 0xffff, 0xffff, 0xffff, 0xffff, 0xffff, 0xffff, 0xffff, 0xffff, 0xffff, 0xffff, 0xffff, 0xffff, 0xffff, 0xffff, 0xffff, 0xffff, 0xffff, 0xffff, 0xffff, 0xffff, 0xffff, 0xffff, 0xffff, 0xffff, 0xffff, 0xffff, 0xffff, 0xffff, 0xffff, 0xffff, 0xffff, 0xffff, 0xffff, 0xffff, 0xffff, 0xffff, 0xffff, 0xffff, 0xffff, 0xffff, 0xffff, 0xffff, 0xffff, 0xffff, 0xffff, 0xffff, 0xffff, 0xffff, 0xffff, 0xffff, 0xffff, 0xffff, 0xffff, 0xffff, 0xffff, 0xffff, 0xffff, 0xffff, 0xffff, 0xffff, 0xffff, 0xffff, 0xffff, 0xffff, 0xffff, 0xffff, 0xffff, 0xffff, 0xffff, 0xffff, 0xffff, 0xffff, 0xffff, 0xffff, 0xffff, 0xffff, 0xffff, 0xffff, 0xffff, 0xffff, 0xffff, 0xffff, 0xffff, 0xffff, 0xffff, 0xffff, 0xffff, 0xffff, 0xffff, 0xffff, 0xffff, 0xffff, 0xffff, 0xffff, 0xffff, 0xffff, 0xffff, 0xffff, 0xffff, 0xffff, 0xffff, 0xffff, 0xffff, 0xffff, 0xffff, 0xffff, 0xffff, 0xffff, 0xffff, 0xffff, 0xffff, 0xffff, 0xffff, 0xffff, 0xffff, 0xffff, 0xffff, 0xffff, 0xffff, 0xffff, 0xffff, 0xffff, 0xffff, 0xffff, 0xe71c, 0xb596, 0x9451, 0x6b2c, 0x630b, 0x6b2c, 0x6b2c, 0x6b4c, 0x6b4c, 0x6b4c, 0x6b4c, 0x6b4c, 0x6b4c, 0x6b4c, 0x6b4c, 0x6b4c, 0x6b4c, 0x6b4c, 0x6b4c, 0x6b4c, 0x6b4c, 0x6b4c, 0x6b4c, 0x6b4c, 0x6b4c, 0x734c, 0x734d, 0x738d, 0x7bae, 0x8c30, 0x9cb2, 0xbdd7, 0xe71c, 0xef5d, 0xf7be, 0xffdf, 0xffff, 0xffff, 0xffff, 0xffff, 0xf7be, 0xdefb, 0xc618, 0xa513, 0x8c51, 0x83ef, 0x7bae, 0x6b4c, 0x6b2c, 0x6b2c, 0x6b2c, 0x6b4c, 0x6b4c, 0x6b4c, 0x6b4c, 0x6b4c, 0x6b4c, 0x6b4c, 0x6b4c, 0x6b4c, 0x6b4c, 0x6b4c, 0x6b4c, 0x6b2c, 0x6b2c, 0x6b0b, 0x6b4c, 0x83ef, 0xad34, 0xc618, 0xd6ba, 0xe73c, 0xf79e, 0xffdf, 0xffff, 0xffff, 0xffff, 0xffdf, 0xf79f, 0xe71f, 0xd69f, 0xb57e, 0x8c5e, 0x4a5d, 0x107c, 0x083c, 0x081c, 0x101c, 0x181c, 0x181c, 0x181c, 0x181c, 0x181c, 0x181c, 0x181c, 0x181c, 0x181c, 0x181c, 0x181c, 0x181c, 0x181c, 0x181c, 0x181c, 0x181c, 0x101c, 0x081c, 0x083c, 0x087c, 0x4a5d, 0x841e, 0xad1e, 0xce1f, 0xdedf, 0xf77f, 0xffdf, 0xffff, 0xffff, 0xffff, 0xffff, 0xffff, 0xffff, 0xffff, 0xffff, 0xffff, 0xffff, 0xffff, 0xffff, 0xffff, 0xffff, 0xffff, 0xffff, 0xffff, 0xffff, 0xffff, 0xffff, 0xffff, 0xffff, 0xffff, 0xffff, 0xffff, 0xffff, 0xffff, 0xffff, 0xffff, 0xffff, 0xffff, 0xffff, 0xffff, 0xffff, 0xffff, 0xffff, 0xffff, 0xffff, 0xffff, 0xffff, 0xffff, 0xffff, 0xffff, 0xffff, 0xffff, 0xffff, 0xffff, 0xffff, 0xffff, 0xffff, 0xffff, 0xffff, 0xffff, 0xffff, 0xffff, 0xffff, 0xffff, 0xffff, 0xffff, 0xffff, 0xffff, 0xffff, 0xffff, 0xffff, 0xffff, 0xffff, 0xffff, 0xffff, 0xffff, 0xffff, 0xffff, 0xffff, 0xffff, 0xffff, 0xffff, 0xffff, 0xffff, 0xffff, 0xffff, 0xffff, 0xffff, 0xffff, 0xffff, 0xffff, 0xffff, 0xffff, 0xffff, 0xffff, 0xffff, 0xffff, 0xffff, 0xffff, 0xffff, 0xffff, 0xffff, 0xffff, 0xffff, 0xffff, 0xffff, 0xffff, 0xffff, 0xffff, 0xffff, 0xffff, 0xffff, 0xffff, 0xffff, 0xffff, 0xffff, 0xffff, 0xffff, 0xffff, 0xffff, 0xffff, 0xffff, 0xffff, 0xffff, 0xffff, 0xffff, 0xffff, 0xffff, 0xffff, 0xffff, 0xffff, 0xffff, 0xe71c, 0xb596, 0x9451, 0x6b2c, 0x630b, 0x6b2c, 0x6b2c, 0x6b4c, 0x6b4c, 0x6b4c, 0x6b4c, 0x6b4c, 0x6b4c, 0x6b4c, 0x6b4c, 0x6b4c, 0x6b4c, 0x6b4c, 0x6b4c, 0x6b4c, 0x6b4c, 0x6b4c, 0x6b4c, 0x6b4c, 0x6b4c, 0x734c, 0x734d, 0x738d, 0x7bae, 0x8c30, 0x9cb2, 0xbdd7, 0xe71c, 0xef5d, 0xf7be, 0xffdf, 0xffff, 0xffff, 0xffff, 0xffff, 0xf7be, 0xdefb, 0xc618, 0xa513, 0x8c51, 0x83ef, 0x7bae, 0x6b4c, 0x6b2c, 0x6b2c, 0x6b2c, 0x6b4c, 0x6b4c, 0x6b4c, 0x6b4c, 0x6b4c, 0x6b4c, 0x6b4c, 0x6b4c, 0x6b4c, 0x6b4c, 0x6b4c, 0x6b4c, 0x6b2c, 0x6b2c, 0x6b0b, 0x6b4c, 0x83ef, 0xad34, 0xc618, 0xd6ba, 0xe73c, 0xf79e, 0xffdf, 0xffff, 0xffff, 0xffff, 0xffdf, 0xf79f, 0xe71f, 0xd69f, 0xb57e, 0x8c5e, 0x4a5d, 0x107c, 0x083c, 0x081c, 0x101c, 0x181c, 0x181c, 0x181c, 0x181c, 0x181c, 0x181c, 0x181c, 0x181c, 0x181c, 0x181c, 0x181c, 0x181c, 0x181c, 0x181c, 0x181c, 0x181c, 0x101c, 0x081c, 0x083c, 0x087c, 0x4a5d, 0x841e, 0xad1e, 0xce1f, 0xdedf, 0xf77f, 0xffdf, 0xffff, 0xffff, 0xffff, 0xffff, 0xffff, 0xffff, 0xffff, 0xffff, 0xffff, 0xffff, 0xffff, 0xffff, 0xffff, 0xffff, 0xffff, 0xffff, 0xffff, 0xffff, 0xffff, 0xffff, 0xffff, 0xffff, 0xffff, 0xffff, 0xffff, 0xffff, 0xffff, 0xffff, 0xffff, 0xffff, 0xffff, 0xffff, 0xffff, 0xffff, 0xffff, 0xffff, 0xffff, 0xffff, 0xffff, 0xffff, 0xffff, 0xffff, 0xffff, 0xffff, 0xffff, 0xffff, 0xffff, 0xffff, 0xffff, 0xffff, 0xffff, 0xffff, 0xffff, 0xffff, 0xffff, 0xffff, 0xffff, 0xffff, 0xffff, 0xffff, 0xffff, 0xffff, 0xffff, 0xffff, 0xffff, 0xffff, 0xffff, 0xffff, 0xffff, 0xffff, 0xffff, 0xffff, 0xffff, 0xffff, 0xffff, 0xffff, 0xffff, 0xffff, 0xffff, 0xffff, 0xffff, 0xffff, 0xffff, 0xffff, 0xffff, 0xffff, 0xffff, 0xffff, 0xffff, 0xffff, 0xffff, 0xffff, 0xffff, 0xffff, 0xffff, 0xffff, 0xffff, 0xffff, 0xffff, 0xffff, 0xffff, 0xffff, 0xffff, 0xffff, 0xffff, 0xffff, 0xffff, 0xffff, 0xffff, 0xffff, 0xffff, 0xffff, 0xffff, 0xffff, 0xffff, 0xffff, 0xffff, 0xffff, 0xffff, 0xffff, 0xffff, 0xffff, 0xffff, 0xffff, 0xffff, 0xe71c, 0xb596, 0x9451, 0x6b2c, 0x630b, 0x6b2c, 0x6b2c, 0x6b4c, 0x6b4c, 0x6b4c, 0x6b4c, 0x6b4c, 0x6b4c, 0x6b4c, 0x6b4c, 0x6b4c, 0x6b4c, 0x6b4c, 0x6b4c, 0x6b4c, 0x6b4c, 0x6b4c, 0x6b4c, 0x6b4c, 0x6b4c, 0x734c, 0x734d, 0x738d, 0x7bae, 0x8c30, 0x9cb2, 0xbdd7, 0xe71c, 0xef5d, 0xf7be, 0xffdf, 0xffff, 0xffff, 0xffff, 0xffff, 0xf7be, 0xdefb, 0xc618, 0xa513, 0x8c51, 0x83ef, 0x7bae, 0x6b4c, 0x6b2c, 0x6b2c, 0x6b2c, 0x6b4c, 0x6b4c, 0x6b4c, 0x6b4c, 0x6b4c, 0x6b4c, 0x6b4c, 0x6b4c, 0x6b4c, 0x6b4c, 0x6b4c, 0x6b4c, 0x6b2c, 0x6b2c, 0x6b0b, 0x6b4c, 0x83ef, 0xad34, 0xc618, 0xd6ba, 0xe73c, 0xf79e, 0xffdf, 0xffff, 0xffff, 0xffff, 0xffdf, 0xf79f, 0xe71f, 0xd69f, 0xb57e, 0x8c5e, 0x4a5d, 0x107c, 0x083c, 0x081c, 0x101c, 0x181c, 0x181c, 0x181c, 0x181c, 0x181c, 0x181c, 0x181c, 0x181c, 0x181c, 0x181c, 0x181c, 0x181c, 0x181c, 0x181c, 0x181c, 0x181c, 0x101c, 0x081c, 0x083c, 0x087c, 0x4a5d, 0x841e, 0xad1e, 0xce1f, 0xdedf, 0xf77f, 0xffdf, 0xffff, 0xffff, 0xffff, 0xffff, 0xffff, 0xffff, 0xffff, 0xffff, 0xffff, 0xffff, 0xffff, 0xffff, 0xffff, 0xffff, 0xffff, 0xffff, 0xffff, 0xffff, 0xffff, 0xffff, 0xffff, 0xffff, 0xffff, 0xffff, 0xffff, 0xffff, 0xffff, 0xffff, 0xffff, 0xffff, 0xffff, 0xffff, 0xffff, 0xffff, 0xffff, 0xffff, 0xffff, 0xffff, 0xffff, 0xffff, 0xffff, 0xffff, 0xffff, 0xffff, 0xffff, 0xffff, 0xffff, 0xffff, 0xffff, 0xffff, 0xffff, 0xffff, 0xffff, 0xffff, 0xffff, 0xffff, 0xffff, 0xffff, 0xffff, 0xffff, 0xffff, 0xffff, 0xffff, 0xffff, 0xffff, 0xffff, 0xffff, 0xffff, 0xffff, 0xffff, 0xffff, 0xffff, 0xffff, 0xffff, 0xffff, 0xffff, 0xffff, 0xffff, 0xffff, 0xffff, 0xffff, 0xffff, 0xffff, 0xffff, 0xffff, 0xffff, 0xffff, 0xffff, 0xffff, 0xffff, 0xffff, 0xffff, 0xffff, 0xffff, 0xffff, 0xffff, 0xffff, 0xffff, 0xffff, 0xffff, 0xffff, 0xffff, 0xffff, 0xffff, 0xffff, 0xffff, 0xffff, 0xffff, 0xffff, 0xffff, 0xffff, 0xffff, 0xffff, 0xffff, 0xffff, 0xffff, 0xffff, 0xffff, 0xffff, 0xffff, 0xffff, 0xffff, 0xffff, 0xffff, 0xffff, 0xe71c, 0xb596, 0x9451, 0x6b2c, 0x630b, 0x6b2c, 0x6b2c, 0x6b4c, 0x6b4c, 0x6b4c, 0x6b4c, 0x6b4c, 0x6b4c, 0x6b4c, 0x6b4c, 0x6b4c, 0x6b4c, 0x6b4c, 0x6b4c, 0x6b4c, 0x6b4c, 0x6b4c, 0x6b4c, 0x6b4c, 0x6b4c, 0x734c, 0x734d, 0x738d, 0x7bae, 0x8c30, 0x9cb2, 0xbdd7, 0xe71c, 0xef5d, 0xf7be, 0xffdf, 0xffff, 0xffff, 0xffff, 0xffff, 0xf7be, 0xdefb, 0xc618, 0xa513, 0x8c51, 0x83ef, 0x7bae, 0x6b4c, 0x6b2c, 0x6b2c, 0x6b2c, 0x6b4c, 0x6b4c, 0x6b4c, 0x6b4c, 0x6b4c, 0x6b4c, 0x6b4c, 0x6b4c, 0x6b4c, 0x6b4c, 0x6b4c, 0x6b4c, 0x6b2c, 0x6b2c, 0x6b0b, 0x6b4c, 0x83ef, 0xad34, 0xc618, 0xd6ba, 0xe73c, 0xf79e, 0xffdf, 0xffff, 0xffff, 0xffff, 0xffdf, 0xf79f, 0xe71f, 0xd69f, 0xb57e, 0x8c5e, 0x4a5d, 0x107c, 0x083c, 0x081c, 0x101c, 0x181c, 0x181c, 0x181c, 0x181c, 0x181c, 0x181c, 0x181c, 0x181c, 0x181c, 0x181c, 0x181c, 0x181c, 0x181c, 0x181c, 0x181c, 0x181c, 0x101c, 0x081c, 0x083c, 0x087c, 0x4a5d, 0x841e, 0xad1e, 0xce1f, 0xdedf, 0xf77f, 0xffdf, 0xffff, 0xffff, 0xffff, 0xffff, 0xffff, 0xffff, 0xffff, 0xffff, 0xffff, 0xffff, 0xffff, 0xffff, 0xffff, 0xffff, 0xffff, 0xffff, 0xffff, 0xffff, 0xffff, 0xffff, 0xffff, 0xffff, 0xffff, 0xffff, 0xffff, 0xffff, 0xffff, 0xffff, 0xffff, 0xffff, 0xffff, 0xffff, 0xffff, 0xffff, 0xffff, 0xffff, 0xffff, 0xffff, 0xffff, 0xffff, 0xffff, 0xffff, 0xffff, 0xffff, 0xffff, 0xffff, 0xffff, 0xffff, 0xffff, 0xffff, 0xffff, 0xffff, 0xffff, 0xffff, 0xffff, 0xffff, 0xffff, 0xffff, 0xffff, 0xffff, 0xffff, 0xffff, 0xffff, 0xffff, 0xffff, 0xffff, 0xffff, 0xffff, 0xffff, 0xffff, 0xffff, 0xffff, 0xffff, 0xffff, 0xffff, 0xffff, 0xffff, 0xffff, 0xffff, 0xffff, 0xffff, 0xffff, 0xffff, 0xffff, 0xffff, 0xffff, 0xffff, 0xffff, 0xffff, 0xffff, 0xffff, 0xffff, 0xffff, 0xffff, 0xffff, 0xffff, 0xffff, 0xffff, 0xffff, 0xffff, 0xffff, 0xffff, 0xffff, 0xffff, 0xffff, 0xffff, 0xffff, 0xffff, 0xffff, 0xffff, 0xffff, 0xffff, 0xffff, 0xffff, 0xffff, 0xffff, 0xffff, 0xffff, 0xffff, 0xffff, 0xffff, 0xffff, 0xffff, 0xffff, 0xffff, 0xe71c, 0xb596, 0x9451, 0x6b2c, 0x630b, 0x6b2c, 0x6b2c, 0x6b4c, 0x6b4c, 0x6b4c, 0x6b4c, 0x6b4c, 0x6b4c, 0x6b4c, 0x6b4c, 0x6b4c, 0x6b4c, 0x6b4c, 0x6b4c, 0x6b4c, 0x6b4c, 0x6b4c, 0x6b4c, 0x6b4c, 0x6b4c, 0x734c, 0x734d, 0x738d, 0x7bae, 0x8c30, 0x9cb2, 0xbdd7, 0xe71c, 0xef5d, 0xf7be, 0xffdf, 0xffff, 0xffff, 0xffff, 0xffff, 0xf7be, 0xdefb, 0xc618, 0xa513, 0x8c51, 0x83ef, 0x7bae, 0x6b4c, 0x6b2c, 0x6b2c, 0x6b2c, 0x6b4c, 0x6b4c, 0x6b4c, 0x6b4c, 0x6b4c, 0x6b4c, 0x6b4c, 0x6b4c, 0x6b4c, 0x6b4c, 0x6b4c, 0x6b4c, 0x6b2c, 0x6b2c, 0x6b0b, 0x6b4c, 0x83ef, 0xad34, 0xc618, 0xd6ba, 0xe73c, 0xf79e, 0xffdf, 0xffff, 0xffff, 0xffff, 0xffdf, 0xf79f, 0xe71f, 0xd69f, 0xb57e, 0x8c5e, 0x4a5d, 0x107c, 0x083c, 0x081c, 0x101c, 0x181c, 0x181c, 0x181c, 0x181c, 0x181c, 0x181c, 0x181c, 0x181c, 0x181c, 0x181c, 0x181c, 0x181c, 0x181c, 0x181c, 0x181c, 0x181c, 0x101c, 0x081c, 0x083c, 0x087c, 0x4a5d, 0x841e, 0xad1e, 0xce1f, 0xdedf, 0xf77f, 0xffdf, 0xffff, 0xffff, 0xffff, 0xffff, 0xffff, 0xffff, 0xffff, 0xffff, 0xffff, 0xffff, 0xffff, 0xffff, 0xffff, 0xffff, 0xffff, 0xffff, 0xffff, 0xffff, 0xffff, 0xffff, 0xffff, 0xffff, 0xffff, 0xffff, 0xffff, 0xffff, 0xffff, 0xffff, 0xffff, 0xffff, 0xffff, 0xffff, 0xffff, 0xffff, 0xffff, 0xffff, 0xffff, 0xffff, 0xffff, 0xffff, 0xffff, 0xffff, 0xffff, 0xffff, 0xffff, 0xffff, 0xffff, 0xffff, 0xffff, 0xffff, 0xffff, 0xffff, 0xffff, 0xffff, 0xffff, 0xffff, 0xffff, 0xffff, 0xffff, 0xffff, 0xffff, 0xffff, 0xffff, 0xffff, 0xffff, 0xffff, 0xffff, 0xffff, 0xffff, 0xffff, 0xffff, 0xffff, 0xffff, 0xffff, 0xffff, 0xffff, 0xffff, 0xffff, 0xffff, 0xffff, 0xffff, 0xffff, 0xffff, 0xffff, 0xffff, 0xffff, 0xffff, 0xffff, 0xffff, 0xffff, 0xffff, 0xffff, 0xffff, 0xffff, 0xffff, 0xffff, 0xffff, 0xffff, 0xffff, 0xffff, 0xffff, 0xffff, 0xffff, 0xffff, 0xffff, 0xffff, 0xffff, 0xffff, 0xffff, 0xffff, 0xffff, 0xffff, 0xffff, 0xffff, 0xffff, 0xffff, 0xffff, 0xffff, 0xffff, 0xffff, 0xffff, 0xffff, 0xffff, 0xffff, 0xffff, 0xe71c, 0xb596, 0x9451, 0x6b2c, 0x630b, 0x6b2c, 0x6b2c, 0x6b4c, 0x6b4c, 0x6b4c, 0x6b4c, 0x6b4c, 0x6b4c, 0x6b4c, 0x6b4c, 0x6b4c, 0x6b4c, 0x6b4c, 0x6b4c, 0x6b4c, 0x6b4c, 0x6b4c, 0x6b4c, 0x6b4c, 0x6b4c, 0x734c, 0x734d, 0x738d, 0x7bae, 0x8c30, 0x9cb2, 0xbdd7, 0xe71c, 0xef5d, 0xf7be, 0xffdf, 0xffff, 0xffff, 0xffff, 0xffff, 0xf7be, 0xdefb, 0xc618, 0xa513, 0x8c51, 0x83ef, 0x7bae, 0x6b4c, 0x6b2c, 0x6b2c, 0x6b2c, 0x6b4c, 0x6b4c, 0x6b4c, 0x6b4c, 0x6b4c, 0x6b4c, 0x6b4c, 0x6b4c, 0x6b4c, 0x6b4c, 0x6b4c, 0x6b4c, 0x6b2c, 0x6b2c, 0x6b0b, 0x6b4c, 0x83ef, 0xad34, 0xc618, 0xd6ba, 0xe73c, 0xf79e, 0xffdf, 0xffff, 0xffff, 0xffff, 0xffdf, 0xf79f, 0xe71f, 0xd69f, 0xb57e, 0x8c5e, 0x4a5d, 0x107c, 0x083c, 0x081c, 0x101c, 0x181c, 0x181c, 0x181c, 0x181c, 0x181c, 0x181c, 0x181c, 0x181c, 0x181c, 0x181c, 0x181c, 0x181c, 0x181c, 0x181c, 0x181c, 0x181c, 0x101c, 0x081c, 0x083c, 0x087c, 0x4a5d, 0x841e, 0xad1e, 0xce1f, 0xdedf, 0xf77f, 0xffdf, 0xffff, 0xffff, 0xffff, 0xffff, 0xffff, 0xffff, 0xffff, 0xffff, 0xffff, 0xffff, 0xffff, 0xffff, 0xffff, 0xffff, 0xffff, 0xffff, 0xffff, 0xffff, 0xffff, 0xffff, 0xffff, 0xffff, 0xffff, 0xffff, 0xffff, 0xffff, 0xffff, 0xffff, 0xffff, 0xffff, 0xffff, 0xffff, 0xffff, 0xffff, 0xffff, 0xffff, 0xffff, 0xffff, 0xffff, 0xffff, 0xffff, 0xffff, 0xffff, 0xffff, 0xffff, 0xffff, 0xffff, 0xffff, 0xffff, 0xffff, 0xffff, 0xffff, 0xffff, 0xffff, 0xffff, 0xffff, 0xffff, 0xffff, 0xffff, 0xffff, 0xffff, 0xffff, 0xffff, 0xffff, 0xffff, 0xffff, 0xffff, 0xffff, 0xffff, 0xffff, 0xffff, 0xffff, 0xffff, 0xffff, 0xffff, 0xffff, 0xffff, 0xffff, 0xffff, 0xffff, 0xffff, 0xffff, 0xffff, 0xffff, 0xffff, 0xffff, 0xffff, 0xffff, 0xffff, 0xffff, 0xffff, 0xffff, 0xffff, 0xffff, 0xffff, 0xffff, 0xffff, 0xffff, 0xffff, 0xffff, 0xffff, 0xffff, 0xffff, 0xffff, 0xffff, 0xffff, 0xffff, 0xffff, 0xffff, 0xffff, 0xffff, 0xffff, 0xffff, 0xffff, 0xffff, 0xffff, 0xffff, 0xffff, 0xffff, 0xffff, 0xffff, 0xffff, 0xffff, 0xffff, 0xffff, 0xe71c, 0xb596, 0x9451, 0x6b2c, 0x630b, 0x6b2c, 0x6b2c, 0x6b4c, 0x6b4c, 0x6b4c, 0x6b4c, 0x6b4c, 0x6b4c, 0x6b4c, 0x6b4c, 0x6b4c, 0x6b4c, 0x6b4c, 0x6b4c, 0x6b4c, 0x6b4c, 0x6b4c, 0x6b4c, 0x6b4c, 0x6b4c, 0x734c, 0x734d, 0x738d, 0x7bae, 0x8c30, 0x9cb2, 0xbdd7, 0xe71c, 0xef5d, 0xf7be, 0xffdf, 0xffff, 0xffff, 0xffff, 0xffff, 0xf7be, 0xdefb, 0xc618, 0xa513, 0x8c51, 0x83ef, 0x7bae, 0x6b4c, 0x6b2c, 0x6b2c, 0x6b2c, 0x6b4c, 0x6b4c, 0x6b4c, 0x6b4c, 0x6b4c, 0x6b4c, 0x6b4c, 0x6b4c, 0x6b4c, 0x6b4c, 0x6b4c, 0x6b4c, 0x6b2c, 0x6b2c, 0x6b0b, 0x6b4c, 0x83ef, 0xad34, 0xc618, 0xd6ba, 0xe73c, 0xf79e, 0xffdf, 0xffff, 0xffff, 0xffff, 0xffdf, 0xf79f, 0xe71f, 0xd69f, 0xb57e, 0x8c5e, 0x4a5d, 0x107c, 0x083c, 0x081c, 0x101c, 0x181c, 0x181c, 0x181c, 0x181c, 0x181c, 0x181c, 0x181c, 0x181c, 0x181c, 0x181c, 0x181c, 0x181c, 0x181c, 0x181c, 0x181c, 0x181c, 0x101c, 0x081c, 0x083c, 0x087c, 0x4a5d, 0x841e, 0xad1e, 0xce1f, 0xdedf, 0xf77f, 0xffdf, 0xffff, 0xffff, 0xffff, 0xffff, 0xffff, 0xffff, 0xffff, 0xffff, 0xffff, 0xffff, 0xffff, 0xffff, 0xffff, 0xffff, 0xffff, 0xffff, 0xffff, 0xffff, 0xffff, 0xffff, 0xffff, 0xffff, 0xffff, 0xffff, 0xffff, 0xffff, 0xffff, 0xffff, 0xffff, 0xffff, 0xffff, 0xffff, 0xffff, 0xffff, 0xffff, 0xffff, 0xffff, 0xffff, 0xffff, 0xffff, 0xffff, 0xffff, 0xffff, 0xffff, 0xffff, 0xffff, 0xffff, 0xffff, 0xffff, 0xffff, 0xffff, 0xffff, 0xffff, 0xffff, 0xffff, 0xffff, 0xffff, 0xffff, 0xffff, 0xffff, 0xffff, 0xffff, 0xffff, 0xffff, 0xffff, 0xffff, 0xffff, 0xffff, 0xffff, 0xffff, 0xffff, 0xffff, 0xffff, 0xffff, 0xffff, 0xffff, 0xffff, 0xffff, 0xffff, 0xffff, 0xffff, 0xffff, 0xffff, 0xffff, 0xffff, 0xffff, 0xffff, 0xffff, 0xffff, 0xffff, 0xffff, 0xffff, 0xffff, 0xffff, 0xffff, 0xffff, 0xffff, 0xffff, 0xffff, 0xffff, 0xffff, 0xffff, 0xffff, 0xffff, 0xffff, 0xffff, 0xffff, 0xffff, 0xffff, 0xffff, 0xffff, 0xffff, 0xffff, 0xffff, 0xffff, 0xffff, 0xffff, 0xffff, 0xffff, 0xffff, 0xffff, 0xffff, 0xffff, 0xffff, 0xffff, 0xe71c, 0xb596, 0x9451, 0x6b2c, 0x630b, 0x6b2c, 0x6b2c, 0x6b4c, 0x6b4c, 0x6b4c, 0x6b4c, 0x6b4c, 0x6b4c, 0x6b4c, 0x6b4c, 0x6b4c, 0x6b4c, 0x6b4c, 0x6b4c, 0x6b4c, 0x6b4c, 0x6b4c, 0x6b4c, 0x6b4c, 0x6b4c, 0x734c, 0x734d, 0x738d, 0x7bae, 0x8c30, 0x9cb2, 0xbdd7, 0xe71c, 0xef5d, 0xf7be, 0xffdf, 0xffff, 0xffff, 0xffff, 0xffff, 0xf7be, 0xdefb, 0xc618, 0xa513, 0x8c51, 0x83ef, 0x7bae, 0x6b4c, 0x6b2c, 0x6b2c, 0x6b2c, 0x6b4c, 0x6b4c, 0x6b4c, 0x6b4c, 0x6b4c, 0x6b4c, 0x6b4c, 0x6b4c, 0x6b4c, 0x6b4c, 0x6b4c, 0x6b4c, 0x6b2c, 0x6b2c, 0x6b0b, 0x6b4c, 0x83ef, 0xad34, 0xc618, 0xd6ba, 0xe73c, 0xf79e, 0xffdf, 0xffff, 0xffff, 0xffff, 0xffdf, 0xf79f, 0xe71f, 0xd69f, 0xb57e, 0x8c5e, 0x4a5d, 0x107c, 0x083c, 0x081c, 0x101c, 0x181c, 0x181c, 0x181c, 0x181c, 0x181c, 0x181c, 0x181c, 0x181c, 0x181c, 0x181c, 0x181c, 0x181c, 0x181c, 0x181c, 0x181c, 0x181c, 0x101c, 0x081c, 0x083c, 0x087c, 0x4a5d, 0x841e, 0xad1e, 0xce1f, 0xdedf, 0xf77f, 0xffdf, 0xffff, 0xffff, 0xffff, 0xffff, 0xffff, 0xffff, 0xffff, 0xffff, 0xffff, 0xffff, 0xffff, 0xffff, 0xffff, 0xffff, 0xffff, 0xffff, 0xffff, 0xffff, 0xffff, 0xffff, 0xffff, 0xffff, 0xffff, 0xffff, 0xffff, 0xffff, 0xffff, 0xffff, 0xffff, 0xffff, 0xffff, 0xffff, 0xffff, 0xffff, 0xffff, 0xffff, 0xffff, 0xffff, 0xffff, 0xffff, 0xffff, 0xffff, 0xffff, 0xffff, 0xffff, 0xffff, 0xffff, 0xffff, 0xffff, 0xffff, 0xffff, 0xffff, 0xffff, 0xffff, 0xffff, 0xffff, 0xffff, 0xffff, 0xffff, 0xffff, 0xffff, 0xffff, 0xffff, 0xffff, 0xffff, 0xffff, 0xffff, 0xffff, 0xffff, 0xffff, 0xffff, 0xffff, 0xffff, 0xffff, 0xffff, 0xffff, 0xffff, 0xffff, 0xffff, 0xffff, 0xffff, 0xffff, 0xffff, 0xffff, 0xffff, 0xffff, 0xffff, 0xffff, 0xffff, 0xffff, 0xffff, 0xffff, 0xffff, 0xffff, 0xffff, 0xffff, 0xffff, 0xffff, 0xffff, 0xffff, 0xffff, 0xffff, 0xffff, 0xffff, 0xffff, 0xffff, 0xffff, 0xffff, 0xffff, 0xffff, 0xffff, 0xffff, 0xffff, 0xffff, 0xffff, 0xffff, 0xffff, 0xffff, 0xffff, 0xffff, 0xffff, 0xffff, 0xffff, 0xffff, 0xffff, 0xe71c, 0xb596, 0x9451, 0x6b2c, 0x630b, 0x6b2c, 0x6b2c, 0x6b4c, 0x6b4c, 0x6b4c, 0x6b4c, 0x6b4c, 0x6b4c, 0x6b4c, 0x6b4c, 0x6b4c, 0x6b4c, 0x6b4c, 0x6b4c, 0x6b4c, 0x6b4c, 0x6b4c, 0x6b4c, 0x6b4c, 0x6b4c, 0x734c, 0x734d, 0x738d, 0x7bae, 0x8c30, 0x9cb2, 0xbdd7, 0xe71c, 0xef5d, 0xf7be, 0xffdf, 0xffff, 0xffff, 0xffff, 0xffff, 0xf7be, 0xdefb, 0xc618, 0xa513, 0x8c51, 0x83ef, 0x7bae, 0x6b4c, 0x6b2c, 0x6b2c, 0x6b2c, 0x6b4c, 0x6b4c, 0x6b4c, 0x6b4c, 0x6b4c, 0x6b4c, 0x6b4c, 0x6b4c, 0x6b4c, 0x6b4c, 0x6b4c, 0x6b4c, 0x6b2c, 0x6b2c, 0x6b0b, 0x6b4c, 0x83ef, 0xad34, 0xc618, 0xd6ba, 0xe73c, 0xf79e, 0xffdf, 0xffff, 0xffff, 0xffff, 0xffdf, 0xf79f, 0xe71f, 0xd69f, 0xb57e, 0x8c5e, 0x4a5d, 0x107c, 0x083c, 0x081c, 0x101c, 0x181c, 0x181c, 0x181c, 0x181c, 0x181c, 0x181c, 0x181c, 0x181c, 0x181c, 0x181c, 0x181c, 0x181c, 0x181c, 0x181c, 0x181c, 0x181c, 0x101c, 0x081c, 0x083c, 0x087c, 0x4a5d, 0x841e, 0xad1e, 0xce1f, 0xdedf, 0xf77f, 0xffdf, 0xffff, 0xffff, 0xffff, 0xffff, 0xffff, 0xffff, 0xffff, 0xffff, 0xffff, 0xffff, 0xffff, 0xffff, 0xffff, 0xffff, 0xffff, 0xffff, 0xffff, 0xffff, 0xffff, 0xffff, 0xffff, 0xffff, 0xffff, 0xffff, 0xffff, 0xffff, 0xffff, 0xffff, 0xffff, 0xffff, 0xffff, 0xffff, 0xffff, 0xffff, 0xffff, 0xffff, 0xffff, 0xffff, 0xffff, 0xffff, 0xffff, 0xffff, 0xffff, 0xffff, 0xffff, 0xffff, 0xffff, 0xffff, 0xffff, 0xffff, 0xffff, 0xffff, 0xffff, 0xffff, 0xffff, 0xffff, 0xffff, 0xffff, 0xffff, 0xffff, 0xffff, 0xffff, 0xffff, 0xffff, 0xffff, 0xffff, 0xffff, 0xffff, 0xffff, 0xffff, 0xffff, 0xffff, 0xffff, 0xffff, 0xffff, 0xffff, 0xffff, 0xffff, 0xffff, 0xffff, 0xffff, 0xffff, 0xffff, 0xffff, 0xffff, 0xffff, 0xffff, 0xffff, 0xffff, 0xffff, 0xffff, 0xffff, 0xffff, 0xffff, 0xffff, 0xffff, 0xffff, 0xffff, 0xffff, 0xffff, 0xffff, 0xffff, 0xffff, 0xffff, 0xffff, 0xffff, 0xffff, 0xffff, 0xffff, 0xffff, 0xffff, 0xffff, 0xffff, 0xffff, 0xffff, 0xffff, 0xffff, 0xffff, 0xffff, 0xffff, 0xffff, 0xffff, 0xffff, 0xffff, 0xffff, 0xe71c, 0xb596, 0x9451, 0x6b2c, 0x630b, 0x6b2c, 0x6b2c, 0x6b4c, 0x6b4c, 0x6b4c, 0x6b4c, 0x6b4c, 0x6b4c, 0x6b4c, 0x6b4c, 0x6b4c, 0x6b4c, 0x6b4c, 0x6b4c, 0x6b4c, 0x6b4c, 0x6b4c, 0x6b4c, 0x6b4c, 0x6b4c, 0x734c, 0x734d, 0x738d, 0x7bae, 0x8c30, 0x9cb2, 0xbdd7, 0xe71c, 0xef5d, 0xf7be, 0xffdf, 0xffff, 0xffff, 0xffff, 0xffff, 0xf7be, 0xdefb, 0xc618, 0xa513, 0x8c51, 0x83ef, 0x7bae, 0x6b4c, 0x6b2c, 0x6b2c, 0x6b2c, 0x6b4c, 0x6b4c, 0x6b4c, 0x6b4c, 0x6b4c, 0x6b4c, 0x6b4c, 0x6b4c, 0x6b4c, 0x6b4c, 0x6b4c, 0x6b4c, 0x6b2c, 0x6b2c, 0x6b0b, 0x6b4c, 0x83ef, 0xad34, 0xc618, 0xd6ba, 0xe73c, 0xf79e, 0xffdf, 0xffff, 0xffff, 0xffff, 0xffdf, 0xf79f, 0xe71f, 0xd69f, 0xb57e, 0x8c5e, 0x4a5d, 0x107c, 0x083c, 0x081c, 0x101c, 0x181c, 0x181c, 0x181c, 0x181c, 0x181c, 0x181c, 0x181c, 0x181c, 0x181c, 0x181c, 0x181c, 0x181c, 0x181c, 0x181c, 0x181c, 0x181c, 0x101c, 0x081c, 0x083c, 0x087c, 0x4a5d, 0x841e, 0xad1e, 0xce1f, 0xdedf, 0xf77f, 0xffdf, 0xffff, 0xffff, 0xffff, 0xffff, 0xffff, 0xffff, 0xffff, 0xffff, 0xffff, 0xffff, 0xffff, 0xffff, 0xffff, 0xffff, 0xffff, 0xffff, 0xffff, 0xffff, 0xffff, 0xffff, 0xffff, 0xffff, 0xffff, 0xffff, 0xffff, 0xffff, 0xffff, 0xffff, 0xffff, 0xffff, 0xffff, 0xffff, 0xffff, 0xffff, 0xffff, 0xffff, 0xffff, 0xffff, 0xffff, 0xffff, 0xffff, 0xffff, 0xffff, 0xffff, 0xffff, 0xffff, 0xffff, 0xffff, 0xffff, 0xffff, 0xffff, 0xffff, 0xffff, 0xffff, 0xffff, 0xffff, 0xffff, 0xffff, 0xffff, 0xffff, 0xffff, 0xffff, 0xffff, 0xffff, 0xffff, 0xffff, 0xffff, 0xffff, 0xffff, 0xffff, 0xffff, 0xffff, 0xffff, 0xffff, 0xffff, 0xffff, 0xffff, 0xffff, 0xffff, 0xffff, 0xffff, 0xffff, 0xffff, 0xffff, 0xffff, 0xffff, 0xffff, 0xffff, 0xffff, 0xffff, 0xffff, 0xffff, 0xffff, 0xffff, 0xffff, 0xffff, 0xffff, 0xffff, 0xffff, 0xffff, 0xffff, 0xffff, 0xffff, 0xffff, 0xffff, 0xffff, 0xffff, 0xffff, 0xffff, 0xffff, 0xffff, 0xffff, 0xffff, 0xffff, 0xffff, 0xffff, 0xffff, 0xffff, 0xffff, 0xffff, 0xffff, 0xffff, 0xffff, 0xffff, 0xffff, 0xe71c, 0xb596, 0x9451, 0x6b2c, 0x630b, 0x6b2c, 0x6b2c, 0x6b4c, 0x6b4c, 0x6b4c, 0x6b4c, 0x6b4c, 0x6b4c, 0x6b4c, 0x6b4c, 0x6b4c, 0x6b4c, 0x6b4c, 0x6b4c, 0x6b4c, 0x6b4c, 0x6b4c, 0x6b4c, 0x6b4c, 0x6b4c, 0x734c, 0x734d, 0x738d, 0x7bae, 0x8c30, 0x9cb2, 0xbdd7, 0xe71c, 0xef5d, 0xf7be, 0xffdf, 0xffff, 0xffff, 0xffff, 0xffff, 0xf7be, 0xdefb, 0xc618, 0xa513, 0x8c51, 0x83ef, 0x7bae, 0x6b4c, 0x6b2c, 0x6b2c, 0x6b2c, 0x6b4c, 0x6b4c, 0x6b4c, 0x6b4c, 0x6b4c, 0x6b4c, 0x6b4c, 0x6b4c, 0x6b4c, 0x6b4c, 0x6b4c, 0x6b4c, 0x6b2c, 0x6b2c, 0x6b0b, 0x6b4c, 0x83ef, 0xad34, 0xc618, 0xd6ba, 0xe73c, 0xf79e, 0xffdf, 0xffff, 0xffff, 0xffff, 0xffdf, 0xf79f, 0xe71f, 0xd69f, 0xb57e, 0x8c5e, 0x4a5d, 0x107c, 0x083c, 0x081c, 0x101c, 0x181c, 0x181c, 0x181c, 0x181c, 0x181c, 0x181c, 0x181c, 0x181c, 0x181c, 0x181c, 0x181c, 0x181c, 0x181c, 0x181c, 0x181c, 0x181c, 0x101c, 0x081c, 0x083c, 0x087c, 0x4a5d, 0x841e, 0xad1e, 0xce1f, 0xdedf, 0xf77f, 0xffdf, 0xffff, 0xffff, 0xffff, 0xffff, 0xffff, 0xffff, 0xffff, 0xffff, 0xffff, 0xffff, 0xffff, 0xffff, 0xffff, 0xffff, 0xffff, 0xffff, 0xffff, 0xffff, 0xffff, 0xffff, 0xffff, 0xffff, 0xffff, 0xffff, 0xffff, 0xffff, 0xffff, 0xffff, 0xffff, 0xffff, 0xffff, 0xffff, 0xffff, 0xffff, 0xffff, 0xffff, 0xffff, 0xffff, 0xffff, 0xffff, 0xffff, 0xffff, 0xffff, 0xffff, 0xffff, 0xffff, 0xffff, 0xffff, 0xffff, 0xffff, 0xffff, 0xffff, 0xffff, 0xffff, 0xffff, 0xffff, 0xffff, 0xffff, 0xffff, 0xffff, 0xffff, 0xffff, 0xffff, 0xffff, 0xffff, 0xffff, 0xffff, 0xffff, 0xffff, 0xffff, 0xffff, 0xffff, 0xffff, 0xffff, 0xffff, 0xffff, 0xffff, 0xffff, 0xffff, 0xffff, 0xffff, 0xffff, 0xffff, 0xffff, 0xffff, 0xffff, 0xffff, 0xffff, 0xffff, 0xffff, 0xffff, 0xffff, 0xffff, 0xffff, 0xffff, 0xffff, 0xffff, 0xffff, 0xffff, 0xffff, 0xffff, 0xffff, 0xffff, 0xffff, 0xffff, 0xffff, 0xffff, 0xffff, 0xffff, 0xffff, 0xffff, 0xffff, 0xffff, 0xffff, 0xffff, 0xffff, 0xffff, 0xffff, 0xffff, 0xffff, 0xffff, 0xffff, 0xffff, 0xffff, 0xffff, 0xe71c, 0xb596, 0x9451, 0x6b2c, 0x630b, 0x6b2c, 0x6b2c, 0x6b4c, 0x6b4c, 0x6b4c, 0x6b4c, 0x6b4c, 0x6b4c, 0x6b4c, 0x6b4c, 0x6b4c, 0x6b4c, 0x6b4c, 0x6b4c, 0x6b4c, 0x6b4c, 0x6b4c, 0x6b4c, 0x6b4c, 0x6b4c, 0x734c, 0x734d, 0x738d, 0x7bae, 0x8c30, 0x9cb2, 0xbdd7, 0xe71c, 0xef5d, 0xf7be, 0xffdf, 0xffff, 0xffff, 0xffff, 0xffff, 0xf7be, 0xdefb, 0xc618, 0xa513, 0x8c51, 0x83ef, 0x7bae, 0x6b4c, 0x6b2c, 0x6b2c, 0x6b2c, 0x6b4c, 0x6b4c, 0x6b4c, 0x6b4c, 0x6b4c, 0x6b4c, 0x6b4c, 0x6b4c, 0x6b4c, 0x6b4c, 0x6b4c, 0x6b4c, 0x6b2c, 0x6b2c, 0x6b0b, 0x6b4c, 0x83ef, 0xad34, 0xc618, 0xd6ba, 0xe73c, 0xf79e, 0xffdf, 0xffff, 0xffff, 0xffff, 0xffdf, 0xf79f, 0xe71f, 0xd69f, 0xb57e, 0x8c5e, 0x4a5d, 0x107c, 0x083c, 0x081c, 0x101c, 0x181c, 0x181c, 0x181c, 0x181c, 0x181c, 0x181c, 0x181c, 0x181c, 0x181c, 0x181c, 0x181c, 0x181c, 0x181c, 0x181c, 0x181c, 0x181c, 0x101c, 0x081c, 0x083c, 0x087c, 0x4a5d, 0x841e, 0xad1e, 0xce1f, 0xdedf, 0xf77f, 0xffdf, 0xffff, 0xffff, 0xffff, 0xffff, 0xffff, 0xffff, 0xffff, 0xffff, 0xffff, 0xffff, 0xffff, 0xffff, 0xffff, 0xffff, 0xffff, 0xffff, 0xffff, 0xffff, 0xffff, 0xffff, 0xffff, 0xffff, 0xffff, 0xffff, 0xffff, 0xffff, 0xffff, 0xffff, 0xffff, 0xffff, 0xffff, 0xffff, 0xffff, 0xffff, 0xffff, 0xffff, 0xffff, 0xffff, 0xffff, 0xffff, 0xffff, 0xffff, 0xffff, 0xffff, 0xffff, 0xffff, 0xffff, 0xffff, 0xffff, 0xffff, 0xffff, 0xffff, 0xffff, 0xffff, 0xffff, 0xffff, 0xffff, 0xffff, 0xffff, 0xffff, 0xffff, 0xffff, 0xffff, 0xffff, 0xffff, 0xffff, 0xffff, 0xffff, 0xffff, 0xffff, 0xffff, 0xffff, 0xffff, 0xffff, 0xffff, 0xffff, 0xffff, 0xffff, 0xffff, 0xffff, 0xffff, 0xffff, 0xffff, 0xffff, 0xffff, 0xffff, 0xffff, 0xffff, 0xffff, 0xffff, 0xffff, 0xffff, 0xffff, 0xffff, 0xffff, 0xffff, 0xffff, 0xffff, 0xffff, 0xffff, 0xffff, 0xffff, 0xffff, 0xffff, 0xffff, 0xffff, 0xffff, 0xffff, 0xffff, 0xffff, 0xffff, 0xffff, 0xffff, 0xffff, 0xffff, 0xffff, 0xffff, 0xffff, 0xffff, 0xffff, 0xffff, 0xffff, 0xffff, 0xffff, 0xffff, 0xe71c, 0xb596, 0x9451, 0x6b2c, 0x630b, 0x6b2c, 0x6b2c, 0x6b4c, 0x6b4c, 0x6b4c, 0x6b4c, 0x6b4c, 0x6b4c, 0x6b4c, 0x6b4c, 0x6b4c, 0x6b4c, 0x6b4c, 0x6b4c, 0x6b4c, 0x6b4c, 0x6b4c, 0x6b4c, 0x6b4c, 0x6b4c, 0x734c, 0x734d, 0x738d, 0x7bae, 0x8c30, 0x9cb2, 0xbdd7, 0xe71c, 0xef5d, 0xf7be, 0xffdf, 0xffff, 0xffff, 0xffff, 0xffff, 0xf7be, 0xdefb, 0xc618, 0xa513, 0x8c51, 0x83ef, 0x7bae, 0x6b4c, 0x6b2c, 0x6b2c, 0x6b2c, 0x6b4c, 0x6b4c, 0x6b4c, 0x6b4c, 0x6b4c, 0x6b4c, 0x6b4c, 0x6b4c, 0x6b4c, 0x6b4c, 0x6b4c, 0x6b4c, 0x6b2c, 0x6b2c, 0x6b0b, 0x6b4c, 0x83ef, 0xad34, 0xc618, 0xd6ba, 0xe73c, 0xf79e, 0xffdf, 0xffff, 0xffff, 0xffff, 0xffdf, 0xf79f, 0xe71f, 0xd69f, 0xb57e, 0x8c5e, 0x4a5d, 0x107c, 0x083c, 0x081c, 0x101c, 0x181c, 0x181c, 0x181c, 0x181c, 0x181c, 0x181c, 0x181c, 0x181c, 0x181c, 0x181c, 0x181c, 0x181c, 0x181c, 0x181c, 0x181c, 0x181c, 0x101c, 0x081c, 0x083c, 0x087c, 0x4a5d, 0x841e, 0xad1e, 0xce1f, 0xdedf, 0xf77f, 0xffdf, 0xffff, 0xffff, 0xffff, 0xffff, 0xffff, 0xffff, 0xffff, 0xffff, 0xffff, 0xffff, 0xffff, 0xffff, 0xffff, 0xffff, 0xffff, 0xffff, 0xffff, 0xffff, 0xffff, 0xffff, 0xffff, 0xffff, 0xffff, 0xffff, 0xffff, 0xffff, 0xffff, 0xffff, 0xffff, 0xffff, 0xffff, 0xffff, 0xffff, 0xffff, 0xffff, 0xffff, 0xffff, 0xffff, 0xffff, 0xffff, 0xffff, 0xffff, 0xffff, 0xffff, 0xffff, 0xffff, 0xffff, 0xffff, 0xffff, 0xffff, 0xffff, 0xffff, 0xffff, 0xffff, 0xffff, 0xffff, 0xffff, 0xffff, 0xffff, 0xffff, 0xffff, 0xffff, 0xffff, 0xffff, 0xffff, 0xffff, 0xffff, 0xffff, 0xffff, 0xffff, 0xffff, 0xffff, 0xffff, 0xffff, 0xffff, 0xffff, 0xffff, 0xffff, 0xffff, 0xffff, 0xffff, 0xffff, 0xffff, 0xffff, 0xffff, 0xffff, 0xffff, 0xffff, 0xffff, 0xffff, 0xffff, 0xffff, 0xffff, 0xffff, 0xffff, 0xffff, 0xffff, 0xffff, 0xffff, 0xffff, 0xffff, 0xffff, 0xffff, 0xffff, 0xffff, 0xffff, 0xffff, 0xffff, 0xffff, 0xffff, 0xffff, 0xffff, 0xffff, 0xffff, 0xffff, 0xffff, 0xffff, 0xffff, 0xffff, 0xffff, 0xffff, 0xffff, 0xffff, 0xffff, 0xffff, 0xe71c, 0xb596, 0x9451, 0x6b2c, 0x630b, 0x6b2c, 0x6b2c, 0x6b4c, 0x6b4c, 0x6b4c, 0x6b4c, 0x6b4c, 0x6b4c, 0x6b4c, 0x6b4c, 0x6b4c, 0x6b4c, 0x6b4c, 0x6b4c, 0x6b4c, 0x6b4c, 0x6b4c, 0x6b4c, 0x6b4c, 0x6b4c, 0x734c, 0x734d, 0x738d, 0x7bae, 0x8c30, 0x9cb2, 0xbdd7, 0xe71c, 0xef5d, 0xf7be, 0xffdf, 0xffff, 0xffff, 0xffff, 0xffff, 0xf7be, 0xdefb, 0xc618, 0xa513, 0x8c51, 0x83ef, 0x7bae, 0x6b4c, 0x6b2c, 0x6b2c, 0x6b2c, 0x6b4c, 0x6b4c, 0x6b4c, 0x6b4c, 0x6b4c, 0x6b4c, 0x6b4c, 0x6b4c, 0x6b4c, 0x6b4c, 0x6b4c, 0x6b4c, 0x6b2c, 0x6b2c, 0x6b0b, 0x6b4c, 0x83ef, 0xad34, 0xc618, 0xd6ba, 0xe73c, 0xf79e, 0xffdf, 0xffff, 0xffff, 0xffff, 0xffdf, 0xf79f, 0xe71f, 0xd69f, 0xb57e, 0x8c5e, 0x4a5d, 0x107c, 0x083c, 0x081c, 0x101c, 0x181c, 0x181c, 0x181c, 0x181c, 0x181c, 0x181c, 0x181c, 0x181c, 0x181c, 0x181c, 0x181c, 0x181c, 0x181c, 0x181c, 0x181c, 0x181c, 0x101c, 0x081c, 0x083c, 0x087c, 0x4a5d, 0x841e, 0xad1e, 0xce1f, 0xdedf, 0xf77f, 0xffdf, 0xffff, 0xffff, 0xffff, 0xffff, 0xffff, 0xffff, 0xffff, 0xffff, 0xffff, 0xffff, 0xffff, 0xffff, 0xffff, 0xffff, 0xffff, 0xffff, 0xffff, 0xffff, 0xffff, 0xffff, 0xffff, 0xffff, 0xffff, 0xffff, 0xffff, 0xffff, 0xffff, 0xffff, 0xffff, 0xffff, 0xffff, 0xffff, 0xffff, 0xffff, 0xffff, 0xffff, 0xffff, 0xffff, 0xffff, 0xffff, 0xffff, 0xffff, 0xffff, 0xffff, 0xffff, 0xffff, 0xffff, 0xffff, 0xffff, 0xffff, 0xffff, 0xffff, 0xffff, 0xffff, 0xffff, 0xffff, 0xffff, 0xffff, 0xffff, 0xffff, 0xffff, 0xffff, 0xffff, 0xffff, 0xffff, 0xffff, 0xffff, 0xffff, 0xffff, 0xffff, 0xffff, 0xffff, 0xffff, 0xffff, 0xffff, 0xffff, 0xffff, 0xffff, 0xffff, 0xffff, 0xffff, 0xffff, 0xffff, 0xffff, 0xffff, 0xffff, 0xffff, 0xffff, 0xffff, 0xffff, 0xffff, 0xffff, 0xffff, 0xffff, 0xffff, 0xffff, 0xffff, 0xffff, 0xffff, 0xffff, 0xffff, 0xffff, 0xffff, 0xffff, 0xffff, 0xffff, 0xffff, 0xffff, 0xffff, 0xffff, 0xffff, 0xffff, 0xffff, 0xffff, 0xffff, 0xffff, 0xffff, 0xffff, 0xffff, 0xffff, 0xffff, 0xffff, 0xffff, 0xffff, 0xffff, 0xe71c, 0xb596, 0x9451, 0x6b2c, 0x630b, 0x6b2c, 0x6b2c, 0x6b4c, 0x6b4c, 0x6b4c, 0x6b4c, 0x6b4c, 0x6b4c, 0x6b4c, 0x6b4c, 0x6b4c, 0x6b4c, 0x6b4c, 0x6b4c, 0x6b4c, 0x6b4c, 0x6b4c, 0x6b4c, 0x6b4c, 0x6b4c, 0x734c, 0x734d, 0x738d, 0x7bae, 0x8c30, 0x9cb2, 0xbdd7, 0xe71c, 0xef5d, 0xf7be, 0xffdf, 0xffff, 0xffff, 0xffff, 0xffff, 0xf7be, 0xdefb, 0xc618, 0xa513, 0x8c51, 0x83ef, 0x7bae, 0x6b4c, 0x6b2c, 0x6b2c, 0x6b2c, 0x6b4c, 0x6b4c, 0x6b4c, 0x6b4c, 0x6b4c, 0x6b4c, 0x6b4c, 0x6b4c, 0x6b4c, 0x6b4c, 0x6b4c, 0x6b4c, 0x6b2c, 0x6b2c, 0x6b0b, 0x6b4c, 0x83ef, 0xad34, 0xc618, 0xd6ba, 0xe73c, 0xf79e, 0xffdf, 0xffff, 0xffff, 0xffff, 0xffdf, 0xf79f, 0xe71f, 0xd69f, 0xb57e, 0x8c5e, 0x4a5d, 0x107c, 0x083c, 0x081c, 0x101c, 0x181c, 0x181c, 0x181c, 0x181c, 0x181c, 0x181c, 0x181c, 0x181c, 0x181c, 0x181c, 0x181c, 0x181c, 0x181c, 0x181c, 0x181c, 0x181c, 0x101c, 0x081c, 0x083c, 0x087c, 0x4a5d, 0x841e, 0xad1e, 0xce1f, 0xdedf, 0xf77f, 0xffdf, 0xffff, 0xffff, 0xffff, 0xffff, 0xffff, 0xffff, 0xffff, 0xffff, 0xffff, 0xffff, 0xffff, 0xffff, 0xffff, 0xffff, 0xffff, 0xffff, 0xffff, 0xffff, 0xffff, 0xffff, 0xffff, 0xffff, 0xffff, 0xffff, 0xffff, 0xffff, 0xffff, 0xffff, 0xffff, 0xffff, 0xffff, 0xffff, 0xffff, 0xffff, 0xffff, 0xffff, 0xffff, 0xffff, 0xffff, 0xffff, 0xffff, 0xffff, 0xffff, 0xffff, 0xffff, 0xffff, 0xffff, 0xffff, 0xffff, 0xffff, 0xffff, 0xffff, 0xffff, 0xffff, 0xffff, 0xffff, 0xffff, 0xffff, 0xffff, 0xffff, 0xffff, 0xffff, 0xffff, 0xffff, 0xffff, 0xffff, 0xffff, 0xffff, 0xffff, 0xffff, 0xffff, 0xffff, 0xffff, 0xffff, 0xffff, 0xffff, 0xffff, 0xffff, 0xffff, 0xffff, 0xffff, 0xffff, 0xffff, 0xffff, 0xffff, 0xffff, 0xffff, 0xffff, 0xffff, 0xffff, 0xffff, 0xffff, 0xffff, 0xffff, 0xffff, 0xffff, 0xffff, 0xffff, 0xffff, 0xffff, 0xffff, 0xffff, 0xffff, 0xffff, 0xffff, 0xffff, 0xffff, 0xffff, 0xffff, 0xffff, 0xffff, 0xffff, 0xffff, 0xffff, 0xffff, 0xffff, 0xffff, 0xffff, 0xffff, 0xffff, 0xffff, 0xffff, 0xffff, 0xffff, 0xffff, 0xe71c, 0xb596, 0x9451, 0x6b2c, 0x630b, 0x6b2c, 0x6b2c, 0x6b4c, 0x6b4c, 0x6b4c, 0x6b4c, 0x6b4c, 0x6b4c, 0x6b4c, 0x6b4c, 0x6b4c, 0x6b4c, 0x6b4c, 0x6b4c, 0x6b4c, 0x6b4c, 0x6b4c, 0x6b4c, 0x6b4c, 0x6b4c, 0x734c, 0x734d, 0x738d, 0x7bae, 0x8c30, 0x9cb2, 0xbdd7, 0xe71c, 0xef5d, 0xf7be, 0xffdf, 0xffff, 0xffff, 0xffff, 0xffff, 0xf7be, 0xdefb, 0xc618, 0xa513, 0x8c51, 0x83ef, 0x7bae, 0x6b4c, 0x6b2c, 0x6b2c, 0x6b2c, 0x6b4c, 0x6b4c, 0x6b4c, 0x6b4c, 0x6b4c, 0x6b4c, 0x6b4c, 0x6b4c, 0x6b4c, 0x6b4c, 0x6b4c, 0x6b4c, 0x6b2c, 0x6b2c, 0x6b0b, 0x6b4c, 0x83ef, 0xad34, 0xc618, 0xd6ba, 0xe73c, 0xf79e, 0xffdf, 0xffff, 0xffff, 0xffff, 0xffdf, 0xf79f, 0xe71f, 0xd69f, 0xb57e, 0x8c5e, 0x4a5d, 0x107c, 0x083c, 0x081c, 0x101c, 0x181c, 0x181c, 0x181c, 0x181c, 0x181c, 0x181c, 0x181c, 0x181c, 0x181c, 0x181c, 0x181c, 0x181c, 0x181c, 0x181c, 0x181c, 0x181c, 0x101c, 0x081c, 0x083c, 0x087c, 0x4a5d, 0x841e, 0xad1e, 0xce1f, 0xdedf, 0xf77f, 0xffdf, 0xffff, 0xffff, 0xffff, 0xffff, 0xffff, 0xffff, 0xffff, 0xffff, 0xffff, 0xffff, 0xffff, 0xffff, 0xffff, 0xffff, 0xffff, 0xffff, 0xffff, 0xffff, 0xffff, 0xffff, 0xffff, 0xffff, 0xffff, 0xffff, 0xffff, 0xffff, 0xffff, 0xffff, 0xffff, 0xffff, 0xffff, 0xffff, 0xffff, 0xffff, 0xffff, 0xffff, 0xffff, 0xffff, 0xffff, 0xffff, 0xffff, 0xffff, 0xffff, 0xffff, 0xffff, 0xffff, 0xffff, 0xffff, 0xffff, 0xffff, 0xffff, 0xffff, 0xffff, 0xffff, 0xffff, 0xffff, 0xffff, 0xffff, 0xffff, 0xffff, 0xffff, 0xffff, 0xffff, 0xffff, 0xffff, 0xffff, 0xffff, 0xffff, 0xffff, 0xffff, 0xffff, 0xffff, 0xffff, 0xffff, 0xffff, 0xffff, 0xffff, 0xffff, 0xffff, 0xffff, 0xffff, 0xffff, 0xffff, 0xffff, 0xffff, 0xffff, 0xffff, 0xffff, 0xffff, 0xffff, 0xffff, 0xffff, 0xffff, 0xffff, 0xffff, 0xffff, 0xffff, 0xffff, 0xffff, 0xffff, 0xffff, 0xffff, 0xffff, 0xffff, 0xffff, 0xffff, 0xffff, 0xffff, 0xffff, 0xffff, 0xffff, 0xffff, 0xffff, 0xffff, 0xffff, 0xffff, 0xffff, 0xffff, 0xffff, 0xffff, 0xffff, 0xffff, 0xffff, 0xffff, 0xffff, 0xe71c, 0xb596, 0x9451, 0x6b2c, 0x630b, 0x6b2c, 0x6b2c, 0x6b4c, 0x6b4c, 0x6b4c, 0x6b4c, 0x6b4c, 0x6b4c, 0x6b4c, 0x6b4c, 0x6b4c, 0x6b4c, 0x6b4c, 0x6b4c, 0x6b4c, 0x6b4c, 0x6b4c, 0x6b4c, 0x6b4c, 0x6b4c, 0x734c, 0x734d, 0x738d, 0x7bae, 0x8c30, 0x9cb2, 0xbdd7, 0xe71c, 0xef5d, 0xf7be, 0xffdf, 0xffff, 0xffff, 0xffff, 0xffff, 0xf7be, 0xdefb, 0xc618, 0xa513, 0x8c51, 0x83ef, 0x7bae, 0x6b4c, 0x6b2c, 0x6b2c, 0x6b2c, 0x6b4c, 0x6b4c, 0x6b4c, 0x6b4c, 0x6b4c, 0x6b4c, 0x6b4c, 0x6b4c, 0x6b4c, 0x6b4c, 0x6b4c, 0x6b4c, 0x6b2c, 0x6b2c, 0x6b0b, 0x6b4c, 0x83ef, 0xad34, 0xc618, 0xd6ba, 0xe73c, 0xf79e, 0xffdf, 0xffff, 0xffff, 0xffff, 0xffdf, 0xf79f, 0xe71f, 0xd69f, 0xb57e, 0x8c5e, 0x4a5d, 0x107c, 0x083c, 0x081c, 0x101c, 0x181c, 0x181c, 0x181c, 0x181c, 0x181c, 0x181c, 0x181c, 0x181c, 0x181c, 0x181c, 0x181c, 0x181c, 0x181c, 0x181c, 0x181c, 0x181c, 0x101c, 0x081c, 0x083c, 0x087c, 0x4a5d, 0x841e, 0xad1e, 0xce1f, 0xdedf, 0xf77f, 0xffdf, 0xffff, 0xffff, 0xffff, 0xffff, 0xffff, 0xffff, 0xffff, 0xffff, 0xffff, 0xffff, 0xffff, 0xffff, 0xffff, 0xffff, 0xffff, 0xffff, 0xffff, 0xffff, 0xffff, 0xffff, 0xffff, 0xffff, 0xffff, 0xffff, 0xffff, 0xffff, 0xffff, 0xffff, 0xffff, 0xffff, 0xffff, 0xffff, 0xffff, 0xffff, 0xffff, 0xffff, 0xffff, 0xffff, 0xffff, 0xffff, 0xffff, 0xffff, 0xffff, 0xffff, 0xffff, 0xffff, 0xffff, 0xffff, 0xffff, 0xffff, 0xffff, 0xffff, 0xffff, 0xffff, 0xffff, 0xffff, 0xffff, 0xffff, 0xffff, 0xffff, 0xffff, 0xffff, 0xffff, 0xffff, 0xffff, 0xffff, 0xffff, 0xffff, 0xffff, 0xffff, 0xffff, 0xffff, 0xffff, 0xffff, 0xffff, 0xffff, 0xffff, 0xffff, 0xffff, 0xffff, 0xffff, 0xffff, 0xffff, 0xffff, 0xffff, 0xffff, 0xffff, 0xffff, 0xffff, 0xffff, 0xffff, 0xffff, 0xffff, 0xffff, 0xffff, 0xffff, 0xffff, 0xffff, 0xffff, 0xffff, 0xffff, 0xffff, 0xffff, 0xffff, 0xffff, 0xffff, 0xffff, 0xffff, 0xffff, 0xffff, 0xffff, 0xffff, 0xffff, 0xffff, 0xffff, 0xffff, 0xffff, 0xffff, 0xffff, 0xffff, 0xffff, 0xffff, 0xffff, 0xffff, 0xffff, 0xe71c, 0xb596, 0x9451, 0x6b2c, 0x630b, 0x6b2c, 0x6b2c, 0x6b4c, 0x6b4c, 0x6b4c, 0x6b4c, 0x6b4c, 0x6b4c, 0x6b4c, 0x6b4c, 0x6b4c, 0x6b4c, 0x6b4c, 0x6b4c, 0x6b4c, 0x6b4c, 0x6b4c, 0x6b4c, 0x6b4c, 0x6b4c, 0x734c, 0x734d, 0x738d, 0x7bae, 0x8c30, 0x9cb2, 0xbdd7, 0xe71c, 0xef5d, 0xf7be, 0xffdf, 0xffff, 0xffff, 0xffff, 0xffff, 0xf7be, 0xdefb, 0xc618, 0xa513, 0x8c51, 0x83ef, 0x7bae, 0x6b4c, 0x6b2c, 0x6b2c, 0x6b2c, 0x6b4c, 0x6b4c, 0x6b4c, 0x6b4c, 0x6b4c, 0x6b4c, 0x6b4c, 0x6b4c, 0x6b4c, 0x6b4c, 0x6b4c, 0x6b4c, 0x6b2c, 0x6b2c, 0x6b0b, 0x6b4c, 0x83ef, 0xad34, 0xc618, 0xd6ba, 0xe73c, 0xf79e, 0xffdf, 0xffff, 0xffff, 0xffff, 0xffdf, 0xf79f, 0xe71f, 0xd69f, 0xb57e, 0x8c5e, 0x4a5d, 0x107c, 0x083c, 0x081c, 0x101c, 0x181c, 0x181c, 0x181c, 0x181c, 0x181c, 0x181c, 0x181c, 0x181c, 0x181c, 0x181c, 0x181c, 0x181c, 0x181c, 0x181c, 0x181c, 0x181c, 0x101c, 0x081c, 0x083c, 0x087c, 0x4a5d, 0x841e, 0xad1e, 0xce1f, 0xdedf, 0xf77f, 0xffdf, 0xffff, 0xffff, 0xffff, 0xffff, 0xffff, 0xffff, 0xffff, 0xffff, 0xffff, 0xffff, 0xffff, 0xffff, 0xffff, 0xffff, 0xffff, 0xffff, 0xffff, 0xffff, 0xffff, 0xffff, 0xffff, 0xffff, 0xffff, 0xffff, 0xffff, 0xffff, 0xffff, 0xffff, 0xffff, 0xffff, 0xffff, 0xffff, 0xffff, 0xffff, 0xffff, 0xffff, 0xffff, 0xffff, 0xffff, 0xffff, 0xffff, 0xffff, 0xffff, 0xffff, 0xffff, 0xffff, 0xffff, 0xffff, 0xffff, 0xffff, 0xffff, 0xffff, 0xffff, 0xffff, 0xffff, 0xffff, 0xffff, 0xffff, 0xffff, 0xffff, 0xffff, 0xffff, 0xffff, 0xffff, 0xffff, 0xffff, 0xffff, 0xffff, 0xffff, 0xffff, 0xffff, 0xffff, 0xffff, 0xffff, 0xffff, 0xffff, 0xffff, 0xffff, 0xffff, 0xffff, 0xffff, 0xffff, 0xffff, 0xffff, 0xffff, 0xffff, 0xffff, 0xffff, 0xffff, 0xffff, 0xffff, 0xffff, 0xffff, 0xffff, 0xffff, 0xffff, 0xffff, 0xffff, 0xffff, 0xffff, 0xffff, 0xffff, 0xffff, 0xffff, 0xffff, 0xffff, 0xffff, 0xffff, 0xffff, 0xffff, 0xffff, 0xffff, 0xffff, 0xffff, 0xffff, 0xffff, 0xffff, 0xffff, 0xffff, 0xffff, 0xffff, 0xffff, 0xffff, 0xffff, 0xffff, 0xe71c, 0xb596, 0x9451, 0x6b2c, 0x630b, 0x6b2c, 0x6b2c, 0x6b4c, 0x6b4c, 0x6b4c, 0x6b4c, 0x6b4c, 0x6b4c, 0x6b4c, 0x6b4c, 0x6b4c, 0x6b4c, 0x6b4c, 0x6b4c, 0x6b4c, 0x6b4c, 0x6b4c, 0x6b4c, 0x6b4c, 0x6b4c, 0x734c, 0x734d, 0x738d, 0x7bae, 0x8c30, 0x9cb2, 0xbdd7, 0xe71c, 0xef5d, 0xf7be, 0xffdf, 0xffff, 0xffff, 0xffff, 0xffff, 0xf7be, 0xdefb, 0xc618, 0xa513, 0x8c51, 0x83ef, 0x7bae, 0x6b4c, 0x6b2c, 0x6b2c, 0x6b2c, 0x6b4c, 0x6b4c, 0x6b4c, 0x6b4c, 0x6b4c, 0x6b4c, 0x6b4c, 0x6b4c, 0x6b4c, 0x6b4c, 0x6b4c, 0x6b4c, 0x6b2c, 0x6b2c, 0x6b0b, 0x6b4c, 0x83ef, 0xad34, 0xc618, 0xd6ba, 0xe73c, 0xf79e, 0xffdf, 0xffff, 0xffff, 0xffff, 0xffdf, 0xf79f, 0xe71f, 0xd69f, 0xb57e, 0x8c5e, 0x4a5d, 0x107c, 0x083c, 0x081c, 0x101c, 0x181c, 0x181c, 0x181c, 0x181c, 0x181c, 0x181c, 0x181c, 0x181c, 0x181c, 0x181c, 0x181c, 0x181c, 0x181c, 0x181c, 0x181c, 0x181c, 0x101c, 0x081c, 0x083c, 0x087c, 0x4a5d, 0x841e, 0xad1e, 0xce1f, 0xdedf, 0xf77f, 0xffdf, 0xffff, 0xffff, 0xffff, 0xffff, 0xffff, 0xffff, 0xffff, 0xffff, 0xffff, 0xffff, 0xffff, 0xffff, 0xffff, 0xffff, 0xffff, 0xffff, 0xffff, 0xffff, 0xffff, 0xffff, 0xffff, 0xffff, 0xffff, 0xffff, 0xffff, 0xffff, 0xffff, 0xffff, 0xffff, 0xffff, 0xffff, 0xffff, 0xffff, 0xffff, 0xffff, 0xffff, 0xffff, 0xffff, 0xffff, 0xffff, 0xffff, 0xffff, 0xffff, 0xffff, 0xffff, 0xffff, 0xffff, 0xffff, 0xffff, 0xffff, 0xffff, 0xffff, 0xffff, 0xffff, 0xffff, 0xffff, 0xffff, 0xffff, 0xffff, 0xffff, 0xffff, 0xffff, 0xffff, 0xffff, 0xffff, 0xffff, 0xffff, 0xffff, 0xffff, 0xffff, 0xffff, 0xffff, 0xffff, 0xffff, 0xffff, 0xffff, 0xffff, 0xffff, 0xffff, 0xffff, 0xffff, 0xffff, 0xffff, 0xffff, 0xffff, 0xffff, 0xffff, 0xffff, 0xffff, 0xffff, 0xffff, 0xffff, 0xffff, 0xffff, 0xffff, 0xffff, 0xffff, 0xffff, 0xffff, 0xffff, 0xffff, 0xffff, 0xffff, 0xffff, 0xffff, 0xffff, 0xffff, 0xffff, 0xffff, 0xffff, 0xffff, 0xffff, 0xffff, 0xffff, 0xffff, 0xffff, 0xffff, 0xffff, 0xffff, 0xffff, 0xffff, 0xffff, 0xffff, 0xffff, 0xffff, 0xe71c, 0xb596, 0x9451, 0x6b2c, 0x630b, 0x6b2c, 0x6b2c, 0x6b4c, 0x6b4c, 0x6b4c, 0x6b4c, 0x6b4c, 0x6b4c, 0x6b4c, 0x6b4c, 0x6b4c, 0x6b4c, 0x6b4c, 0x6b4c, 0x6b4c, 0x6b4c, 0x6b4c, 0x6b4c, 0x6b4c, 0x6b4c, 0x734c, 0x734d, 0x738d, 0x7bae, 0x8c30, 0x9cb2, 0xbdd7, 0xe71c, 0xef5d, 0xf7be, 0xffdf, 0xffff, 0xffff, 0xffff, 0xffff, 0xf7be, 0xdefb, 0xc618, 0xa513, 0x8c51, 0x83ef, 0x7bae, 0x6b4c, 0x6b2c, 0x6b2c, 0x6b2c, 0x6b4c, 0x6b4c, 0x6b4c, 0x6b4c, 0x6b4c, 0x6b4c, 0x6b4c, 0x6b4c, 0x6b4c, 0x6b4c, 0x6b4c, 0x6b4c, 0x6b2c, 0x6b2c, 0x6b0b, 0x6b4c, 0x83ef, 0xad34, 0xc618, 0xd6ba, 0xe73c, 0xf79e, 0xffdf, 0xffff, 0xffff, 0xffff, 0xffdf, 0xf79f, 0xe71f, 0xd69f, 0xb57e, 0x8c5e, 0x4a5d, 0x107c, 0x083c, 0x081c, 0x101c, 0x181c, 0x181c, 0x181c, 0x181c, 0x181c, 0x181c, 0x181c, 0x181c, 0x181c, 0x181c, 0x181c, 0x181c, 0x181c, 0x181c, 0x181c, 0x181c, 0x101c, 0x081c, 0x083c, 0x087c, 0x4a5d, 0x841e, 0xad1e, 0xce1f, 0xdedf, 0xf77f, 0xffdf, 0xffff, 0xffff, 0xffff, 0xffff, 0xffff, 0xffff, 0xffff, 0xffff, 0xffff, 0xffff, 0xffff, 0xffff, 0xffff, 0xffff, 0xffff, 0xffff, 0xffff, 0xffff, 0xffff, 0xffff, 0xffff, 0xffff, 0xffff, 0xffff, 0xffff, 0xffff, 0xffff, 0xffff, 0xffff, 0xffff, 0xffff, 0xffff, 0xffff, 0xffff, 0xffff, 0xffff, 0xffff, 0xffff, 0xffff, 0xffff, 0xffff, 0xffff, 0xffff, 0xffff, 0xffff, 0xffff, 0xffff, 0xffff, 0xffff, 0xffff, 0xffff, 0xffff, 0xffff, 0xffff, 0xffff, 0xffff, 0xffff, 0xffff, 0xffff, 0xffff, 0xffff, 0xffff, 0xffff, 0xffff, 0xffff, 0xffff, 0xffff, 0xffff, 0xffff, 0xffff, 0xffff, 0xffff, 0xffff, 0xffff, 0xffff, 0xffff, 0xffff, 0xffff, 0xffff, 0xffff, 0xffff, 0xffff, 0xffff, 0xffff, 0xffff, 0xffff, 0xffff, 0xffff, 0xffff, 0xffff, 0xffff, 0xffff, 0xffff, 0xffff, 0xffff, 0xffff, 0xffff, 0xffff, 0xffff, 0xffff, 0xffff, 0xffff, 0xffff, 0xffff, 0xffff, 0xffff, 0xffff, 0xffff, 0xffff, 0xffff, 0xffff, 0xffff, 0xffff, 0xffff, 0xffff, 0xffff, 0xffff, 0xffff, 0xffff, 0xffff, 0xffff, 0xffff, 0xffff, 0xffff, 0xffff, 0xe71c, 0xb596, 0x9451, 0x6b2c, 0x630b, 0x6b2c, 0x6b2c, 0x6b4c, 0x6b4c, 0x6b4c, 0x6b4c, 0x6b4c, 0x6b4c, 0x6b4c, 0x6b4c, 0x6b4c, 0x6b4c, 0x6b4c, 0x6b4c, 0x6b4c, 0x6b4c, 0x6b4c, 0x6b4c, 0x6b4c, 0x6b4c, 0x734c, 0x734d, 0x738d, 0x7bae, 0x8c30, 0x9cb2, 0xbdd7, 0xe71c, 0xef5d, 0xf7be, 0xffdf, 0xffff, 0xffff, 0xffff, 0xffff, 0xf7be, 0xdefb, 0xc618, 0xa513, 0x8c51, 0x83ef, 0x7bae, 0x6b4c, 0x6b2c, 0x6b2c, 0x6b2c, 0x6b4c, 0x6b4c, 0x6b4c, 0x6b4c, 0x6b4c, 0x6b4c, 0x6b4c, 0x6b4c, 0x6b4c, 0x6b4c, 0x6b4c, 0x6b4c, 0x6b2c, 0x6b2c, 0x6b0b, 0x6b4c, 0x83ef, 0xad34, 0xc618, 0xd6ba, 0xe73c, 0xf79e, 0xffdf, 0xffff, 0xffff, 0xffff, 0xffdf, 0xf79f, 0xe71f, 0xd69f, 0xb57e, 0x8c5e, 0x4a5d, 0x107c, 0x083c, 0x081c, 0x101c, 0x181c, 0x181c, 0x181c, 0x181c, 0x181c, 0x181c, 0x181c, 0x181c, 0x181c, 0x181c, 0x181c, 0x181c, 0x181c, 0x181c, 0x181c, 0x181c, 0x101c, 0x081c, 0x083c, 0x087c, 0x4a5d, 0x841e, 0xad1e, 0xce1f, 0xdedf, 0xf77f, 0xffdf, 0xffff, 0xffff, 0xffff, 0xffff, 0xffff, 0xffff, 0xffff, 0xffff, 0xffff, 0xffff, 0xffff, 0xffff, 0xffff, 0xffff, 0xffff, 0xffff, 0xffff, 0xffff, 0xffff, 0xffff, 0xffff, 0xffff, 0xffff, 0xffff, 0xffff, 0xffff, 0xffff, 0xffff, 0xffff, 0xffff, 0xffff, 0xffff, 0xffff, 0xffff, 0xffff, 0xffff, 0xffff, 0xffff, 0xffff, 0xffff, 0xffff, 0xffff, 0xffff, 0xffff, 0xffff, 0xffff, 0xffff, 0xffff, 0xffff, 0xffff, 0xffff, 0xffff, 0xffff, 0xffff, 0xffff, 0xffff, 0xffff, 0xffff, 0xffff, 0xffff, 0xffff, 0xffff, 0xffff, 0xffff, 0xffff, 0xffff, 0xffff, 0xffff, 0xffff, 0xffff, 0xffff, 0xffff, 0xffff, 0xffff, 0xffff, 0xffff, 0xffff, 0xffff, 0xffff, 0xffff, 0xffff, 0xffff, 0xffff, 0xffff, 0xffff, 0xffff, 0xffff, 0xffff, 0xffff, 0xffff, 0xffff, 0xffff, 0xffff, 0xffff, 0xffff, 0xffff, 0xffff, 0xffff, 0xffff, 0xffff, 0xffff, 0xffff, 0xffff, 0xffff, 0xffff, 0xffff, 0xffff, 0xffff, 0xffff, 0xffff, 0xffff, 0xffff, 0xffff, 0xffff, 0xffff, 0xffff, 0xffff, 0xffff, 0xffff, 0xffff, 0xffff, 0xffff, 0xffff, 0xffff, 0xffff, 0xe71c, 0xb596, 0x9451, 0x6b2c, 0x630b, 0x6b2c, 0x6b2c, 0x6b4c, 0x6b4c, 0x6b4c, 0x6b4c, 0x6b4c, 0x6b4c, 0x6b4c, 0x6b4c, 0x6b4c, 0x6b4c, 0x6b4c, 0x6b4c, 0x6b4c, 0x6b4c, 0x6b4c, 0x6b4c, 0x6b4c, 0x6b4c, 0x734c, 0x734d, 0x738d, 0x7bae, 0x8c30, 0x9cb2, 0xbdd7, 0xe71c, 0xef5d, 0xf7be, 0xffdf, 0xffff, 0xffff, 0xffff, 0xffff, 0xf7be, 0xdefb, 0xc618, 0xa513, 0x8c51, 0x83ef, 0x7bae, 0x6b4c, 0x6b2c, 0x6b2c, 0x6b2c, 0x6b4c, 0x6b4c, 0x6b4c, 0x6b4c, 0x6b4c, 0x6b4c, 0x6b4c, 0x6b4c, 0x6b4c, 0x6b4c, 0x6b4c, 0x6b4c, 0x6b2c, 0x6b2c, 0x6b0b, 0x6b4c, 0x83ef, 0xad34, 0xc618, 0xd6ba, 0xe73c, 0xf79e, 0xffdf, 0xffff, 0xffff, 0xffff, 0xffdf, 0xf79f, 0xe71f, 0xd69f, 0xb57e, 0x8c5e, 0x4a5d, 0x107c, 0x083c, 0x081c, 0x101c, 0x181c, 0x181c, 0x181c, 0x181c, 0x181c, 0x181c, 0x181c, 0x181c, 0x181c, 0x181c, 0x181c, 0x181c, 0x181c, 0x181c, 0x181c, 0x181c, 0x101c, 0x081c, 0x083c, 0x087c, 0x4a5d, 0x841e, 0xad1e, 0xce1f, 0xdedf, 0xf77f, 0xffdf, 0xffff, 0xffff, 0xffff, 0xffff, 0xffff, 0xffff, 0xffff, 0xffff, 0xffff, 0xffff, 0xffff, 0xffff, 0xffff, 0xffff, 0xffff, 0xffff, 0xffff, 0xffff, 0xffff, 0xffff, 0xffff, 0xffff, 0xffff, 0xffff, 0xffff, 0xffff, 0xffff, 0xffff, 0xffff, 0xffff, 0xffff, 0xffff, 0xffff, 0xffff, 0xffff, 0xffff, 0xffff, 0xffff, 0xffff, 0xffff, 0xffff, 0xffff, 0xffff, 0xffff, 0xffff, 0xffff, 0xffff, 0xffff, 0xffff, 0xffff, 0xffff, 0xffff, 0xffff, 0xffff, 0xffff, 0xffff, 0xffff, 0xffff, 0xffff, 0xffff, 0xffff, 0xffff, 0xffff, 0xffff, 0xffff, 0xffff, 0xffff, 0xffff, 0xffff, 0xffff, 0xffff, 0xffff, 0xffff, 0xffff, 0xffff, 0xffff, 0xffff, 0xffff, 0xffff, 0xffff, 0xffff, 0xffff, 0xffff, 0xffff, 0xffff, 0xffff, 0xffff, 0xffff, 0xffff, 0xffff, 0xffff, 0xffff, 0xffff, 0xffff, 0xffff, 0xffff, 0xffff, 0xffff, 0xffff, 0xffff, 0xffff, 0xffff, 0xffff, 0xffff, 0xffff, 0xffff, 0xffff, 0xffff, 0xffff, 0xffff, 0xffff, 0xffff, 0xffff, 0xffff, 0xffff, 0xffff, 0xffff, 0xffff, 0xffff, 0xffff, 0xffff, 0xffff, 0xffff, 0xffff, 0xffff, 0xe71c, 0xb596, 0x9451, 0x6b2c, 0x630b, 0x6b2c, 0x6b2c, 0x6b4c, 0x6b4c, 0x6b4c, 0x6b4c, 0x6b4c, 0x6b4c, 0x6b4c, 0x6b4c, 0x6b4c, 0x6b4c, 0x6b4c, 0x6b4c, 0x6b4c, 0x6b4c, 0x6b4c, 0x6b4c, 0x6b4c, 0x6b4c, 0x734c, 0x734d, 0x738d, 0x7bae, 0x8c30, 0x9cb2, 0xbdd7, 0xe71c, 0xef5d, 0xf7be, 0xffdf, 0xffff, 0xffff, 0xffff, 0xffff, 0xf7be, 0xdefb, 0xc618, 0xa513, 0x8c51, 0x83ef, 0x7bae, 0x6b4c, 0x6b2c, 0x6b2c, 0x6b2c, 0x6b4c, 0x6b4c, 0x6b4c, 0x6b4c, 0x6b4c, 0x6b4c, 0x6b4c, 0x6b4c, 0x6b4c, 0x6b4c, 0x6b4c, 0x6b4c, 0x6b2c, 0x6b2c, 0x6b0b, 0x6b4c, 0x83ef, 0xad34, 0xc618, 0xd6ba, 0xe73c, 0xf79e, 0xffdf, 0xffff, 0xffff, 0xffff, 0xffdf, 0xf79f, 0xe71f, 0xd69f, 0xb57e, 0x8c5e, 0x4a5d, 0x107c, 0x083c, 0x081c, 0x101c, 0x181c, 0x181c, 0x181c, 0x181c, 0x181c, 0x181c, 0x181c, 0x181c, 0x181c, 0x181c, 0x181c, 0x181c, 0x181c, 0x181c, 0x181c, 0x181c, 0x101c, 0x081c, 0x083c, 0x087c, 0x4a5d, 0x841e, 0xad1e, 0xce1f, 0xdedf, 0xf77f, 0xffdf, 0xffff, 0xffff, 0xffff, 0xffff, 0xffff, 0xffff, 0xffff, 0xffff, 0xffff, 0xffff, 0xffff, 0xffff, 0xffff, 0xffff, 0xffff, 0xffff, 0xffff, 0xffff, 0xffff, 0xffff, 0xffff, 0xffff, 0xffff, 0xffff, 0xffff, 0xffff, 0xffff, 0xffff, 0xffff, 0xffff, 0xffff, 0xffff, 0xffff, 0xffff, 0xffff, 0xffff, 0xffff, 0xffff, 0xffff, 0xffff, 0xffff, 0xffff, 0xffff, 0xffff, 0xffff, 0xffff, 0xffff, 0xffff, 0xffff, 0xffff, 0xffff, 0xffff, 0xffff, 0xffff, 0xffff, 0xffff, 0xffff, 0xffff, 0xffff, 0xffff, 0xffff, 0xffff, 0xffff, 0xffff, 0xffff, 0xffff, 0xffff, 0xffff, 0xffff, 0xffff, 0xffff, 0xffff, 0xffff, 0xffff, 0xffff, 0xffff, 0xffff, 0xffff, 0xffff, 0xffff, 0xffff, 0xffff, 0xffff, 0xffff, 0xffff, 0xffff, 0xffff, 0xffff, 0xffff, 0xffff, 0xffff, 0xffff, 0xffff, 0xffff, 0xffff, 0xffff, 0xffff, 0xffff, 0xffff, 0xffff, 0xffff, 0xffff, 0xffff, 0xffff, 0xffff, 0xffff, 0xffff, 0xffff, 0xffff, 0xffff, 0xffff, 0xffff, 0xffff, 0xffff, 0xffff, 0xffff, 0xffff, 0xffff, 0xffff, 0xffff, 0xffff, 0xffff, 0xffff, 0xffff, 0xffff, 0xe71c, 0xb596, 0x9451, 0x6b2c, 0x630b, 0x6b2c, 0x6b2c, 0x6b4c, 0x6b4c, 0x6b4c, 0x6b4c, 0x6b4c, 0x6b4c, 0x6b4c, 0x6b4c, 0x6b4c, 0x6b4c, 0x6b4c, 0x6b4c, 0x6b4c, 0x6b4c, 0x6b4c, 0x6b4c, 0x6b4c, 0x6b4c, 0x734c, 0x734d, 0x738d, 0x7bae, 0x8c30, 0x9cb2, 0xbdd7, 0xe71c, 0xef5d, 0xf7be, 0xffdf, 0xffff, 0xffff, 0xffff, 0xffff, 0xf7be, 0xdefb, 0xc618, 0xa513, 0x8c51, 0x83ef, 0x7bae, 0x6b4c, 0x6b2c, 0x6b2c, 0x6b2c, 0x6b4c, 0x6b4c, 0x6b4c, 0x6b4c, 0x6b4c, 0x6b4c, 0x6b4c, 0x6b4c, 0x6b4c, 0x6b4c, 0x6b4c, 0x6b4c, 0x6b2c, 0x6b2c, 0x6b0b, 0x6b4c, 0x83ef, 0xad34, 0xc618, 0xd6ba, 0xe73c, 0xf79e, 0xffdf, 0xffff, 0xffff, 0xffff, 0xffdf, 0xf79f, 0xe71f, 0xd69f, 0xb57e, 0x8c5e, 0x4a5d, 0x107c, 0x083c, 0x081c, 0x101c, 0x181c, 0x181c, 0x181c, 0x181c, 0x181c, 0x181c, 0x181c, 0x181c, 0x181c, 0x181c, 0x181c, 0x181c, 0x181c, 0x181c, 0x181c, 0x181c, 0x101c, 0x081c, 0x083c, 0x087c, 0x4a5d, 0x841e, 0xad1e, 0xce1f, 0xdedf, 0xf77f, 0xffdf, 0xffff, 0xffff, 0xffff, 0xffff, 0xffff, 0xffff, 0xffff, 0xffff, 0xffff, 0xffff, 0xffff, 0xffff, 0xffff, 0xffff, 0xffff, 0xffff, 0xffff, 0xffff, 0xffff, 0xffff, 0xffff, 0xffff, 0xffff, 0xffff, 0xffff, 0xffff, 0xffff, 0xffff, 0xffff, 0xffff, 0xffff, 0xffff, 0xffff, 0xffff, 0xffff, 0xffff, 0xffff, 0xffff, 0xffff, 0xffff, 0xffff, 0xffff, 0xffff, 0xffff, 0xffff, 0xffff, 0xffff, 0xffff, 0xffff, 0xffff, 0xffff, 0xffff, 0xffff, 0xffff, 0xffff, 0xffff, 0xffff, 0xffff, 0xffff, 0xffff, 0xffff, 0xffff, 0xffff, 0xffff, 0xffff, 0xffff, 0xffff, 0xffff, 0xffff, 0xffff, 0xffff, 0xffff, 0xffff, 0xffff, 0xffff, 0xffff, 0xffff, 0xffff, 0xffff, 0xffff, 0xffff, 0xffff, 0xffff, 0xffff, 0xffff, 0xffff, 0xffff, 0xffff, 0xffff, 0xffff, 0xffff, 0xffff, 0xffff, 0xffff, 0xffff, 0xffff, 0xffff, 0xffff, 0xffff, 0xffff, 0xffff, 0xffff, 0xffff, 0xffff, 0xffff, 0xffff, 0xffff, 0xffff, 0xffff, 0xffff, 0xffff, 0xffff, 0xffff, 0xffff, 0xffff, 0xffff, 0xffff, 0xffff, 0xffff, 0xffff, 0xffff, 0xffff, 0xffff, 0xffff, 0xffff, 0xe71c, 0xb596, 0x9451, 0x6b2c, 0x630b, 0x6b2c, 0x6b2c, 0x6b4c, 0x6b4c, 0x6b4c, 0x6b4c, 0x6b4c, 0x6b4c, 0x6b4c, 0x6b4c, 0x6b4c, 0x6b4c, 0x6b4c, 0x6b4c, 0x6b4c, 0x6b4c, 0x6b4c, 0x6b4c, 0x6b4c, 0x6b4c, 0x734c, 0x734d, 0x738d, 0x7bae, 0x8c30, 0x9cb2, 0xbdd7, 0xe71c, 0xef5d, 0xf7be, 0xffdf, 0xffff, 0xffff, 0xffff, 0xffff, 0xf7be, 0xdefb, 0xc618, 0xa513, 0x8c51, 0x83ef, 0x7bae, 0x6b4c, 0x6b2c, 0x6b2c, 0x6b2c, 0x6b4c, 0x6b4c, 0x6b4c, 0x6b4c, 0x6b4c, 0x6b4c, 0x6b4c, 0x6b4c, 0x6b4c, 0x6b4c, 0x6b4c, 0x6b4c, 0x6b2c, 0x6b2c, 0x6b0b, 0x6b4c, 0x83ef, 0xad34, 0xc618, 0xd6ba, 0xe73c, 0xf79e, 0xffdf, 0xffff, 0xffff, 0xffff, 0xffdf, 0xf79f, 0xe71f, 0xd69f, 0xb57e, 0x8c5e, 0x4a5d, 0x107c, 0x083c, 0x081c, 0x101c, 0x181c, 0x181c, 0x181c, 0x181c, 0x181c, 0x181c, 0x181c, 0x181c, 0x181c, 0x181c, 0x181c, 0x181c, 0x181c, 0x181c, 0x181c, 0x181c, 0x101c, 0x081c, 0x083c, 0x087c, 0x4a5d, 0x841e, 0xad1e, 0xce1f, 0xdedf, 0xf77f, 0xffdf, 0xffff, 0xffff, 0xffff, 0xffff, 0xffff, 0xffff, 0xffff, 0xffff, 0xffff, 0xffff, 0xffff, 0xffff, 0xffff, 0xffff, 0xffff, 0xffff, 0xffff, 0xffff, 0xffff, 0xffff, 0xffff, 0xffff, 0xffff, 0xffff, 0xffff, 0xffff, 0xffff, 0xffff, 0xffff, 0xffff, 0xffff, 0xffff, 0xffff, 0xffff, 0xffff, 0xffff, 0xffff, 0xffff, 0xffff, 0xffff, 0xffff, 0xffff, 0xffff, 0xffff, 0xffff, 0xffff, 0xffff, 0xffff, 0xffff, 0xffff, 0xffff, 0xffff, 0xffff, 0xffff, 0xffff, 0xffff, 0xffff, 0xffff, 0xffff, 0xffff, 0xffff, 0xffff, 0xffff, 0xffff, 0xffff, 0xffff, 0xffff, 0xffff, 0xffff, 0xffff, 0xffff, 0xffff, 0xffff, 0xffff, 0xffff, 0xffff, 0xffff, 0xffff, 0xffff, 0xffff, 0xffff, 0xffff, 0xffff, 0xffff, 0xffff, 0xffff, 0xffff, 0xffff, 0xffff, 0xffff, 0xffff, 0xffff, 0xffff, 0xffff, 0xffff, 0xffff, 0xffff, 0xffff, 0xffff, 0xffff, 0xffff, 0xffff, 0xffff, 0xffff, 0xffff, 0xffff, 0xffff, 0xffff, 0xffff, 0xffff, 0xffff, 0xffff, 0xffff, 0xffff, 0xffff, 0xffff, 0xffff, 0xffff, 0xffff, 0xffff, 0xffff, 0xffff, 0xffff, 0xffff, 0xffff, 0xe71c, 0xb596, 0x9451, 0x6b2c, 0x630b, 0x6b2c, 0x6b2c, 0x6b4c, 0x6b4c, 0x6b4c, 0x6b4c, 0x6b4c, 0x6b4c, 0x6b4c, 0x6b4c, 0x6b4c, 0x6b4c, 0x6b4c, 0x6b4c, 0x6b4c, 0x6b4c, 0x6b4c, 0x6b4c, 0x6b4c, 0x6b4c, 0x734c, 0x734d, 0x738d, 0x7bae, 0x8c30, 0x9cb2, 0xbdd7, 0xe71c, 0xef5d, 0xf7be, 0xffdf, 0xffff, 0xffff, 0xffff, 0xffff, 0xf7be, 0xdefb, 0xc618, 0xa513, 0x8c51, 0x83ef, 0x7bae, 0x6b4c, 0x6b2c, 0x6b2c, 0x6b2c, 0x6b4c, 0x6b4c, 0x6b4c, 0x6b4c, 0x6b4c, 0x6b4c, 0x6b4c, 0x6b4c, 0x6b4c, 0x6b4c, 0x6b4c, 0x6b4c, 0x6b2c, 0x6b2c, 0x6b0b, 0x6b4c, 0x83ef, 0xad34, 0xc618, 0xd6ba, 0xe73c, 0xf79e, 0xffdf, 0xffff, 0xffff, 0xffff, 0xffdf, 0xf79f, 0xe71f, 0xd69f, 0xb57e, 0x8c5e, 0x4a5d, 0x107c, 0x083c, 0x081c, 0x101c, 0x181c, 0x181c, 0x181c, 0x181c, 0x181c, 0x181c, 0x181c, 0x181c, 0x181c, 0x181c, 0x181c, 0x181c, 0x181c, 0x181c, 0x181c, 0x181c, 0x101c, 0x081c, 0x083c, 0x087c, 0x4a5d, 0x841e, 0xad1e, 0xce1f, 0xdedf, 0xf77f, 0xffdf, 0xffff, 0xffff, 0xffff, 0xffff, 0xffff, 0xffff, 0xffff, 0xffff, 0xffff, 0xffff, 0xffff, 0xffff, 0xffff, 0xffff, 0xffff, 0xffff, 0xffff, 0xffff, 0xffff, 0xffff, 0xffff, 0xffff, 0xffff, 0xffff, 0xffff, 0xffff, 0xffff, 0xffff, 0xffff, 0xffff, 0xffff, 0xffff, 0xffff, 0xffff, 0xffff, 0xffff, 0xffff, 0xffff, 0xffff, 0xffff, 0xffff, 0xffff, 0xffff, 0xffff, 0xffff, 0xffff, 0xffff, 0xffff, 0xffff, 0xffff, 0xffff, 0xffff, 0xffff, 0xffff, 0xffff, 0xffff, 0xffff, 0xffff, 0xffff, 0xffff, 0xffff, 0xffff, 0xffff, 0xffff, 0xffff, 0xffff, 0xffff, 0xffff, 0xffff, 0xffff, 0xffff, 0xffff, 0xffff, 0xffff, 0xffff, 0xffff, 0xffff, 0xffff, 0xffff, 0xffff, 0xffff, 0xffff, 0xffff, 0xffff, 0xffff, 0xffff, 0xffff, 0xffff, 0xffff, 0xffff, 0xffff, 0xffff, 0xffff, 0xffff, 0xffff, 0xffff, 0xffff, 0xffff, 0xffff, 0xffff, 0xffff, 0xffff, 0xffff, 0xffff, 0xffff, 0xffff, 0xffff, 0xffff, 0xffff, 0xffff, 0xffff, 0xffff, 0xffff, 0xffff, 0xffff, 0xffff, 0xffff, 0xffff, 0xffff, 0xffff, 0xffff, 0xffff, 0xffff, 0xffff, 0xffff, 0xe71c, 0xb596, 0x9451, 0x6b2c, 0x630b, 0x6b2c, 0x6b2c, 0x6b4c, 0x6b4c, 0x6b4c, 0x6b4c, 0x6b4c, 0x6b4c, 0x6b4c, 0x6b4c, 0x6b4c, 0x6b4c, 0x6b4c, 0x6b4c, 0x6b4c, 0x6b4c, 0x6b4c, 0x6b4c, 0x6b4c, 0x6b4c, 0x734c, 0x734d, 0x738d, 0x7bae, 0x8c30, 0x9cb2, 0xbdd7, 0xe71c, 0xef5d, 0xf7be, 0xffdf, 0xffff, 0xffff, 0xffff, 0xffff, 0xf7be, 0xdefb, 0xc618, 0xa513, 0x8c51, 0x83ef, 0x7bae, 0x6b4c, 0x6b2c, 0x6b2c, 0x6b2c, 0x6b4c, 0x6b4c, 0x6b4c, 0x6b4c, 0x6b4c, 0x6b4c, 0x6b4c, 0x6b4c, 0x6b4c, 0x6b4c, 0x6b4c, 0x6b4c, 0x6b2c, 0x6b2c, 0x6b0b, 0x6b4c, 0x83ef, 0xad34, 0xc618, 0xd6ba, 0xe73c, 0xf79e, 0xffdf, 0xffff, 0xffff, 0xffff, 0xffdf, 0xf79f, 0xe71f, 0xd69f, 0xb57e, 0x8c5e, 0x4a5d, 0x107c, 0x083c, 0x081c, 0x101c, 0x181c, 0x181c, 0x181c, 0x181c, 0x181c, 0x181c, 0x181c, 0x181c, 0x181c, 0x181c, 0x181c, 0x181c, 0x181c, 0x181c, 0x181c, 0x181c, 0x101c, 0x081c, 0x083c, 0x087c, 0x4a5d, 0x841e, 0xad1e, 0xce1f, 0xdedf, 0xf77f, 0xffdf, 0xffff, 0xffff, 0xffff, 0xffff, 0xffff, 0xffff, 0xffff, 0xffff, 0xffff, 0xffff, 0xffff, 0xffff, 0xffff, 0xffff, 0xffff, 0xffff, 0xffff, 0xffff, 0xffff, 0xffff, 0xffff, 0xffff, 0xffff, 0xffff, 0xffff, 0xffff, 0xffff, 0xffff, 0xffff, 0xffff, 0xffff, 0xffff, 0xffff, 0xffff, 0xffff, 0xffff, 0xffff, 0xffff, 0xffff, 0xffff, 0xffff, 0xffff, 0xffff, 0xffff, 0xffff, 0xffff, 0xffff, 0xffff, 0xffff, 0xffff, 0xffff, 0xffff, 0xffff, 0xffff, 0xffff, 0xffff, 0xffff, 0xffff, 0xffff, 0xffff, 0xffff, 0xffff, 0xffff, 0xffff, 0xffff, 0xffff, 0xffff, 0xffff, 0xffff, 0xffff, 0xffff, 0xffff, 0xffff, 0xffff, 0xffff, 0xffff, 0xffff, 0xffff, 0xffff, 0xffff, 0xffff, 0xffff, 0xffff, 0xffff, 0xffff, 0xffff, 0xffff, 0xffff, 0xffff, 0xffff, 0xffff, 0xffff, 0xffff, 0xffff, 0xffff, 0xffff, 0xffff, 0xffff, 0xffff, 0xffff, 0xffff, 0xffff, 0xffff, 0xffff, 0xffff, 0xffff, 0xffff, 0xffff, 0xffff, 0xffff, 0xffff, 0xffff, 0xffff, 0xffff, 0xffff, 0xffff, 0xffff, 0xffff, 0xffff, 0xffff, 0xffff, 0xffff, 0xffff, 0xffff, 0xffff, 0xe71c, 0xb596, 0x9451, 0x6b2c, 0x630b, 0x6b2c, 0x6b2c, 0x6b4c, 0x6b4c, 0x6b4c, 0x6b4c, 0x6b4c, 0x6b4c, 0x6b4c, 0x6b4c, 0x6b4c, 0x6b4c, 0x6b4c, 0x6b4c, 0x6b4c, 0x6b4c, 0x6b4c, 0x6b4c, 0x6b4c, 0x6b4c, 0x734c, 0x734d, 0x738d, 0x7bae, 0x8c30, 0x9cb2, 0xbdd7, 0xe71c, 0xef5d, 0xf7be, 0xffdf, 0xffff, 0xffff, 0xffff, 0xffff, 0xf7be, 0xdefb, 0xc618, 0xa513, 0x8c51, 0x83ef, 0x7bae, 0x6b4c, 0x6b2c, 0x6b2c, 0x6b2c, 0x6b4c, 0x6b4c, 0x6b4c, 0x6b4c, 0x6b4c, 0x6b4c, 0x6b4c, 0x6b4c, 0x6b4c, 0x6b4c, 0x6b4c, 0x6b4c, 0x6b2c, 0x6b2c, 0x6b0b, 0x6b4c, 0x83ef, 0xad34, 0xc618, 0xd6ba, 0xe73c, 0xf79e, 0xffdf, 0xffff, 0xffff, 0xffff, 0xffdf, 0xf79f, 0xe71f, 0xd69f, 0xb57e, 0x8c5e, 0x4a5d, 0x107c, 0x083c, 0x081c, 0x101c, 0x181c, 0x181c, 0x181c, 0x181c, 0x181c, 0x181c, 0x181c, 0x181c, 0x181c, 0x181c, 0x181c, 0x181c, 0x181c, 0x181c, 0x181c, 0x181c, 0x101c, 0x081c, 0x083c, 0x087c, 0x4a5d, 0x841e, 0xad1e, 0xce1f, 0xdedf, 0xf77f, 0xffdf, 0xffff, 0xffff, 0xffff, 0xffff, 0xffff, 0xffff, 0xffff, 0xffff, 0xffff, 0xffff, 0xffff, 0xffff, 0xffff, 0xffff, 0xffff, 0xffff, 0xffff, 0xffff, 0xffff, 0xffff, 0xffff, 0xffff, 0xffff, 0xffff, 0xffff, 0xffff, 0xffff, 0xffff, 0xffff, 0xffff, 0xffff, 0xffff, 0xffff, 0xffff, 0xffff, 0xffff, 0xffff, 0xffff, 0xffff, 0xffff, 0xffff, 0xffff, 0xffff, 0xffff, 0xffff, 0xffff, 0xffff, 0xffff, 0xffff, 0xffff, 0xffff, 0xffff, 0xffff, 0xffff, 0xffff, 0xffff, 0xffff, 0xffff, 0xffff, 0xffff, 0xffff, 0xffff, 0xffff, 0xffff, 0xffff, 0xffff, 0xffff, 0xffff, 0xffff, 0xffff, 0xffff, 0xffff, 0xffff, 0xffff, 0xffff, 0xffff, 0xffff, 0xffff, 0xffff, 0xffff, 0xffff, 0xffff, 0xffff, 0xffff, 0xffff, 0xffff, 0xffff, 0xffff, 0xffff, 0xffff, 0xffff, 0xffff, 0xffff, 0xffff, 0xffff, 0xffff, 0xffff, 0xffff, 0xffff, 0xffff, 0xffff, 0xffff, 0xffff, 0xffff, 0xffff, 0xffff, 0xffff, 0xffff, 0xffff, 0xffff, 0xffff, 0xffff, 0xffff, 0xffff, 0xffff, 0xffff, 0xffff, 0xffff, 0xffff, 0xffff, 0xffff, 0xffff, 0xffff, 0xffff, 0xffff, 0xe71c, 0xb596, 0x9451, 0x6b2c, 0x630b, 0x6b2c, 0x6b2c, 0x6b4c, 0x6b4c, 0x6b4c, 0x6b4c, 0x6b4c, 0x6b4c, 0x6b4c, 0x6b4c, 0x6b4c, 0x6b4c, 0x6b4c, 0x6b4c, 0x6b4c, 0x6b4c, 0x6b4c, 0x6b4c, 0x6b4c, 0x6b4c, 0x734c, 0x734d, 0x738d, 0x7bae, 0x8c30, 0x9cb2, 0xbdd7, 0xe71c, 0xef5d, 0xf7be, 0xffdf, 0xffff, 0xffff, 0xffff, 0xffff, 0xf7be, 0xdefb, 0xc618, 0xa513, 0x8c51, 0x83ef, 0x7bae, 0x6b4c, 0x6b2c, 0x6b2c, 0x6b2c, 0x6b4c, 0x6b4c, 0x6b4c, 0x6b4c, 0x6b4c, 0x6b4c, 0x6b4c, 0x6b4c, 0x6b4c, 0x6b4c, 0x6b4c, 0x6b4c, 0x6b2c, 0x6b2c, 0x6b0b, 0x6b4c, 0x83ef, 0xad34, 0xc618, 0xd6ba, 0xe73c, 0xf79e, 0xffdf, 0xffff, 0xffff, 0xffff, 0xffdf, 0xf79f, 0xe71f, 0xd69f, 0xb57e, 0x8c5e, 0x4a5d, 0x107c, 0x083c, 0x081c, 0x101c, 0x181c, 0x181c, 0x181c, 0x181c, 0x181c, 0x181c, 0x181c, 0x181c, 0x181c, 0x181c, 0x181c, 0x181c, 0x181c, 0x181c, 0x181c, 0x181c, 0x101c, 0x081c, 0x083c, 0x087c, 0x4a5d, 0x841e, 0xad1e, 0xce1f, 0xdedf, 0xf77f, 0xffdf, 0xffff, 0xffff, 0xffff, 0xffff, 0xffff, 0xffff, 0xffff, 0xffff, 0xffff, 0xffff, 0xffff, 0xffff, 0xffff, 0xffff, 0xffff, 0xffff, 0xffff, 0xffff, 0xffff, 0xffff, 0xffff, 0xffff, 0xffff, 0xffff, 0xffff, 0xffff, 0xffff, 0xffff, 0xffff, 0xffff, 0xffff, 0xffff, 0xffff, 0xffff, 0xffff, 0xffff, 0xffff, 0xffff, 0xffff, 0xffff, 0xffff, 0xffff, 0xffff, 0xffff, 0xffff, 0xffff, 0xffff, 0xffff, 0xffff, 0xffff, 0xffff, 0xffff, 0xffff, 0xffff, 0xffff, 0xffff, 0xffff, 0xffff, 0xffff, 0xffff, 0xffff, 0xffff, 0xffff, 0xffff, 0xffff, 0xffff, 0xffff, 0xffff, 0xffff, 0xffff, 0xffff, 0xffff, 0xffff, 0xffff, 0xffff, 0xffff, 0xffff, 0xffff, 0xffff, 0xffff, 0xffff, 0xffff, 0xffff, 0xffff, 0xffff, 0xffff, 0xffff, 0xffff, 0xffff, 0xffff, 0xffff, 0xffff, 0xffff, 0xffff, 0xffff, 0xffff, 0xffff, 0xffff, 0xffff, 0xffff, 0xffff, 0xffff, 0xffff, 0xffff, 0xffff, 0xffff, 0xffff, 0xffff, 0xffff, 0xffff, 0xffff, 0xffff, 0xffff, 0xffff, 0xffff, 0xffff, 0xffff, 0xffff, 0xffff, 0xffff, 0xffff, 0xffff, 0xffff, 0xffff, 0xffff, 0xe71c, 0xb596, 0x9451, 0x6b2c, 0x630b, 0x6b2c, 0x6b2c, 0x6b4c, 0x6b4c, 0x6b4c, 0x6b4c, 0x6b4c, 0x6b4c, 0x6b4c, 0x6b4c, 0x6b4c, 0x6b4c, 0x6b4c, 0x6b4c, 0x6b4c, 0x6b4c, 0x6b4c, 0x6b4c, 0x6b4c, 0x6b4c, 0x734c, 0x734d, 0x738d, 0x7bae, 0x8c30, 0x9cb2, 0xbdd7, 0xe71c, 0xef5d, 0xf7be, 0xffdf, 0xffff, 0xffff, 0xffff, 0xffff, 0xf7be, 0xdefb, 0xc618, 0xa513, 0x8c51, 0x83ef, 0x7bae, 0x6b4c, 0x6b2c, 0x6b2c, 0x6b2c, 0x6b4c, 0x6b4c, 0x6b4c, 0x6b4c, 0x6b4c, 0x6b4c, 0x6b4c, 0x6b4c, 0x6b4c, 0x6b4c, 0x6b4c, 0x6b4c, 0x6b2c, 0x6b2c, 0x6b0b, 0x6b4c, 0x83ef, 0xad34, 0xc618, 0xd6ba, 0xe73c, 0xf79e, 0xffdf, 0xffff, 0xffff, 0xffff, 0xffdf, 0xf79f, 0xe71f, 0xd69f, 0xb57e, 0x8c5e, 0x4a5d, 0x107c, 0x083c, 0x081c, 0x101c, 0x181c, 0x181c, 0x181c, 0x181c, 0x181c, 0x181c, 0x181c, 0x181c, 0x181c, 0x181c, 0x181c, 0x181c, 0x181c, 0x181c, 0x181c, 0x181c, 0x101c, 0x081c, 0x083c, 0x087c, 0x4a5d, 0x841e, 0xad1e, 0xce1f, 0xdedf, 0xf77f, 0xffdf, 0xffff, 0xffff, 0xffff, 0xffff, 0xffff, 0xffff, 0xffff, 0xffff, 0xffff, 0xffff, 0xffff, 0xffff, 0xffff, 0xffff, 0xffff, 0xffff, 0xffff, 0xffff, 0xffff, 0xffff, 0xffff, 0xffff, 0xffff, 0xffff, 0xffff, 0xffff, 0xffff, 0xffff, 0xffff, 0xffff, 0xffff, 0xffff, 0xffff, 0xffff, 0xffff, 0xffff, 0xffff, 0xffff, 0xffff, 0xffff, 0xffff, 0xffff, 0xffff, 0xffff, 0xffff, 0xffff, 0xffff, 0xffff, 0xffff, 0xffff, 0xffff, 0xffff, 0xffff, 0xffff, 0xffff, 0xffff, 0xffff, 0xffff, 0xffff, 0xffff, 0xffff, 0xffff, 0xffff, 0xffff, 0xffff, 0xffff, 0xffff, 0xffff, 0xffff, 0xffff, 0xffff, 0xffff, 0xffff, 0xffff, 0xffff, 0xffff, 0xffff, 0xffff, 0xffff, 0xffff, 0xffff, 0xffff, 0xffff, 0xffff, 0xffff, 0xffff, 0xffff, 0xffff, 0xffff, 0xffff, 0xffff, 0xffff, 0xffff, 0xffff, 0xffff, 0xffff, 0xffff, 0xffff, 0xffff, 0xffff, 0xffff, 0xffff, 0xffff, 0xffff, 0xffff, 0xffff, 0xffff, 0xffff, 0xffff, 0xffff, 0xffff, 0xffff, 0xffff, 0xffff, 0xffff, 0xffff, 0xffff, 0xffff, 0xffff, 0xffff, 0xffff, 0xffff, 0xffff, 0xffff, 0xffff, 0xe71c, 0xb596, 0x9451, 0x6b2c, 0x630b, 0x6b2c, 0x6b2c, 0x6b4c, 0x6b4c, 0x6b4c, 0x6b4c, 0x6b4c, 0x6b4c, 0x6b4c, 0x6b4c, 0x6b4c, 0x6b4c, 0x6b4c, 0x6b4c, 0x6b4c, 0x6b4c, 0x6b4c, 0x6b4c, 0x6b4c, 0x6b4c, 0x734c, 0x734d, 0x738d, 0x7bae, 0x8c30, 0x9cb2, 0xbdd7, 0xe71c, 0xef5d, 0xf7be, 0xffdf, 0xffff, 0xffff, 0xffff, 0xffff, 0xf7be, 0xdefb, 0xc618, 0xa513, 0x8c51, 0x83ef, 0x7bae, 0x6b4c, 0x6b2c, 0x6b2c, 0x6b2c, 0x6b4c, 0x6b4c, 0x6b4c, 0x6b4c, 0x6b4c, 0x6b4c, 0x6b4c, 0x6b4c, 0x6b4c, 0x6b4c, 0x6b4c, 0x6b4c, 0x6b2c, 0x6b2c, 0x6b0b, 0x6b4c, 0x83ef, 0xad34, 0xc618, 0xd6ba, 0xe73c, 0xf79e, 0xffdf, 0xffff, 0xffff, 0xffff, 0xffdf, 0xf79f, 0xe71f, 0xd69f, 0xb57e, 0x8c5e, 0x4a5d, 0x107c, 0x083c, 0x081c, 0x101c, 0x181c, 0x181c, 0x181c, 0x181c, 0x181c, 0x181c, 0x181c, 0x181c, 0x181c, 0x181c, 0x181c, 0x181c, 0x181c, 0x181c, 0x181c, 0x181c, 0x101c, 0x081c, 0x083c, 0x087c, 0x4a5d, 0x841e, 0xad1e, 0xce1f, 0xdedf, 0xf77f, 0xffdf, 0xffff, 0xffff, 0xffff, 0xffff, 0xffff, 0xffff, 0xffff, 0xffff, 0xffff, 0xffff, 0xffff, 0xffff, 0xffff, 0xffff, 0xffff, 0xffff, 0xffff, 0xffff, 0xffff, 0xffff, 0xffff, 0xffff, 0xffff, 0xffff, 0xffff, 0xffff, 0xffff, 0xffff, 0xffff, 0xffff, 0xffff, 0xffff, 0xffff, 0xffff, 0xffff, 0xffff, 0xffff, 0xffff, 0xffff, 0xffff, 0xffff, 0xffff, 0xffff, 0xffff, 0xffff, 0xffff, 0xffff, 0xffff, 0xffff, 0xffff, 0xffff, 0xffff, 0xffff, 0xffff, 0xffff, 0xffff, 0xffff, 0xffff, 0xffff, 0xffff, 0xffff, 0xffff, 0xffff, 0xffff, 0xffff, 0xffff, 0xffff, 0xffff, 0xffff, 0xffff, 0xffff, 0xffff, 0xffff, 0xffff, 0xffff, 0xffff, 0xffff, 0xffff, 0xffff, 0xffff, 0xffff, 0xffff, 0xffff, 0xffff, 0xffff, 0xffff, 0xffff, 0xffff, 0xffff, 0xffff, 0xffff, 0xffff, 0xffff, 0xffff, 0xffff, 0xffff, 0xffff, 0xffff, 0xffff, 0xffff, 0xffff, 0xffff, 0xffff, 0xffff, 0xffff, 0xffff, 0xffff, 0xffff, 0xffff, 0xffff, 0xffff, 0xffff, 0xffff, 0xffff, 0xffff, 0xffff, 0xffff, 0xffff, 0xffff, 0xffff, 0xffff, 0xffff, 0xffff, 0xffff, 0xffff, 0xe71c, 0xb596, 0x9451, 0x6b2c, 0x630b, 0x6b2c, 0x6b2c, 0x6b4c, 0x6b4c, 0x6b4c, 0x6b4c, 0x6b4c, 0x6b4c, 0x6b4c, 0x6b4c, 0x6b4c, 0x6b4c, 0x6b4c, 0x6b4c, 0x6b4c, 0x6b4c, 0x6b4c, 0x6b4c, 0x6b4c, 0x6b4c, 0x734c, 0x734d, 0x738d, 0x7bae, 0x8c30, 0x9cb2, 0xbdd7, 0xe71c, 0xef5d, 0xf7be, 0xffdf, 0xffff, 0xffff, 0xffff, 0xffff, 0xf7be, 0xdefb, 0xc618, 0xa513, 0x8c51, 0x83ef, 0x7bae, 0x6b4c, 0x6b2c, 0x6b2c, 0x6b2c, 0x6b4c, 0x6b4c, 0x6b4c, 0x6b4c, 0x6b4c, 0x6b4c, 0x6b4c, 0x6b4c, 0x6b4c, 0x6b4c, 0x6b4c, 0x6b4c, 0x6b2c, 0x6b2c, 0x6b0b, 0x6b4c, 0x83ef, 0xad34, 0xc618, 0xd6ba, 0xe73c, 0xf79e, 0xffdf, 0xffff, 0xffff, 0xffff, 0xffdf, 0xf79f, 0xe71f, 0xd69f, 0xb57e, 0x8c5e, 0x4a5d, 0x107c, 0x083c, 0x081c, 0x101c, 0x181c, 0x181c, 0x181c, 0x181c, 0x181c, 0x181c, 0x181c, 0x181c, 0x181c, 0x181c, 0x181c, 0x181c, 0x181c, 0x181c, 0x181c, 0x181c, 0x101c, 0x081c, 0x083c, 0x087c, 0x4a5d, 0x841e, 0xad1e, 0xce1f, 0xdedf, 0xf77f, 0xffdf, 0xffff, 0xffff, 0xffff, 0xffff, 0xffff, 0xffff, 0xffff, 0xffff, 0xffff, 0xffff, 0xffff, 0xffff, 0xffff, 0xffff, 0xffff, 0xffff, 0xffff, 0xffff, 0xffff, 0xffff, 0xffff, 0xffff, 0xffff, 0xffff, 0xffff, 0xffff, 0xffff, 0xffff, 0xffff, 0xffff, 0xffff, 0xffff, 0xffff, 0xffff, 0xffff, 0xffff, 0xffff, 0xffff, 0xffff, 0xffff, 0xffff, 0xffff, 0xffff, 0xffff, 0xffff, 0xffff, 0xffff, 0xffff, 0xffff, 0xffff, 0xffff, 0xffff, 0xffff, 0xffff, 0xffff, 0xffff, 0xffff, 0xffff, 0xffff, 0xffff, 0xffff, 0xffff, 0xffff, 0xffff, 0xffff, 0xffff, 0xffff, 0xffff, 0xffff, 0xffff, 0xffff, 0xffff, 0xffff, 0xffff, 0xffff, 0xffff, 0xffff, 0xffff, 0xffff, 0xffff, 0xffff, 0xffff, 0xffff, 0xffff, 0xffff, 0xffff, 0xffff, 0xffff, 0xffff, 0xffff, 0xffff, 0xffff, 0xffff, 0xffff, 0xffff, 0xffff, 0xffff, 0xffff, 0xffff, 0xffff, 0xffff, 0xffff, 0xffff, 0xffff, 0xffff, 0xffff, 0xffff, 0xffff, 0xffff, 0xffff, 0xffff, 0xffff, 0xffff, 0xffff, 0xffff, 0xffff, 0xffff, 0xffff, 0xffff, 0xffff, 0xffff, 0xffff, 0xffff, 0xffff, 0xffff, 0xe71c, 0xb596, 0x9451, 0x6b2c, 0x630b, 0x6b2c, 0x6b2c, 0x6b4c, 0x6b4c, 0x6b4c, 0x6b4c, 0x6b4c, 0x6b4c, 0x6b4c, 0x6b4c, 0x6b4c, 0x6b4c, 0x6b4c, 0x6b4c, 0x6b4c, 0x6b4c, 0x6b4c, 0x6b4c, 0x6b4c, 0x6b4c, 0x734c, 0x734d, 0x738d, 0x7bae, 0x8c30, 0x9cb2, 0xbdd7, 0xe71c, 0xef5d, 0xf7be, 0xffdf, 0xffff, 0xffff, 0xffff, 0xffff, 0xf7be, 0xdefb, 0xc618, 0xa513, 0x8c51, 0x83ef, 0x7bae, 0x6b4c, 0x6b2c, 0x6b2c, 0x6b2c, 0x6b4c, 0x6b4c, 0x6b4c, 0x6b4c, 0x6b4c, 0x6b4c, 0x6b4c, 0x6b4c, 0x6b4c, 0x6b4c, 0x6b4c, 0x6b4c, 0x6b2c, 0x6b2c, 0x6b0b, 0x6b4c, 0x83ef, 0xad34, 0xc618, 0xd6ba, 0xe73c, 0xf79e, 0xffdf, 0xffff, 0xffff, 0xffff, 0xffdf, 0xf79f, 0xe71f, 0xd69f, 0xb57e, 0x8c5e, 0x4a5d, 0x107c, 0x083c, 0x081c, 0x101c, 0x181c, 0x181c, 0x181c, 0x181c, 0x181c, 0x181c, 0x181c, 0x181c, 0x181c, 0x181c, 0x181c, 0x181c, 0x181c, 0x181c, 0x181c, 0x181c, 0x101c, 0x081c, 0x083c, 0x087c, 0x4a5d, 0x841e, 0xad1e, 0xce1f, 0xdedf, 0xf77f, 0xffdf, 0xffff, 0xffff, 0xffff, 0xffff, 0xffff, 0xffff, 0xffff, 0xffff, 0xffff, 0xffff, 0xffff, 0xffff, 0xffff, 0xffff, 0xffff, 0xffff, 0xffff, 0xffff, 0xffff, 0xffff, 0xffff, 0xffff, 0xffff, 0xffff, 0xffff, 0xffff, 0xffff, 0xffff, 0xffff, 0xffff, 0xffff, 0xffff, 0xffff, 0xffff, 0xffff, 0xffff, 0xffff, 0xffff, 0xffff, 0xffff, 0xffff, 0xffff, 0xffff, 0xffff, 0xffff, 0xffff, 0xffff, 0xffff, 0xffff, 0xffff, 0xffff, 0xffff, 0xffff, 0xffff, 0xffff, 0xffff, 0xffff, 0xffff, 0xffff, 0xffff, 0xffff, 0xffff, 0xffff, 0xffff, 0xffff, 0xffff, 0xffff, 0xffff, 0xffff, 0xffff, 0xffff, 0xffff, 0xffff, 0xffff, 0xffff, 0xffff, 0xffff, 0xffff, 0xffff, 0xffff, 0xffff, 0xffff, 0xffff, 0xffff, 0xffff, 0xffff, 0xffff, 0xffff, 0xffff, 0xffff, 0xffff, 0xffff, 0xffff, 0xffff, 0xffff, 0xffff, 0xffff, 0xffff, 0xffff, 0xffff, 0xffff, 0xffff, 0xffff, 0xffff, 0xffff, 0xffff, 0xffff, 0xffff, 0xffff, 0xffff, 0xffff, 0xffff, 0xffff, 0xffff, 0xffff, 0xffff, 0xffff, 0xffff, 0xffff, 0xffff, 0xffff, 0xffff, 0xffff, 0xffff, 0xffff, 0xe71c, 0xb596, 0x9451, 0x6b2c, 0x630b, 0x6b2c, 0x6b2c, 0x6b4c, 0x6b4c, 0x6b4c, 0x6b4c, 0x6b4c, 0x6b4c, 0x6b4c, 0x6b4c, 0x6b4c, 0x6b4c, 0x6b4c, 0x6b4c, 0x6b4c, 0x6b4c, 0x6b4c, 0x6b4c, 0x6b4c, 0x6b4c, 0x734c, 0x734d, 0x738d, 0x7bae, 0x8c30, 0x9cb2, 0xbdd7, 0xe71c, 0xef5d, 0xf7be, 0xffdf, 0xffff, 0xffff, 0xffff, 0xffff, 0xf7be, 0xdefb, 0xc618, 0xa513, 0x8c51, 0x83ef, 0x7bae, 0x6b4c, 0x6b2c, 0x6b2c, 0x6b2c, 0x6b4c, 0x6b4c, 0x6b4c, 0x6b4c, 0x6b4c, 0x6b4c, 0x6b4c, 0x6b4c, 0x6b4c, 0x6b4c, 0x6b4c, 0x6b4c, 0x6b2c, 0x6b2c, 0x6b0b, 0x6b4c, 0x83ef, 0xad34, 0xc618, 0xd6ba, 0xe73c, 0xf79e, 0xffdf, 0xffff, 0xffff, 0xffff, 0xffdf, 0xf79f, 0xe71f, 0xd69f, 0xb57e, 0x8c5e, 0x4a5d, 0x107c, 0x083c, 0x081c, 0x101c, 0x181c, 0x181c, 0x181c, 0x181c, 0x181c, 0x181c, 0x181c, 0x181c, 0x181c, 0x181c, 0x181c, 0x181c, 0x181c, 0x181c, 0x181c, 0x181c, 0x101c, 0x081c, 0x083c, 0x087c, 0x4a5d, 0x841e, 0xad1e, 0xce1f, 0xdedf, 0xf77f, 0xffdf, 0xffff, 0xffff, 0xffff, 0xffff, 0xffff, 0xffff, 0xffff, 0xffff, 0xffff, 0xffff, 0xffff, 0xffff, 0xffff, 0xffff, 0xffff, 0xffff, 0xffff, 0xffff, 0xffff, 0xffff, 0xffff, 0xffff, 0xffff, 0xffff, 0xffff, 0xffff, 0xffff, 0xffff, 0xffff, 0xffff, 0xffff, 0xffff, 0xffff, 0xffff, 0xffff, 0xffff, 0xffff, 0xffff, 0xffff, 0xffff, 0xffff, 0xffff, 0xffff, 0xffff, 0xffff, 0xffff, 0xffff, 0xffff, 0xffff, 0xffff, 0xffff, 0xffff, 0xffff, 0xffff, 0xffff, 0xffff, 0xffff, 0xffff, 0xffff, 0xffff, 0xffff, 0xffff, 0xffff, 0xffff, 0xffff, 0xffff, 0xffff, 0xffff, 0xffff, 0xffff, 0xffff, 0xffff, 0xffff, 0xffff, 0xffff, 0xffff, 0xffff, 0xffff, 0xffff, 0xffff, 0xffff, 0xffff, 0xffff, 0xffff, 0xffff, 0xffff, 0xffff, 0xffff, 0xffff, 0xffff, 0xffff, 0xffff, 0xffff, 0xffff, 0xffff, 0xffff, 0xffff, 0xffff, 0xffff, 0xffff, 0xffff, 0xffff, 0xffff, 0xffff, 0xffff, 0xffff, 0xffff, 0xffff, 0xffff, 0xffff, 0xffff, 0xffff, 0xffff, 0xffff, 0xffff, 0xffff, 0xffff, 0xffff, 0xffff, 0xffff, 0xffff, 0xffff, 0xffff, 0xffff, 0xffff, 0xe71c, 0xb596, 0x9451, 0x6b2c, 0x630b, 0x6b2c, 0x6b2c, 0x6b4c, 0x6b4c, 0x6b4c, 0x6b4c, 0x6b4c, 0x6b4c, 0x6b4c, 0x6b4c, 0x6b4c, 0x6b4c, 0x6b4c, 0x6b4c, 0x6b4c, 0x6b4c, 0x6b4c, 0x6b4c, 0x6b4c, 0x6b4c, 0x734c, 0x734d, 0x738d, 0x7bae, 0x8c30, 0x9cb2, 0xbdd7, 0xe71c, 0xef5d, 0xf7be, 0xffdf, 0xffff, 0xffff, 0xffff, 0xffff, 0xf7be, 0xdefb, 0xc618, 0xa513, 0x8c51, 0x83ef, 0x7bae, 0x6b4c, 0x6b2c, 0x6b2c, 0x6b2c, 0x6b4c, 0x6b4c, 0x6b4c, 0x6b4c, 0x6b4c, 0x6b4c, 0x6b4c, 0x6b4c, 0x6b4c, 0x6b4c, 0x6b4c, 0x6b4c, 0x6b2c, 0x6b2c, 0x6b0b, 0x6b4c, 0x83ef, 0xad34, 0xc618, 0xd6ba, 0xe73c, 0xf79e, 0xffdf, 0xffff, 0xffff, 0xffff, 0xffdf, 0xf79f, 0xe71f, 0xd69f, 0xb57e, 0x8c5e, 0x4a5d, 0x107c, 0x083c, 0x081c, 0x101c, 0x181c, 0x181c, 0x181c, 0x181c, 0x181c, 0x181c, 0x181c, 0x181c, 0x181c, 0x181c, 0x181c, 0x181c, 0x181c, 0x181c, 0x181c, 0x181c, 0x101c, 0x081c, 0x083c, 0x087c, 0x4a5d, 0x841e, 0xad1e, 0xce1f, 0xdedf, 0xf77f, 0xffdf, 0xffff, 0xffff, 0xffff, 0xffff, 0xffff, 0xffff, 0xffff, 0xffff, 0xffff, 0xffff, 0xffff, 0xffff, 0xffff, 0xffff, 0xffff, 0xffff, 0xffff, 0xffff, 0xffff, 0xffff, 0xffff, 0xffff, 0xffff, 0xffff, 0xffff, 0xffff, 0xffff, 0xffff, 0xffff, 0xffff, 0xffff, 0xffff, 0xffff, 0xffff, 0xffff, 0xffff, 0xffff, 0xffff, 0xffff, 0xffff, 0xffff, 0xffff, 0xffff, 0xffff, 0xffff, 0xffff, 0xffff, 0xffff, 0xffff, 0xffff, 0xffff, 0xffff, 0xffff, 0xffff, 0xffff, 0xffff, 0xffff, 0xffff, 0xffff, 0xffff, 0xffff, 0xffff, 0xffff, 0xffff, 0xffff, 0xffff, 0xffff, 0xffff, 0xffff, 0xffff, 0xffff, 0xffff, 0xffff, 0xffff, 0xffff, 0xffff, 0xffff, 0xffff, 0xffff, 0xffff, 0xffff, 0xffff, 0xffff, 0xffff, 0xffff, 0xffff, 0xffff, 0xffff, 0xffff, 0xffff, 0xffff, 0xffff, 0xffff, 0xffff, 0xffff, 0xffff, 0xffff, 0xffff, 0xffff, 0xffff, 0xffff, 0xffff, 0xffff, 0xffff, 0xffff, 0xffff, 0xffff, 0xffff, 0xffff, 0xffff, 0xffff, 0xffff, 0xffff, 0xffff, 0xffff, 0xffff, 0xffff, 0xffff, 0xffff, 0xffff, 0xffff, 0xffff, 0xffff, 0xffff, 0xffff, 0xe71c, 0xb596, 0x9451, 0x6b2c, 0x630b, 0x6b2c, 0x6b2c, 0x6b4c, 0x6b4c, 0x6b4c, 0x6b4c, 0x6b4c, 0x6b4c, 0x6b4c, 0x6b4c, 0x6b4c, 0x6b4c, 0x6b4c, 0x6b4c, 0x6b4c, 0x6b4c, 0x6b4c, 0x6b4c, 0x6b4c, 0x6b4c, 0x734c, 0x734d, 0x738d, 0x7bae, 0x8c30, 0x9cb2, 0xbdd7, 0xe71c, 0xef5d, 0xf7be, 0xffdf, 0xffff, 0xffff, 0xffff, 0xffff, 0xf7be, 0xdefb, 0xc618, 0xa513, 0x8c51, 0x83ef, 0x7bae, 0x6b4c, 0x6b2c, 0x6b2c, 0x6b2c, 0x6b4c, 0x6b4c, 0x6b4c, 0x6b4c, 0x6b4c, 0x6b4c, 0x6b4c, 0x6b4c, 0x6b4c, 0x6b4c, 0x6b4c, 0x6b4c, 0x6b2c, 0x6b2c, 0x6b0b, 0x6b4c, 0x83ef, 0xad34, 0xc618, 0xd6ba, 0xe73c, 0xf79e, 0xffdf, 0xffff, 0xffff, 0xffff, 0xffdf, 0xf79f, 0xe71f, 0xd69f, 0xb57e, 0x8c5e, 0x4a5d, 0x107c, 0x083c, 0x081c, 0x101c, 0x181c, 0x181c, 0x181c, 0x181c, 0x181c, 0x181c, 0x181c, 0x181c, 0x181c, 0x181c, 0x181c, 0x181c, 0x181c, 0x181c, 0x181c, 0x181c, 0x101c, 0x081c, 0x083c, 0x087c, 0x4a5d, 0x841e, 0xad1e, 0xce1f, 0xdedf, 0xf77f, 0xffdf, 0xffff, 0xffff, 0xffff, 0xffff, 0xffff, 0xffff, 0xffff, 0xffff, 0xffff, 0xffff, 0xffff, 0xffff, 0xffff, 0xffff, 0xffff, 0xffff, 0xffff, 0xffff, 0xffff, 0xffff, 0xffff, 0xffff, 0xffff, 0xffff, 0xffff, 0xffff, 0xffff, 0xffff, 0xffff, 0xffff, 0xffff, 0xffff, 0xffff, 0xffff, 0xffff, 0xffff, 0xffff, 0xffff, 0xffff, 0xffff, 0xffff, 0xffff, 0xffff, 0xffff, 0xffff, 0xffff, 0xffff, 0xffff, 0xffff, 0xffff, 0xffff, 0xffff, 0xffff, 0xffff, 0xffff, 0xffff, 0xffff, 0xffff, 0xffff, 0xffff, 0xffff, 0xffff, 0xffff, 0xffff, 0xffff, 0xffff, 0xffff, 0xffff, 0xffff, 0xffff, 0xffff, 0xffff, 0xffff, 0xffff, 0xffff, 0xffff, 0xffff, 0xffff, 0xffff, 0xffff, 0xffff, 0xffff, 0xffff, 0xffff, 0xffff, 0xffff, 0xffff, 0xffff, 0xffff, 0xffff, 0xffff, 0xffff, 0xffff, 0xffff, 0xffff, 0xffff, 0xffff, 0xffff, 0xffff, 0xffff, 0xffff, 0xffff, 0xffff, 0xffff, 0xffff, 0xffff, 0xffff, 0xffff, 0xffff, 0xffff, 0xffff, 0xffff, 0xffff, 0xffff, 0xffff, 0xffff, 0xffff, 0xffff, 0xffff, 0xffff, 0xffff, 0xffff, 0xffff, 0xffff, 0xffff, 0xe71c, 0xb596, 0x9451, 0x6b2c, 0x630b, 0x6b2c, 0x6b2c, 0x6b4c, 0x6b4c, 0x6b4c, 0x6b4c, 0x6b4c, 0x6b4c, 0x6b4c, 0x6b4c, 0x6b4c, 0x6b4c, 0x6b4c, 0x6b4c, 0x6b4c, 0x6b4c, 0x6b4c, 0x6b4c, 0x6b4c, 0x6b4c, 0x734c, 0x734d, 0x738d, 0x7bae, 0x8c30, 0x9cb2, 0xbdd7, 0xe71c, 0xef5d, 0xf7be, 0xffdf, 0xffff, 0xffff, 0xffff, 0xffff, 0xf7be, 0xdefb, 0xc618, 0xa513, 0x8c51, 0x83ef, 0x7bae, 0x6b4c, 0x6b2c, 0x6b2c, 0x6b2c, 0x6b4c, 0x6b4c, 0x6b4c, 0x6b4c, 0x6b4c, 0x6b4c, 0x6b4c, 0x6b4c, 0x6b4c, 0x6b4c, 0x6b4c, 0x6b4c, 0x6b2c, 0x6b2c, 0x6b0b, 0x6b4c, 0x83ef, 0xad34, 0xc618, 0xd6ba, 0xe73c, 0xf79e, 0xffdf, 0xffff, 0xffff, 0xffff, 0xffdf, 0xf79f, 0xe71f, 0xd69f, 0xb57e, 0x8c5e, 0x4a5d, 0x107c, 0x083c, 0x081c, 0x101c, 0x181c, 0x181c, 0x181c, 0x181c, 0x181c, 0x181c, 0x181c, 0x181c, 0x181c, 0x181c, 0x181c, 0x181c, 0x181c, 0x181c, 0x181c, 0x181c, 0x101c, 0x081c, 0x083c, 0x087c, 0x4a5d, 0x841e, 0xad1e, 0xce1f, 0xdedf, 0xf77f, 0xffdf, 0xffff, 0xffff, 0xffff, 0xffff, 0xffff, 0xffff, 0xffff, 0xffff, 0xffff, 0xffff, 0xffff, 0xffff, 0xffff, 0xffff, 0xffff, 0xffff, 0xffff, 0xffff, 0xffff, 0xffff, 0xffff, 0xffff, 0xffff, 0xffff, 0xffff, 0xffff, 0xffff, 0xffff, 0xffff, 0xffff, 0xffff, 0xffff, 0xffff, 0xffff, 0xffff, 0xffff, 0xffff, 0xffff, 0xffff, 0xffff, 0xffff, 0xffff, 0xffff, 0xffff, 0xffff, 0xffff, 0xffff, 0xffff, 0xffff, 0xffff, 0xffff, 0xffff, 0xffff, 0xffff, 0xffff, 0xffff, 0xffff, 0xffff, 0xffff, 0xffff, 0xffff, 0xffff, 0xffff, 0xffff, 0xffff, 0xffff, 0xffff, 0xffff, 0xffff, 0xffff, 0xffff, 0xffff, 0xffff, 0xffff, 0xffff, 0xffff, 0xffff, 0xffff, 0xffff, 0xffff, 0xffff, 0xffff, 0xffff, 0xffff, 0xffff, 0xffff, 0xffff, 0xffff, 0xffff, 0xffff, 0xffff, 0xffff, 0xffff, 0xffff, 0xffff, 0xffff, 0xffff, 0xffff, 0xffff, 0xffff, 0xffff, 0xffff, 0xffff, 0xffff, 0xffff, 0xffff, 0xffff, 0xffff, 0xffff, 0xffff, 0xffff, 0xffff, 0xffff, 0xffff, 0xffff, 0xffff, 0xffff, 0xffff, 0xffff, 0xffff, 0xffff, 0xffff, 0xffff, 0xffff, 0xffff, 0xe71c, 0xb596, 0x9451, 0x6b2c, 0x630b, 0x6b2c, 0x6b2c, 0x6b4c, 0x6b4c, 0x6b4c, 0x6b4c, 0x6b4c, 0x6b4c, 0x6b4c, 0x6b4c, 0x6b4c, 0x6b4c, 0x6b4c, 0x6b4c, 0x6b4c, 0x6b4c, 0x6b4c, 0x6b4c, 0x6b4c, 0x6b4c, 0x734c, 0x734d, 0x738d, 0x7bae, 0x8c30, 0x9cb2, 0xbdd7, 0xe71c, 0xef5d, 0xf7be, 0xffdf, 0xffff, 0xffff, 0xffff, 0xffff, 0xf7be, 0xdefb, 0xc618, 0xa513, 0x8c51, 0x83ef, 0x7bae, 0x6b4c, 0x6b2c, 0x6b2c, 0x6b2c, 0x6b4c, 0x6b4c, 0x6b4c, 0x6b4c, 0x6b4c, 0x6b4c, 0x6b4c, 0x6b4c, 0x6b4c, 0x6b4c, 0x6b4c, 0x6b4c, 0x6b2c, 0x6b2c, 0x6b0b, 0x6b4c, 0x83ef, 0xad34, 0xc618, 0xd6ba, 0xe73c, 0xf79e, 0xffdf, 0xffff, 0xffff, 0xffff, 0xffdf, 0xf79f, 0xe71f, 0xd69f, 0xb57e, 0x8c5e, 0x4a5d, 0x107c, 0x083c, 0x081c, 0x101c, 0x181c, 0x181c, 0x181c, 0x181c, 0x181c, 0x181c, 0x181c, 0x181c, 0x181c, 0x181c, 0x181c, 0x181c, 0x181c, 0x181c, 0x181c, 0x181c, 0x101c, 0x081c, 0x083c, 0x087c, 0x4a5d, 0x841e, 0xad1e, 0xce1f, 0xdedf, 0xf77f, 0xffdf, 0xffff, 0xffff, 0xffff, 0xffff, 0xffff, 0xffff, 0xffff, 0xffff, 0xffff, 0xffff, 0xffff, 0xffff, 0xffff, 0xffff, 0xffff, 0xffff, 0xffff, 0xffff, 0xffff, 0xffff, 0xffff, 0xffff, 0xffff, 0xffff, 0xffff, 0xffff, 0xffff, 0xffff, 0xffff, 0xffff, 0xffff, 0xffff, 0xffff, 0xffff, 0xffff, 0xffff, 0xffff, 0xffff, 0xffff, 0xffff, 0xffff, 0xffff, 0xffff, 0xffff, 0xffff, 0xffff, 0xffff, 0xffff, 0xffff, 0xffff, 0xffff, 0xffff, 0xffff, 0xffff, 0xffff, 0xffff, 0xffff, 0xffff, 0xffff, 0xffff, 0xffff, 0xffff, 0xffff, 0xffff, 0xffff, 0xffff, 0xffff, 0xffff, 0xffff, 0xffff, 0xffff, 0xffff, 0xffff, 0xffff, 0xffff, 0xffff, 0xffff, 0xffff, 0xffff, 0xffff, 0xffff, 0xffff, 0xffff, 0xffff, 0xffff, 0xffff, 0xffff, 0xffff, 0xffff, 0xffff, 0xffff, 0xffff, 0xffff, 0xffff, 0xffff, 0xffff, 0xffff, 0xffff, 0xffff, 0xffff, 0xffff, 0xffff, 0xffff, 0xffff, 0xffff, 0xffff, 0xffff, 0xffff, 0xffff, 0xffff, 0xffff, 0xffff, 0xffff, 0xffff, 0xffff, 0xffff, 0xffff, 0xffff, 0xffff, 0xffff, 0xffff, 0xffff, 0xffff, 0xffff, 0xffff, 0xe71c, 0xb596, 0x9451, 0x6b2c, 0x630b, 0x6b2c, 0x6b2c, 0x6b4c, 0x6b4c, 0x6b4c, 0x6b4c, 0x6b4c, 0x6b4c, 0x6b4c, 0x6b4c, 0x6b4c, 0x6b4c, 0x6b4c, 0x6b4c, 0x6b4c, 0x6b4c, 0x6b4c, 0x6b4c, 0x6b4c, 0x6b4c, 0x734c, 0x734d, 0x738d, 0x7bae, 0x8c30, 0x9cb2, 0xbdd7, 0xe71c, 0xef5d, 0xf7be, 0xffdf, 0xffff, 0xffff, 0xffff, 0xffff, 0xf7be, 0xdefb, 0xc618, 0xa513, 0x8c51, 0x83ef, 0x7bae, 0x6b4c, 0x6b2c, 0x6b2c, 0x6b2c, 0x6b4c, 0x6b4c, 0x6b4c, 0x6b4c, 0x6b4c, 0x6b4c, 0x6b4c, 0x6b4c, 0x6b4c, 0x6b4c, 0x6b4c, 0x6b4c, 0x6b2c, 0x6b2c, 0x6b0b, 0x6b4c, 0x83ef, 0xad34, 0xc618, 0xd6ba, 0xe73c, 0xf79e, 0xffdf, 0xffff, 0xffff, 0xffff, 0xffdf, 0xf79f, 0xe71f, 0xd69f, 0xb57e, 0x8c5e, 0x4a5d, 0x107c, 0x083c, 0x081c, 0x101c, 0x181c, 0x181c, 0x181c, 0x181c, 0x181c, 0x181c, 0x181c, 0x181c, 0x181c, 0x181c, 0x181c, 0x181c, 0x181c, 0x181c, 0x181c, 0x181c, 0x101c, 0x081c, 0x083c, 0x087c, 0x4a5d, 0x841e, 0xad1e, 0xce1f, 0xdedf, 0xf77f, 0xffdf, 0xffff, 0xffff, 0xffff, 0xffff, 0xffff, 0xffff, 0xffff, 0xffff, 0xffff, 0xffff, 0xffff, 0xffff, 0xffff, 0xffff, 0xffff, 0xffff, 0xffff, 0xffff, 0xffff, 0xffff, 0xffff, 0xffff, 0xffff, 0xffff, 0xffff, 0xffff, 0xffff, 0xffff, 0xffff, 0xffff, 0xffff, 0xffff, 0xffff, 0xffff, 0xffff, 0xffff, 0xffff, 0xffff, 0xffff, 0xffff, 0xffff, 0xffff, 0xffff, 0xffff, 0xffff, 0xffff, 0xffff, 0xffff, 0xffff, 0xffff, 0xffff, 0xffff, 0xffff, 0xffff, 0xffff, 0xffff, 0xffff, 0xffff, 0xffff, 0xffff, 0xffff, 0xffff, 0xffff, 0xffff, 0xffff, 0xffff, 0xffff, 0xffff, 0xffff, 0xffff, 0xffff, 0xffff, 0xffff, 0xffff, 0xffff, 0xffff, 0xffff, 0xffff, 0xffff, 0xffff, 0xffff, 0xffff, 0xffff, 0xffff, 0xffff, 0xffff, 0xffff, 0xffff, 0xffff, 0xffff, 0xffff, 0xffff, 0xffff, 0xffff, 0xffff, 0xffff, 0xffff, 0xffff, 0xffff, 0xffff, 0xffff, 0xffff, 0xffff, 0xffff, 0xffff, 0xffff, 0xffff, 0xffff, 0xffff, 0xffff, 0xffff, 0xffff, 0xffff, 0xffff, 0xffff, 0xffff, 0xffff, 0xffff, 0xffff, 0xffff, 0xffff, 0xffff, 0xffff, 0xffff, 0xffff, 0xe71c, 0xb596, 0x9451, 0x6b2c, 0x630b, 0x6b2c, 0x6b2c, 0x6b4c, 0x6b4c, 0x6b4c, 0x6b4c, 0x6b4c, 0x6b4c, 0x6b4c, 0x6b4c, 0x6b4c, 0x6b4c, 0x6b4c, 0x6b4c, 0x6b4c, 0x6b4c, 0x6b4c, 0x6b4c, 0x6b4c, 0x6b4c, 0x734c, 0x734d, 0x738d, 0x7bae, 0x8c30, 0x9cb2, 0xbdd7, 0xe71c, 0xef5d, 0xf7be, 0xffdf, 0xffff, 0xffff, 0xffff, 0xffff, 0xf7be, 0xdefb, 0xc618, 0xa513, 0x8c51, 0x83ef, 0x7bae, 0x6b4c, 0x6b2c, 0x6b2c, 0x6b2c, 0x6b4c, 0x6b4c, 0x6b4c, 0x6b4c, 0x6b4c, 0x6b4c, 0x6b4c, 0x6b4c, 0x6b4c, 0x6b4c, 0x6b4c, 0x6b4c, 0x6b2c, 0x6b2c, 0x6b0b, 0x6b4c, 0x83ef, 0xad34, 0xc618, 0xd6ba, 0xe73c, 0xf79e, 0xffdf, 0xffff, 0xffff, 0xffff, 0xffdf, 0xf79f, 0xe71f, 0xd69f, 0xb57e, 0x8c5e, 0x4a5d, 0x107c, 0x083c, 0x081c, 0x101c, 0x181c, 0x181c, 0x181c, 0x181c, 0x181c, 0x181c, 0x181c, 0x181c, 0x181c, 0x181c, 0x181c, 0x181c, 0x181c, 0x181c, 0x181c, 0x181c, 0x101c, 0x081c, 0x083c, 0x087c, 0x4a5d, 0x841e, 0xad1e, 0xce1f, 0xdedf, 0xf77f, 0xffdf, 0xffff, 0xffff, 0xffff, 0xffff, 0xffff, 0xffff, 0xffff, 0xffff, 0xffff, 0xffff, 0xffff, 0xffff, 0xffff, 0xffff, 0xffff, 0xffff, 0xffff, 0xffff, 0xffff, 0xffff, 0xffff, 0xffff, 0xffff, 0xffff, 0xffff, 0xffff, 0xffff, 0xffff, 0xffff, 0xffff, 0xffff, 0xffff, 0xffff, 0xffff, 0xffff, 0xffff, 0xffff, 0xffff, 0xffff, 0xffff, 0xffff, 0xffff, 0xffff, 0xffff, 0xffff, 0xffff, 0xffff, 0xffff, 0xffff, 0xffff, 0xffff, 0xffff, 0xffff, 0xffff, 0xffff, 0xffff, 0xffff, 0xffff, 0xffff, 0xffff, 0xffff, 0xffff, 0xffff, 0xffff, 0xffff, 0xffff, 0xffff, 0xffff, 0xffff, 0xffff, 0xffff, 0xffff, 0xffff, 0xffff, 0xffff, 0xffff, 0xffff, 0xffff, 0xffff, 0xffff, 0xffff, 0xffff, 0xffff, 0xffff, 0xffff, 0xffff, 0xffff, 0xffff, 0xffff, 0xffff, 0xffff, 0xffff, 0xffff, 0xffff, 0xffff, 0xffff, 0xffff, 0xffff, 0xffff, 0xffff, 0xffff, 0xffff, 0xffff, 0xffff, 0xffff, 0xffff, 0xffff, 0xffff, 0xffff, 0xffff, 0xffff, 0xffff, 0xffff, 0xffff, 0xffff, 0xffff, 0xffff, 0xffff, 0xffff, 0xffff, 0xffff, 0xffff, 0xffff, 0xffff, 0xffff, 0xe71c, 0xb596, 0x9451, 0x6b2c, 0x630b, 0x6b2c, 0x6b2c, 0x6b4c, 0x6b4c, 0x6b4c, 0x6b4c, 0x6b4c, 0x6b4c, 0x6b4c, 0x6b4c, 0x6b4c, 0x6b4c, 0x6b4c, 0x6b4c, 0x6b4c, 0x6b4c, 0x6b4c, 0x6b4c, 0x6b4c, 0x6b4c, 0x734c, 0x734d, 0x738d, 0x7bae, 0x8c30, 0x9cb2, 0xbdd7, 0xe71c, 0xef5d, 0xf7be, 0xffdf, 0xffff, 0xffff, 0xffff, 0xffff, 0xf7be, 0xdefb, 0xc618, 0xa513, 0x8c51, 0x83ef, 0x7bae, 0x6b4c, 0x6b2c, 0x6b2c, 0x6b2c, 0x6b4c, 0x6b4c, 0x6b4c, 0x6b4c, 0x6b4c, 0x6b4c, 0x6b4c, 0x6b4c, 0x6b4c, 0x6b4c, 0x6b4c, 0x6b4c, 0x6b2c, 0x6b2c, 0x6b0b, 0x6b4c, 0x83ef, 0xad34, 0xc618, 0xd6ba, 0xe73c, 0xf79e, 0xffdf, 0xffff, 0xffff, 0xffff, 0xffdf, 0xf79f, 0xe71f, 0xd69f, 0xb57e, 0x8c5e, 0x4a5d, 0x107c, 0x083c, 0x081c, 0x101c, 0x181c, 0x181c, 0x181c, 0x181c, 0x181c, 0x181c, 0x181c, 0x181c, 0x181c, 0x181c, 0x181c, 0x181c, 0x181c, 0x181c, 0x181c, 0x181c, 0x101c, 0x081c, 0x083c, 0x087c, 0x4a5d, 0x841e, 0xad1e, 0xce1f, 0xdedf, 0xf77f, 0xffdf, 0xffff, 0xffff, 0xffff, 0xffff, 0xffff, 0xffff, 0xffff, 0xffff, 0xffff, 0xffff, 0xffff, 0xffff, 0xffff, 0xffff, 0xffff, 0xffff, 0xffff, 0xffff, 0xffff, 0xffff, 0xffff, 0xffff, 0xffff, 0xffff, 0xffff, 0xffff, 0xffff, 0xffff, 0xffff, 0xffff, 0xffff, 0xffff, 0xffff, 0xffff, 0xffff, 0xffff, 0xffff, 0xffff, 0xffff, 0xffff, 0xffff, 0xffff, 0xffff, 0xffff, 0xffff, 0xffff, 0xffff, 0xffff, 0xffff, 0xffff, 0xffff, 0xffff, 0xffff, 0xffff, 0xffff, 0xffff, 0xffff, 0xffff, 0xffff, 0xffff, 0xffff, 0xffff, 0xffff, 0xffff, 0xffff, 0xffff, 0xffff, 0xffff, 0xffff, 0xffff, 0xffff, 0xffff, 0xffff, 0xffff, 0xffff, 0xffff, 0xffff, 0xffff, 0xffff, 0xffff, 0xffff, 0xffff, 0xffff, 0xffff, 0xffff, 0xffff, 0xffff, 0xffff, 0xffff, 0xffff, 0xffff, 0xffff, 0xffff, 0xffff, 0xffff, 0xffff, 0xffff, 0xffff, 0xffff, 0xffff, 0xffff, 0xffff, 0xffff, 0xffff, 0xffff, 0xffff, 0xffff, 0xffff, 0xffff, 0xffff, 0xffff, 0xffff, 0xffff, 0xffff, 0xffff, 0xffff, 0xffff, 0xffff, 0xffff, 0xffff, 0xffff, 0xffff, 0xffff, 0xffff, 0xffff, 0xe71c, 0xb596, 0x9451, 0x6b2c, 0x630b, 0x6b2c, 0x6b2c, 0x6b4c, 0x6b4c, 0x6b4c, 0x6b4c, 0x6b4c, 0x6b4c, 0x6b4c, 0x6b4c, 0x6b4c, 0x6b4c, 0x6b4c, 0x6b4c, 0x6b4c, 0x6b4c, 0x6b4c, 0x6b4c, 0x6b4c, 0x6b4c, 0x734c, 0x734d, 0x738d, 0x7bae, 0x8c30, 0x9cb2, 0xbdd7, 0xe71c, 0xef5d, 0xf7be, 0xffdf, 0xffff, 0xffff, 0xffff, 0xffff, 0xf7be, 0xdefb, 0xc618, 0xa513, 0x8c51, 0x83ef, 0x7bae, 0x6b4c, 0x6b2c, 0x6b2c, 0x6b2c, 0x6b4c, 0x6b4c, 0x6b4c, 0x6b4c, 0x6b4c, 0x6b4c, 0x6b4c, 0x6b4c, 0x6b4c, 0x6b4c, 0x6b4c, 0x6b4c, 0x6b2c, 0x6b2c, 0x6b0b, 0x6b4c, 0x83ef, 0xad34, 0xc618, 0xd6ba, 0xe73c, 0xf79e, 0xffdf, 0xffff, 0xffff, 0xffff, 0xffdf, 0xf79f, 0xe71f, 0xd69f, 0xb57e, 0x8c5e, 0x4a5d, 0x107c, 0x083c, 0x081c, 0x101c, 0x181c, 0x181c, 0x181c, 0x181c, 0x181c, 0x181c, 0x181c, 0x181c, 0x181c, 0x181c, 0x181c, 0x181c, 0x181c, 0x181c, 0x181c, 0x181c, 0x101c, 0x081c, 0x083c, 0x087c, 0x4a5d, 0x841e, 0xad1e, 0xce1f, 0xdedf, 0xf77f, 0xffdf, 0xffff, 0xffff, 0xffff, 0xffff, 0xffff, 0xffff, 0xffff, 0xffff, 0xffff, 0xffff, 0xffff, 0xffff, 0xffff, 0xffff, 0xffff, 0xffff, 0xffff, 0xffff, 0xffff, 0xffff, 0xffff, 0xffff, 0xffff, 0xffff, 0xffff, 0xffff, 0xffff, 0xffff, 0xffff, 0xffff, 0xffff, 0xffff, 0xffff, 0xffff, 0xffff, 0xffff, 0xffff, 0xffff, 0xffff, 0xffff, 0xffff, 0xffff, 0xffff, 0xffff, 0xffff, 0xffff, 0xffff, 0xffff, 0xffff, 0xffff, 0xffff, 0xffff, 0xffff, 0xffff, 0xffff, 0xffff, 0xffff, 0xffff, 0xffff, 0xffff, 0xffff, 0xffff, 0xffff, 0xffff, 0xffff, 0xffff, 0xffff, 0xffff, 0xffff, 0xffff, 0xffff, 0xffff, 0xffff, 0xffff, 0xffff, 0xffff, 0xffff, 0xffff, 0xffff, 0xffff, 0xffff, 0xffff, 0xffff, 0xffff, 0xffff, 0xffff, 0xffff, 0xffff, 0xffff, 0xffff, 0xffff, 0xffff, 0xffff, 0xffff, 0xffff, 0xffff, 0xffff, 0xffff, 0xffff, 0xffff, 0xffff, 0xffff, 0xffff, 0xffff, 0xffff, 0xffff, 0xffff, 0xffff, 0xffff, 0xffff, 0xffff, 0xffff, 0xffff, 0xffff, 0xffff, 0xffff, 0xffff, 0xffff, 0xffff, 0xffff, 0xffff, 0xffff, 0xffff, 0xffff, 0xffff, 0xe71c, 0xb596, 0x9451, 0x6b2c, 0x630b, 0x6b2c, 0x6b2c, 0x6b4c, 0x6b4c, 0x6b4c, 0x6b4c, 0x6b4c, 0x6b4c, 0x6b4c, 0x6b4c, 0x6b4c, 0x6b4c, 0x6b4c, 0x6b4c, 0x6b4c, 0x6b4c, 0x6b4c, 0x6b4c, 0x6b4c, 0x6b4c, 0x734c, 0x734d, 0x738d, 0x7bae, 0x8c30, 0x9cb2, 0xbdd7, 0xe71c, 0xef5d, 0xf7be, 0xffdf, 0xffff, 0xffff, 0xffff, 0xffff, 0xf7be, 0xdefb, 0xc618, 0xa513, 0x8c51, 0x83ef, 0x7bae, 0x6b4c, 0x6b2c, 0x6b2c, 0x6b2c, 0x6b4c, 0x6b4c, 0x6b4c, 0x6b4c, 0x6b4c, 0x6b4c, 0x6b4c, 0x6b4c, 0x6b4c, 0x6b4c, 0x6b4c, 0x6b4c, 0x6b2c, 0x6b2c, 0x6b0b, 0x6b4c, 0x83ef, 0xad34, 0xc618, 0xd6ba, 0xe73c, 0xf79e, 0xffdf, 0xffff, 0xffff, 0xffff, 0xffdf, 0xf79f, 0xe71f, 0xd69f, 0xb57e, 0x8c5e, 0x4a5d, 0x107c, 0x083c, 0x081c, 0x101c, 0x181c, 0x181c, 0x181c, 0x181c, 0x181c, 0x181c, 0x181c, 0x181c, 0x181c, 0x181c, 0x181c, 0x181c, 0x181c, 0x181c, 0x181c, 0x181c, 0x101c, 0x081c, 0x083c, 0x087c, 0x4a5d, 0x841e, 0xad1e, 0xce1f, 0xdedf, 0xf77f, 0xffdf, 0xffff, 0xffff, 0xffff, 0xffff, 0xffff, 0xffff, 0xffff, 0xffff, 0xffff, 0xffff, 0xffff, 0xffff, 0xffff, 0xffff, 0xffff, 0xffff, 0xffff, 0xffff, 0xffff, 0xffff, 0xffff, 0xffff, 0xffff, 0xffff, 0xffff, 0xffff, 0xffff, 0xffff, 0xffff, 0xffff, 0xffff, 0xffff, 0xffff, 0xffff, 0xffff, 0xffff, 0xffff, 0xffff, 0xffff, 0xffff, 0xffff, 0xffff, 0xffff, 0xffff, 0xffff, 0xffff, 0xffff, 0xffff, 0xffff, 0xffff, 0xffff, 0xffff, 0xffff, 0xffff, 0xffff, 0xffff, 0xffff, 0xffff, 0xffff, 0xffff, 0xffff, 0xffff, 0xffff, 0xffff, 0xffff, 0xffff, 0xffff, 0xffff, 0xffff, 0xffff, 0xffff, 0xffff, 0xffff, 0xffff, 0xffff, 0xffff, 0xffff, 0xffff, 0xffff, 0xffff, 0xffff, 0xffff, 0xffff, 0xffff, 0xffff, 0xffff, 0xffff, 0xffff, 0xffff, 0xffff, 0xffff, 0xffff, 0xffff, 0xffff, 0xffff, 0xffff, 0xffff, 0xffff, 0xffff, 0xffff, 0xffff, 0xffff, 0xffff, 0xffff, 0xffff, 0xffff, 0xffff, 0xffff, 0xffff, 0xffff, 0xffff, 0xffff, 0xffff, 0xffff, 0xffff, 0xffff, 0xffff, 0xffff, 0xffff, 0xffff, 0xffff, 0xffff, 0xffff, 0xffff, 0xffff, 0xe71c, 0xb596, 0x9451, 0x6b2c, 0x630b, 0x6b2c, 0x6b2c, 0x6b4c, 0x6b4c, 0x6b4c, 0x6b4c, 0x6b4c, 0x6b4c, 0x6b4c, 0x6b4c, 0x6b4c, 0x6b4c, 0x6b4c, 0x6b4c, 0x6b4c, 0x6b4c, 0x6b4c, 0x6b4c, 0x6b4c, 0x6b4c, 0x734c, 0x734d, 0x738d, 0x7bae, 0x8c30, 0x9cb2, 0xbdd7, 0xe71c, 0xef5d, 0xf7be, 0xffdf, 0xffff, 0xffff, 0xffff, 0xffff, 0xf7be, 0xdefb, 0xc618, 0xa513, 0x8c51, 0x83ef, 0x7bae, 0x6b4c, 0x6b2c, 0x6b2c, 0x6b2c, 0x6b4c, 0x6b4c, 0x6b4c, 0x6b4c, 0x6b4c, 0x6b4c, 0x6b4c, 0x6b4c, 0x6b4c, 0x6b4c, 0x6b4c, 0x6b4c, 0x6b2c, 0x6b2c, 0x6b0b, 0x6b4c, 0x83ef, 0xad34, 0xc618, 0xd6ba, 0xe73c, 0xf79e, 0xffdf, 0xffff, 0xffff, 0xffff, 0xffdf, 0xf79f, 0xe71f, 0xd69f, 0xb57e, 0x8c5e, 0x4a5d, 0x107c, 0x083c, 0x081c, 0x101c, 0x181c, 0x181c, 0x181c, 0x181c, 0x181c, 0x181c, 0x181c, 0x181c, 0x181c, 0x181c, 0x181c, 0x181c, 0x181c, 0x181c, 0x181c, 0x181c, 0x101c, 0x081c, 0x083c, 0x087c, 0x4a5d, 0x841e, 0xad1e, 0xce1f, 0xdedf, 0xf77f, 0xffdf, 0xffff, 0xffff, 0xffff, 0xffff, 0xffff, 0xffff, 0xffff, 0xffff, 0xffff, 0xffff, 0xffff, 0xffff, 0xffff, 0xffff, 0xffff, 0xffff, 0xffff, 0xffff, 0xffff, 0xffff, 0xffff, 0xffff, 0xffff, 0xffff, 0xffff, 0xffff, 0xffff, 0xffff, 0xffff, 0xffff, 0xffff, 0xffff, 0xffff, 0xffff, 0xffff, 0xffff, 0xffff, 0xffff, 0xffff, 0xffff, 0xffff, 0xffff, 0xffff, 0xffff, 0xffff, 0xffff, 0xffff, 0xffff, 0xffff, 0xffff, 0xffff, 0xffff, 0xffff, 0xffff, 0xffff, 0xffff, 0xffff, 0xffff, 0xffff, 0xffff, 0xffff, 0xffff, 0xffff, 0xffff, 0xffff, 0xffff, 0xffff, 0xffff, 0xffff, 0xffff, 0xffff, 0xffff, 0xffff, 0xffff, 0xffff, 0xffff, 0xffff, 0xffff, 0xffff, 0xffff, 0xffff, 0xffff, 0xffff, 0xffff, 0xffff, 0xffff, 0xffff, 0xffff, 0xffff, 0xffff, 0xffff, 0xffff, 0xffff, 0xffff, 0xffff, 0xffff, 0xffff, 0xffff, 0xffff, 0xffff, 0xffff, 0xffff, 0xffff, 0xffff, 0xffff, 0xffff, 0xffff, 0xffff, 0xffff, 0xffff, 0xffff, 0xffff, 0xffff, 0xffff, 0xffff, 0xffff, 0xffff, 0xffff, 0xffff, 0xffff, 0xffff, 0xffff, 0xffff, 0xffff, 0xffff, 0xe71c, 0xb596, 0x9451, 0x6b2c, 0x630b, 0x6b2c, 0x6b2c, 0x6b4c, 0x6b4c, 0x6b4c, 0x6b4c, 0x6b4c, 0x6b4c, 0x6b4c, 0x6b4c, 0x6b4c, 0x6b4c, 0x6b4c, 0x6b4c, 0x6b4c, 0x6b4c, 0x6b4c, 0x6b4c, 0x6b4c, 0x6b4c, 0x734c, 0x734d, 0x738d, 0x7bae, 0x8c30, 0x9cb2, 0xbdd7, 0xe71c, 0xef5d, 0xf7be, 0xffdf, 0xffff, 0xffff, 0xffff, 0xffff, 0xf7be, 0xdefb, 0xc618, 0xa513, 0x8c51, 0x83ef, 0x7bae, 0x6b4c, 0x6b2c, 0x6b2c, 0x6b2c, 0x6b4c, 0x6b4c, 0x6b4c, 0x6b4c, 0x6b4c, 0x6b4c, 0x6b4c, 0x6b4c, 0x6b4c, 0x6b4c, 0x6b4c, 0x6b4c, 0x6b2c, 0x6b2c, 0x6b0b, 0x6b4c, 0x83ef, 0xad34, 0xc618, 0xd6ba, 0xe73c, 0xf79e, 0xffdf, 0xffff, 0xffff, 0xffff, 0xffdf, 0xf79f, 0xe71f, 0xd69f, 0xb57e, 0x8c5e, 0x4a5d, 0x107c, 0x083c, 0x081c, 0x101c, 0x181c, 0x181c, 0x181c, 0x181c, 0x181c, 0x181c, 0x181c, 0x181c, 0x181c, 0x181c, 0x181c, 0x181c, 0x181c, 0x181c, 0x181c, 0x181c, 0x101c, 0x081c, 0x083c, 0x087c, 0x4a5d, 0x841e, 0xad1e, 0xce1f, 0xdedf, 0xf77f, 0xffdf, 0xffff, 0xffff, 0xffff, 0xffff, 0xffff, 0xffff, 0xffff, 0xffff, 0xffff, 0xffff, 0xffff, 0xffff, 0xffff, 0xffff, 0xffff, 0xffff, 0xffff, 0xffff, 0xffff, 0xffff, 0xffff, 0xffff, 0xffff, 0xffff, 0xffff, 0xffff, 0xffff, 0xffff, 0xffff, 0xffff, 0xffff, 0xffff, 0xffff, 0xffff, 0xffff, 0xffff, 0xffff, 0xffff, 0xffff, 0xffff, 0xffff, 0xffff, 0xffff, 0xffff, 0xffff, 0xffff, 0xffff, 0xffff, 0xffff, 0xffff, 0xffff, 0xffff, 0xffff, 0xffff, 0xffff, 0xffff, 0xffff, 0xffff, 0xffff, 0xffff, 0xffff, 0xffff, 0xffff, 0xffff, 0xffff, 0xffff, 0xffff, 0xffff, 0xffff, 0xffff, 0xffff, 0xffff, 0xffff, 0xffff, 0xffff, 0xffff, 0xffff, 0xffff, 0xffff, 0xffff, 0xffff, 0xffff, 0xffff, 0xffff, 0xffff, 0xffff, 0xffff, 0xffff, 0xffff, 0xffff, 0xffff, 0xffff, 0xffff, 0xffff, 0xffff, 0xffff, 0xffff, 0xffff, 0xffff, 0xffff, 0xffff, 0xffff, 0xffff, 0xffff, 0xffff, 0xffff, 0xffff, 0xffff, 0xffff, 0xffff, 0xffff, 0xffff, 0xffff, 0xffff, 0xffff, 0xffff, 0xffff, 0xffff, 0xffff, 0xffff, 0xffff, 0xffff, 0xffff, 0xffff, 0xffff, 0xe71c, 0xb596, 0x9451, 0x6b2c, 0x630b, 0x6b2c, 0x6b2c, 0x6b4c, 0x6b4c, 0x6b4c, 0x6b4c, 0x6b4c, 0x6b4c, 0x6b4c, 0x6b4c, 0x6b4c, 0x6b4c, 0x6b4c, 0x6b4c, 0x6b4c, 0x6b4c, 0x6b4c, 0x6b4c, 0x6b4c, 0x6b4c, 0x734c, 0x734d, 0x738d, 0x7bae, 0x8c30, 0x9cb2, 0xbdd7, 0xe71c, 0xef5d, 0xf7be, 0xffdf, 0xffff, 0xffff, 0xffff, 0xffff, 0xf7be, 0xdefb, 0xc618, 0xa513, 0x8c51, 0x83ef, 0x7bae, 0x6b4c, 0x6b2c, 0x6b2c, 0x6b2c, 0x6b4c, 0x6b4c, 0x6b4c, 0x6b4c, 0x6b4c, 0x6b4c, 0x6b4c, 0x6b4c, 0x6b4c, 0x6b4c, 0x6b4c, 0x6b4c, 0x6b2c, 0x6b2c, 0x6b0b, 0x6b4c, 0x83ef, 0xad34, 0xc618, 0xd6ba, 0xe73c, 0xf79e, 0xffdf, 0xffff, 0xffff, 0xffff, 0xffdf, 0xf79f, 0xe71f, 0xd69f, 0xb57e, 0x8c5e, 0x4a5d, 0x107c, 0x083c, 0x081c, 0x101c, 0x181c, 0x181c, 0x181c, 0x181c, 0x181c, 0x181c, 0x181c, 0x181c, 0x181c, 0x181c, 0x181c, 0x181c, 0x181c, 0x181c, 0x181c, 0x181c, 0x101c, 0x081c, 0x083c, 0x087c, 0x4a5d, 0x841e, 0xad1e, 0xce1f, 0xdedf, 0xf77f, 0xffdf, 0xffff, 0xffff, 0xffff, 0xffff, 0xffff, 0xffff, 0xffff, 0xffff, 0xffff, 0xffff, 0xffff, 0xffff, 0xffff, 0xffff, 0xffff, 0xffff, 0xffff, 0xffff, 0xffff, 0xffff, 0xffff, 0xffff, 0xffff, 0xffff, 0xffff, 0xffff, 0xffff, 0xffff, 0xffff, 0xffff, 0xffff, 0xffff, 0xffff, 0xffff, 0xffff, 0xffff, 0xffff, 0xffff, 0xffff, 0xffff, 0xffff, 0xffff, 0xffff, 0xffff, 0xffff, 0xffff, 0xffff, 0xffff, 0xffff, 0xffff, 0xffff, 0xffff, 0xffff, 0xffff, 0xffff, 0xffff, 0xffff, 0xffff, 0xffff, 0xffff, 0xffff, 0xffff, 0xffff, 0xffff, 0xffff, 0xffff, 0xffff, 0xffff, 0xffff, 0xffff, 0xffff, 0xffff, 0xffff, 0xffff, 0xffff, 0xffff, 0xffff, 0xffff, 0xffff, 0xffff, 0xffff, 0xffff, 0xffff, 0xffff, 0xffff, 0xffff, 0xffff, 0xffff, 0xffff, 0xffff, 0xffff, 0xffff, 0xffff, 0xffff, 0xffff, 0xffff, 0xffff, 0xffff, 0xffff, 0xffff, 0xffff, 0xffff, 0xffff, 0xffff, 0xffff, 0xffff, 0xffff, 0xffff, 0xffff, 0xffff, 0xffff, 0xffff, 0xffff, 0xffff, 0xffff, 0xffff, 0xffff, 0xffff, 0xffff, 0xffff, 0xffff, 0xffff, 0xffff, 0xffff, 0xffff, 0xe71c, 0xb596, 0x9451, 0x6b2c, 0x630b, 0x6b2c, 0x6b2c, 0x6b4c, 0x6b4c, 0x6b4c, 0x6b4c, 0x6b4c, 0x6b4c, 0x6b4c, 0x6b4c, 0x6b4c, 0x6b4c, 0x6b4c, 0x6b4c, 0x6b4c, 0x6b4c, 0x6b4c, 0x6b4c, 0x6b4c, 0x6b4c, 0x734c, 0x734d, 0x738d, 0x7bae, 0x8c30, 0x9cb2, 0xbdd7, 0xe71c, 0xef5d, 0xf7be, 0xffdf, 0xffff, 0xffff, 0xffff, 0xffff, 0xf7be, 0xdefb, 0xc618, 0xa513, 0x8c51, 0x83ef, 0x7bae, 0x6b4c, 0x6b2c, 0x6b2c, 0x6b2c, 0x6b4c, 0x6b4c, 0x6b4c, 0x6b4c, 0x6b4c, 0x6b4c, 0x6b4c, 0x6b4c, 0x6b4c, 0x6b4c, 0x6b4c, 0x6b4c, 0x6b2c, 0x6b2c, 0x6b0b, 0x6b4c, 0x83ef, 0xad34, 0xc618, 0xd6ba, 0xe73c, 0xf79e, 0xffdf, 0xffff, 0xffff, 0xffff, 0xffdf, 0xf79f, 0xe71f, 0xd69f, 0xb57e, 0x8c5e, 0x4a5d, 0x107c, 0x083c, 0x081c, 0x101c, 0x181c, 0x181c, 0x181c, 0x181c, 0x181c, 0x181c, 0x181c, 0x181c, 0x181c, 0x181c, 0x181c, 0x181c, 0x181c, 0x181c, 0x181c, 0x181c, 0x101c, 0x081c, 0x083c, 0x087c, 0x4a5d, 0x841e, 0xad1e, 0xce1f, 0xdedf, 0xf77f, 0xffdf, 0xffff, 0xffff, 0xffff, 0xffff, 0xffff, 0xffff, 0xffff, 0xffff, 0xffff, 0xffff, 0xffff, 0xffff, 0xffff, 0xffff, 0xffff, 0xffff, 0xffff, 0xffff, 0xffff, 0xffff, 0xffff, 0xffff, 0xffff, 0xffff, 0xffff, 0xffff, 0xffff, 0xffff, 0xffff, 0xffff, 0xffff, 0xffff, 0xffff, 0xffff, 0xffff, 0xffff, 0xffff, 0xffff, 0xffff, 0xffff, 0xffff, 0xffff, 0xffff, 0xffff, 0xffff, 0xffff, 0xffff, 0xffff, 0xffff, 0xffff, 0xffff, 0xffff, 0xffff, 0xffff, 0xffff, 0xffff, 0xffff, 0xffff, 0xffff, 0xffff, 0xffff, 0xffff, 0xffff, 0xffff, 0xffff, 0xffff, 0xffff, 0xffff, 0xffff, 0xffff, 0xffff, 0xffff, 0xffff, 0xffff, 0xffff, 0xffff, 0xffff, 0xffff, 0xffff, 0xffff, 0xffff, 0xffff, 0xffff, 0xffff, 0xffff, 0xffff, 0xffff, 0xffff, 0xffff, 0xffff, 0xffff, 0xffff, 0xffff, 0xffff, 0xffff, 0xffff, 0xffff, 0xffff, 0xffff, 0xffff, 0xffff, 0xffff, 0xffff, 0xffff, 0xffff, 0xffff, 0xffff, 0xffff, 0xffff, 0xffff, 0xffff, 0xffff, 0xffff, 0xffff, 0xffff, 0xffff, 0xffff, 0xffff, 0xffff, 0xffff, 0xffff, 0xffff, 0xffff, 0xffff, 0xffff, 0xe71c, 0xb596, 0x9451, 0x6b2c, 0x630b, 0x6b2c, 0x6b2c, 0x6b4c, 0x6b4c, 0x6b4c, 0x6b4c, 0x6b4c, 0x6b4c, 0x6b4c, 0x6b4c, 0x6b4c, 0x6b4c, 0x6b4c, 0x6b4c, 0x6b4c, 0x6b4c, 0x6b4c, 0x6b4c, 0x6b4c, 0x6b4c, 0x734c, 0x734d, 0x738d, 0x7bae, 0x8c30, 0x9cb2, 0xbdd7, 0xe71c, 0xef5d, 0xf7be, 0xffdf, 0xffff, 0xffff, 0xffff, 0xffff, 0xf7be, 0xdefb, 0xc618, 0xa513, 0x8c51, 0x83ef, 0x7bae, 0x6b4c, 0x6b2c, 0x6b2c, 0x6b2c, 0x6b4c, 0x6b4c, 0x6b4c, 0x6b4c, 0x6b4c, 0x6b4c, 0x6b4c, 0x6b4c, 0x6b4c, 0x6b4c, 0x6b4c, 0x6b4c, 0x6b2c, 0x6b2c, 0x6b0b, 0x6b4c, 0x83ef, 0xad34, 0xc618, 0xd6ba, 0xe73c, 0xf79e, 0xffdf, 0xffff, 0xffff, 0xffff, 0xffdf, 0xf79f, 0xe71f, 0xd69f, 0xb57e, 0x8c5e, 0x4a5d, 0x107c, 0x083c, 0x081c, 0x101c, 0x181c, 0x181c, 0x181c, 0x181c, 0x181c, 0x181c, 0x181c, 0x181c, 0x181c, 0x181c, 0x181c, 0x181c, 0x181c, 0x181c, 0x181c, 0x181c, 0x101c, 0x081c, 0x083c, 0x087c, 0x4a5d, 0x841e, 0xad1e, 0xce1f, 0xdedf, 0xf77f, 0xffdf, 0xffff, 0xffff, 0xffff, 0xffff, 0xffff, 0xffff, 0xffff, 0xffff, 0xffff, 0xffff, 0xffff, 0xffff, 0xffff, 0xffff, 0xffff, 0xffff, 0xffff, 0xffff, 0xffff, 0xffff, 0xffff, 0xffff, 0xffff, 0xffff, 0xffff, 0xffff, 0xffff, 0xffff, 0xffff, 0xffff, 0xffff, 0xffff, 0xffff, 0xffff, 0xffff, 0xffff, 0xffff, 0xffff, 0xffff, 0xffff, 0xffff, 0xffff, 0xffff, 0xffff, 0xffff, 0xffff, 0xffff, 0xffff, 0xffff, 0xffff, 0xffff, 0xffff, 0xffff, 0xffff, 0xffff, 0xffff, 0xffff, 0xffff, 0xffff, 0xffff, 0xffff, 0xffff, 0xffff, 0xffff, 0xffff, 0xffff, 0xffff, 0xffff, 0xffff, 0xffff, 0xffff, 0xffff, 0xffff, 0xffff, 0xffff, 0xffff, 0xffff, 0xffff, 0xffff, 0xffff, 0xffff, 0xffff, 0xffff, 0xffff, 0xffff, 0xffff, 0xffff, 0xffff, 0xffff, 0xffff, 0xffff, 0xffff, 0xffff, 0xffff, 0xffff, 0xffff, 0xffff, 0xffff, 0xffff, 0xffff, 0xffff, 0xffff, 0xffff, 0xffff, 0xffff, 0xffff, 0xffff, 0xffff, 0xffff, 0xffff, 0xffff, 0xffff, 0xffff, 0xffff, 0xffff, 0xffff, 0xffff, 0xffff, 0xffff, 0xffff, 0xffff, 0xffff, 0xffff, 0xffff, 0xffff, 0xe71c, 0xb596, 0x9451, 0x6b2c, 0x630b, 0x6b2c, 0x6b2c, 0x6b4c, 0x6b4c, 0x6b4c, 0x6b4c, 0x6b4c, 0x6b4c, 0x6b4c, 0x6b4c, 0x6b4c, 0x6b4c, 0x6b4c, 0x6b4c, 0x6b4c, 0x6b4c, 0x6b4c, 0x6b4c, 0x6b4c, 0x6b4c, 0x734c, 0x734d, 0x738d, 0x7bae, 0x8c30, 0x9cb2, 0xbdd7, 0xe71c, 0xef5d, 0xf7be, 0xffdf, 0xffff, 0xffff, 0xffff, 0xffff, 0xf7be, 0xdefb, 0xc618, 0xa513, 0x8c51, 0x83ef, 0x7bae, 0x6b4c, 0x6b2c, 0x6b2c, 0x6b2c, 0x6b4c, 0x6b4c, 0x6b4c, 0x6b4c, 0x6b4c, 0x6b4c, 0x6b4c, 0x6b4c, 0x6b4c, 0x6b4c, 0x6b4c, 0x6b4c, 0x6b2c, 0x6b2c, 0x6b0b, 0x6b4c, 0x83ef, 0xad34, 0xc618, 0xd6ba, 0xe73c, 0xf79e, 0xffdf, 0xffff, 0xffff, 0xffff, 0xffdf, 0xf79f, 0xe71f, 0xd69f, 0xb57e, 0x8c5e, 0x4a5d, 0x107c, 0x083c, 0x081c, 0x101c, 0x181c, 0x181c, 0x181c, 0x181c, 0x181c, 0x181c, 0x181c, 0x181c, 0x181c, 0x181c, 0x181c, 0x181c, 0x181c, 0x181c, 0x181c, 0x181c, 0x101c, 0x081c, 0x083c, 0x087c, 0x4a5d, 0x841e, 0xad1e, 0xce1f, 0xdedf, 0xf77f, 0xffdf, 0xffff, 0xffff, 0xffff, 0xffff, 0xffff, 0xffff, 0xffff, 0xffff, 0xffff, 0xffff, 0xffff, 0xffff, 0xffff, 0xffff, 0xffff, 0xffff, 0xffff, 0xffff, 0xffff, 0xffff, 0xffff, 0xffff, 0xffff, 0xffff, 0xffff, 0xffff, 0xffff, 0xffff, 0xffff, 0xffff, 0xffff, 0xffff, 0xffff, 0xffff, 0xffff, 0xffff, 0xffff, 0xffff, 0xffff, 0xffff, 0xffff, 0xffff, 0xffff, 0xffff, 0xffff, 0xffff, 0xffff, 0xffff, 0xffff, 0xffff, 0xffff, 0xffff, 0xffff, 0xffff, 0xffff, 0xffff, 0xffff, 0xffff, 0xffff, 0xffff, 0xffff, 0xffff, 0xffff, 0xffff, 0xffff, 0xffff, 0xffff, 0xffff, 0xffff, 0xffff, 0xffff, 0xffff, 0xffff, 0xffff, 0xffff, 0xffff, 0xffff, 0xffff, 0xffff, 0xffff, 0xffff, 0xffff, 0xffff, 0xffff, 0xffff, 0xffff, 0xffff, 0xffff, 0xffff, 0xffff, 0xffff, 0xffff, 0xffff, 0xffff, 0xffff, 0xffff, 0xffff, 0xffff, 0xffff, 0xffff, 0xffff, 0xffff, 0xffff, 0xffff, 0xffff, 0xffff, 0xffff, 0xffff, 0xffff, 0xffff, 0xffff, 0xffff, 0xffff, 0xffff, 0xffff, 0xffff, 0xffff, 0xffff, 0xffff, 0xffff, 0xffff, 0xffff, 0xffff, 0xffff, 0xffff, 0xe71c, 0xb596, 0x9451, 0x6b2c, 0x630b, 0x6b2c, 0x6b2c, 0x6b4c, 0x6b4c, 0x6b4c, 0x6b4c, 0x6b4c, 0x6b4c, 0x6b4c, 0x6b4c, 0x6b4c, 0x6b4c, 0x6b4c, 0x6b4c, 0x6b4c, 0x6b4c, 0x6b4c, 0x6b4c, 0x6b4c, 0x6b4c, 0x734c, 0x734d, 0x738d, 0x7bae, 0x8c30, 0x9cb2, 0xbdd7, 0xe71c, 0xef5d, 0xf7be, 0xffdf, 0xffff, 0xffff, 0xffff, 0xffff, 0xf7be, 0xdefb, 0xc618, 0xa513, 0x8c51, 0x83ef, 0x7bae, 0x6b4c, 0x6b2c, 0x6b2c, 0x6b2c, 0x6b4c, 0x6b4c, 0x6b4c, 0x6b4c, 0x6b4c, 0x6b4c, 0x6b4c, 0x6b4c, 0x6b4c, 0x6b4c, 0x6b4c, 0x6b4c, 0x6b2c, 0x6b2c, 0x6b0b, 0x6b4c, 0x83ef, 0xad34, 0xc618, 0xd6ba, 0xe73c, 0xf79e, 0xffdf, 0xffff, 0xffff, 0xffff, 0xffdf, 0xf79f, 0xe71f, 0xd69f, 0xb57e, 0x8c5e, 0x4a5d, 0x107c, 0x083c, 0x081c, 0x101c, 0x181c, 0x181c, 0x181c, 0x181c, 0x181c, 0x181c, 0x181c, 0x181c, 0x181c, 0x181c, 0x181c, 0x181c, 0x181c, 0x181c, 0x181c, 0x181c, 0x101c, 0x081c, 0x083c, 0x087c, 0x4a5d, 0x841e, 0xad1e, 0xce1f, 0xdedf, 0xf77f, 0xffdf, 0xffff, 0xffff, 0xffff, 0xffff, 0xffff, 0xffff, 0xffff, 0xffff, 0xffff, 0xffff, 0xffff, 0xffff, 0xffff, 0xffff, 0xffff, 0xffff, 0xffff, 0xffff, 0xffff, 0xffff, 0xffff, 0xffff, 0xffff, 0xffff, 0xffff, 0xffff, 0xffff, 0xffff, 0xffff, 0xffff, 0xffff, 0xffff, 0xffff, 0xffff, 0xffff, 0xffff, 0xffff, 0xffff, 0xffff, 0xffff, 0xffff, 0xffff, 0xffff, 0xffff, 0xffff, 0xffff, 0xffff, 0xffff, 0xffff, 0xffff, 0xffff, 0xffff, 0xffff, 0xffff, 0xffff, 0xffff, 0xffff, 0xffff, 0xffff, 0xffff, 0xffff, 0xffff, 0xffff, 0xffff, 0xffff, 0xffff, 0xffff, 0xffff, 0xffff, 0xffff, 0xffff, 0xffff, 0xffff, 0xffff, 0xffff, 0xffff, 0xffff, 0xffff, 0xffff, 0xffff, 0xffff, 0xffff, 0xffff, 0xffff, 0xffff, 0xffff, 0xffff, 0xffff, 0xffff, 0xffff, 0xffff, 0xffff, 0xffff, 0xffff, 0xffff, 0xffff, 0xffff, 0xffff, 0xffff, 0xffff, 0xffff, 0xffff, 0xffff, 0xffff, 0xffff, 0xffff, 0xffff, 0xffff, 0xffff, 0xffff, 0xffff, 0xffff, 0xffff, 0xffff, 0xffff, 0xffff, 0xffff, 0xffff, 0xffff, 0xffff, 0xffff, 0xffff, 0xffff, 0xffff, 0xffff, 0xe71c, 0xb596, 0x9451, 0x6b2c, 0x630b, 0x6b2c, 0x6b2c, 0x6b4c, 0x6b4c, 0x6b4c, 0x6b4c, 0x6b4c, 0x6b4c, 0x6b4c, 0x6b4c, 0x6b4c, 0x6b4c, 0x6b4c, 0x6b4c, 0x6b4c, 0x6b4c, 0x6b4c, 0x6b4c, 0x6b4c, 0x6b4c, 0x734c, 0x734d, 0x738d, 0x7bae, 0x8c30, 0x9cb2, 0xbdd7, 0xe71c, 0xef5d, 0xf7be, 0xffdf, 0xffff, 0xffff, 0xffff, 0xffff, 0xf7be, 0xdefb, 0xc618, 0xa513, 0x8c51, 0x83ef, 0x7bae, 0x6b4c, 0x6b2c, 0x6b2c, 0x6b2c, 0x6b4c, 0x6b4c, 0x6b4c, 0x6b4c, 0x6b4c, 0x6b4c, 0x6b4c, 0x6b4c, 0x6b4c, 0x6b4c, 0x6b4c, 0x6b4c, 0x6b2c, 0x6b2c, 0x6b0b, 0x6b4c, 0x83ef, 0xad34, 0xc618, 0xd6ba, 0xe73c, 0xf79e, 0xffdf, 0xffff, 0xffff, 0xffff, 0xffdf, 0xf79f, 0xe71f, 0xd69f, 0xb57e, 0x8c5e, 0x4a5d, 0x107c, 0x083c, 0x081c, 0x101c, 0x181c, 0x181c, 0x181c, 0x181c, 0x181c, 0x181c, 0x181c, 0x181c, 0x181c, 0x181c, 0x181c, 0x181c, 0x181c, 0x181c, 0x181c, 0x181c, 0x101c, 0x081c, 0x083c, 0x087c, 0x4a5d, 0x841e, 0xad1e, 0xce1f, 0xdedf, 0xf77f, 0xffdf, 0xffff, 0xffff, 0xffff, 0xffff, 0xffff, 0xffff, 0xffff, 0xffff, 0xffff, 0xffff, 0xffff, 0xffff, 0xffff, 0xffff, 0xffff, 0xffff, 0xffff, 0xffff, 0xffff, 0xffff, 0xffff, 0xffff, 0xffff, 0xffff, 0xffff, 0xffff, 0xffff, 0xffff, 0xffff, 0xffff, 0xffff, 0xffff, 0xffff, 0xffff, 0xffff, 0xffff, 0xffff, 0xffff, 0xffff, 0xffff, 0xffff, 0xffff, 0xffff, 0xffff, 0xffff, 0xffff, 0xffff, 0xffff, 0xffff, 0xffff, 0xffff, 0xffff, 0xffff, 0xffff, 0xffff, 0xffff, 0xffff, 0xffff, 0xffff, 0xffff, 0xffff, 0xffff, 0xffff, 0xffff, 0xffff, 0xffff, 0xffff, 0xffff, 0xffff, 0xffff, 0xffff, 0xffff, 0xffff, 0xffff, 0xffff, 0xffff, 0xffff, 0xffff, 0xffff, 0xffff, 0xffff, 0xffff, 0xffff, 0xffff, 0xffff, 0xffff, 0xffff, 0xffff, 0xffff, 0xffff, 0xffff, 0xffff, 0xffff, 0xffff, 0xffff, 0xffff, 0xffff, 0xffff, 0xffff, 0xffff, 0xffff, 0xffff, 0xffff, 0xffff, 0xffff, 0xffff, 0xffff, 0xffff, 0xffff, 0xffff, 0xffff, 0xffff, 0xffff, 0xffff, 0xffff, 0xffff, 0xffff, 0xffff, 0xffff, 0xffff, 0xffff, 0xffff, 0xffff, 0xffff, 0xffff, 0xe71c, 0xb596, 0x9451, 0x6b2c, 0x630b, 0x6b2c, 0x6b2c, 0x6b4c, 0x6b4c, 0x6b4c, 0x6b4c, 0x6b4c, 0x6b4c, 0x6b4c, 0x6b4c, 0x6b4c, 0x6b4c, 0x6b4c, 0x6b4c, 0x6b4c, 0x6b4c, 0x6b4c, 0x6b4c, 0x6b4c, 0x6b4c, 0x734c, 0x734d, 0x738d, 0x7bae, 0x8c30, 0x9cb2, 0xbdd7, 0xe71c, 0xef5d, 0xf7be, 0xffdf, 0xffff, 0xffff, 0xffff, 0xffff, 0xf7be, 0xdefb, 0xc618, 0xa513, 0x8c51, 0x83ef, 0x7bae, 0x6b4c, 0x6b2c, 0x6b2c, 0x6b2c, 0x6b4c, 0x6b4c, 0x6b4c, 0x6b4c, 0x6b4c, 0x6b4c, 0x6b4c, 0x6b4c, 0x6b4c, 0x6b4c, 0x6b4c, 0x6b4c, 0x6b2c, 0x6b2c, 0x6b0b, 0x6b4c, 0x83ef, 0xad34, 0xc618, 0xd6ba, 0xe73c, 0xf79e, 0xffdf, 0xffff, 0xffff, 0xffff, 0xffdf, 0xf79f, 0xe71f, 0xd69f, 0xb57e, 0x8c5e, 0x4a5d, 0x107c, 0x083c, 0x081c, 0x101c, 0x181c, 0x181c, 0x181c, 0x181c, 0x181c, 0x181c, 0x181c, 0x181c, 0x181c, 0x181c, 0x181c, 0x181c, 0x181c, 0x181c, 0x181c, 0x181c, 0x101c, 0x081c, 0x083c, 0x087c, 0x4a5d, 0x841e, 0xad1e, 0xce1f, 0xdedf, 0xf77f, 0xffdf, 0xffff, 0xffff, 0xffff, 0xffff, 0xffff, 0xffff, 0xffff, 0xffff, 0xffff, 0xffff, 0xffff, 0xffff, 0xffff, 0xffff, 0xffff, 0xffff, 0xffff, 0xffff, 0xffff, 0xffff, 0xffff, 0xffff, 0xffff, 0xffff, 0xffff, 0xffff, 0xffff, 0xffff, 0xffff, 0xffff, 0xffff, 0xffff, 0xffff, 0xffff, 0xffff, 0xffff, 0xffff, 0xffff, 0xffff, 0xffff, 0xffff, 0xffff, 0xffff, 0xffff, 0xffff, 0xffff, 0xffff, 0xffff, 0xffff, 0xffff, 0xffff, 0xffff, 0xffff, 0xffff, 0xffff, 0xffff, 0xffff, 0xffff, 0xffff, 0xffff, 0xffff, 0xffff, 0xffff, 0xffff, 0xffff, 0xffff, 0xffff, 0xffff, 0xffff, 0xffff, 0xffff, 0xffff, 0xffff, 0xffff, 0xffff, 0xffff, 0xffff, 0xffff, 0xffff, 0xffff, 0xffff, 0xffff, 0xffff, 0xffff, 0xffff, 0xffff, 0xffff, 0xffff, 0xffff, 0xffff, 0xffff, 0xffff, 0xffff, 0xffff, 0xffff, 0xffff, 0xffff, 0xffff, 0xffff, 0xffff, 0xffff, 0xffff, 0xffff, 0xffff, 0xffff, 0xffff, 0xffff, 0xffff, 0xffff, 0xffff, 0xffff, 0xffff, 0xffff, 0xffff, 0xffff, 0xffff, 0xffff, 0xffff, 0xffff, 0xffff, 0xffff, 0xffff, 0xffff, 0xffff, 0xffff, 0xe71c, 0xb596, 0x9451, 0x6b2c, 0x630b, 0x6b2c, 0x6b2c, 0x6b4c, 0x6b4c, 0x6b4c, 0x6b4c, 0x6b4c, 0x6b4c, 0x6b4c, 0x6b4c, 0x6b4c, 0x6b4c, 0x6b4c, 0x6b4c, 0x6b4c, 0x6b4c, 0x6b4c, 0x6b4c, 0x6b4c, 0x6b4c, 0x734c, 0x734d, 0x738d, 0x7bae, 0x8c30, 0x9cb2, 0xbdd7, 0xe71c, 0xef5d, 0xf7be, 0xffdf, 0xffff, 0xffff, 0xffff, 0xffff, 0xf7be, 0xdefb, 0xc618, 0xa513, 0x8c51, 0x83ef, 0x7bae, 0x6b4c, 0x6b2c, 0x6b2c, 0x6b2c, 0x6b4c, 0x6b4c, 0x6b4c, 0x6b4c, 0x6b4c, 0x6b4c, 0x6b4c, 0x6b4c, 0x6b4c, 0x6b4c, 0x6b4c, 0x6b4c, 0x6b2c, 0x6b2c, 0x6b0b, 0x6b4c, 0x83ef, 0xad34, 0xc618, 0xd6ba, 0xe73c, 0xf79e, 0xffdf, 0xffff, 0xffff, 0xffff, 0xffdf, 0xf79f, 0xe71f, 0xd69f, 0xb57e, 0x8c5e, 0x4a5d, 0x107c, 0x083c, 0x081c, 0x101c, 0x181c, 0x181c, 0x181c, 0x181c, 0x181c, 0x181c, 0x181c, 0x181c, 0x181c, 0x181c, 0x181c, 0x181c, 0x181c, 0x181c, 0x181c, 0x181c, 0x101c, 0x081c, 0x083c, 0x087c, 0x4a5d, 0x841e, 0xad1e, 0xce1f, 0xdedf, 0xf77f, 0xffdf, 0xffff, 0xffff, 0xffff, 0xffff, 0xffff, 0xffff, 0xffff, 0xffff, 0xffff, 0xffff, 0xffff, 0xffff, 0xffff, 0xffff, 0xffff, 0xffff, 0xffff, 0xffff, 0xffff, 0xffff, 0xffff, 0xffff, 0xffff, 0xffff, 0xffff, 0xffff, 0xffff, 0xffff, 0xffff, 0xffff, 0xffff, 0xffff, 0xffff, 0xffff, 0xffff, 0xffff, 0xffff, 0xffff, 0xffff, 0xffff, 0xffff, 0xffff, 0xffff, 0xffff, 0xffff, 0xffff, 0xffff, 0xffff, 0xffff, 0xffff, 0xffff, 0xffff, 0xffff, 0xffff, 0xffff, 0xffff, 0xffff, 0xffff, 0xffff, 0xffff, 0xffff, 0xffff, 0xffff, 0xffff, 0xffff, 0xffff, 0xffff, 0xffff, 0xffff, 0xffff, 0xffff, 0xffff, 0xffff, 0xffff, 0xffff, 0xffff, 0xffff, 0xffff, 0xffff, 0xffff, 0xffff, 0xffff, 0xffff, 0xffff, 0xffff, 0xffff, 0xffff, 0xffff, 0xffff, 0xffff, 0xffff, 0xffff, 0xffff, 0xffff, 0xffff, 0xffff, 0xffff, 0xffff, 0xffff, 0xffff, 0xffff, 0xffff, 0xffff, 0xffff, 0xffff, 0xffff, 0xffff, 0xffff, 0xffff, 0xffff, 0xffff, 0xffff, 0xffff, 0xffff, 0xffff, 0xffff, 0xffff, 0xffff, 0xffff, 0xffff, 0xffff, 0xffff, 0xffff, 0xffff, 0xffff, 0xe71c, 0xb596, 0x9451, 0x6b2c, 0x630b, 0x6b2c, 0x6b2c, 0x6b4c, 0x6b4c, 0x6b4c, 0x6b4c, 0x6b4c, 0x6b4c, 0x6b4c, 0x6b4c, 0x6b4c, 0x6b4c, 0x6b4c, 0x6b4c, 0x6b4c, 0x6b4c, 0x6b4c, 0x6b4c, 0x6b4c, 0x6b4c, 0x734c, 0x734d, 0x738d, 0x7bae, 0x8c30, 0x9cb2, 0xbdd7, 0xe71c, 0xef5d, 0xf7be, 0xffdf, 0xffff, 0xffff, 0xffff, 0xffff, 0xf7be, 0xdefb, 0xc618, 0xa513, 0x8c51, 0x83ef, 0x7bae, 0x6b4c, 0x6b2c, 0x6b2c, 0x6b2c, 0x6b4c, 0x6b4c, 0x6b4c, 0x6b4c, 0x6b4c, 0x6b4c, 0x6b4c, 0x6b4c, 0x6b4c, 0x6b4c, 0x6b4c, 0x6b4c, 0x6b2c, 0x6b2c, 0x6b0b, 0x6b4c, 0x83ef, 0xad34, 0xc618, 0xd6ba, 0xe73c, 0xf79e, 0xffdf, 0xffff, 0xffff, 0xffff, 0xffdf, 0xf79f, 0xe71f, 0xd69f, 0xb57e, 0x8c5e, 0x4a5d, 0x107c, 0x083c, 0x081c, 0x101c, 0x181c, 0x181c, 0x181c, 0x181c, 0x181c, 0x181c, 0x181c, 0x181c, 0x181c, 0x181c, 0x181c, 0x181c, 0x181c, 0x181c, 0x181c, 0x181c, 0x101c, 0x081c, 0x083c, 0x087c, 0x4a5d, 0x841e, 0xad1e, 0xce1f, 0xdedf, 0xf77f, 0xffdf, 0xffff, 0xffff, 0xffff, 0xffff, 0xffff, 0xffff, 0xffff, 0xffff, 0xffff, 0xffff, 0xffff, 0xffff, 0xffff, 0xffff, 0xffff, 0xffff, 0xffff, 0xffff, 0xffff, 0xffff, 0xffff, 0xffff, 0xffff, 0xffff, 0xffff, 0xffff, 0xffff, 0xffff, 0xffff, 0xffff, 0xffff, 0xffff, 0xffff, 0xffff, 0xffff, 0xffff, 0xffff, 0xffff, 0xffff, 0xffff, 0xffff, 0xffff, 0xffff, 0xffff, 0xffff, 0xffff, 0xffff, 0xffff, 0xffff, 0xffff, 0xffff, 0xffff, 0xffff, 0xffff, 0xffff, 0xffff, 0xffff, 0xffff, 0xffff, 0xffff, 0xffff, 0xffff, 0xffff, 0xffff, 0xffff, 0xffff, 0xffff, 0xffff, 0xffff, 0xffff, 0xffff, 0xffff, 0xffff, 0xffff, 0xffff, 0xffff, 0xffff, 0xffff, 0xffff, 0xffff, 0xffff, 0xffff, 0xffff, 0xffff, 0xffff, 0xffff, 0xffff, 0xffff, 0xffff, 0xffff, 0xffff, 0xffff, 0xffff, 0xffff, 0xffff, 0xffff, 0xffff, 0xffff, 0xffff, 0xffff, 0xffff, 0xffff, 0xffff, 0xffff, 0xffff, 0xffff, 0xffff, 0xffff, 0xffff, 0xffff, 0xffff, 0xffff, 0xffff, 0xffff, 0xffff, 0xffff, 0xffff, 0xffff, 0xffff, 0xffff, 0xffff, 0xffff, 0xffff, 0xffff, 0xffff, 0xe71c, 0xb596, 0x9451, 0x6b2c, 0x630b, 0x6b2c, 0x6b2c, 0x6b4c, 0x6b4c, 0x6b4c, 0x6b4c, 0x6b4c, 0x6b4c, 0x6b4c, 0x6b4c, 0x6b4c, 0x6b4c, 0x6b4c, 0x6b4c, 0x6b4c, 0x6b4c, 0x6b4c, 0x6b4c, 0x6b4c, 0x6b4c, 0x734c, 0x734d, 0x738d, 0x7bae, 0x8c30, 0x9cb2, 0xbdd7, 0xe71c, 0xef5d, 0xf7be, 0xffdf, 0xffff, 0xffff, 0xffff, 0xffff, 0xf7be, 0xdefb, 0xc618, 0xa513, 0x8c51, 0x83ef, 0x7bae, 0x6b4c, 0x6b2c, 0x6b2c, 0x6b2c, 0x6b4c, 0x6b4c, 0x6b4c, 0x6b4c, 0x6b4c, 0x6b4c, 0x6b4c, 0x6b4c, 0x6b4c, 0x6b4c, 0x6b4c, 0x6b4c, 0x6b2c, 0x6b2c, 0x6b0b, 0x6b4c, 0x83ef, 0xad34, 0xc618, 0xd6ba, 0xe73c, 0xf79e, 0xffdf, 0xffff, 0xffff, 0xffff, 0xffdf, 0xf79f, 0xe71f, 0xd69f, 0xb57e, 0x8c5e, 0x4a5d, 0x107c, 0x083c, 0x081c, 0x101c, 0x181c, 0x181c, 0x181c, 0x181c, 0x181c, 0x181c, 0x181c, 0x181c, 0x181c, 0x181c, 0x181c, 0x181c, 0x181c, 0x181c, 0x181c, 0x181c, 0x101c, 0x081c, 0x083c, 0x087c, 0x4a5d, 0x841e, 0xad1e, 0xce1f, 0xdedf, 0xf77f, 0xffdf, 0xffff, 0xffff, 0xffff, 0xffff, 0xffff, 0xffff, 0xffff, 0xffff, 0xffff, 0xffff, 0xffff, 0xffff, 0xffff, 0xffff, 0xffff, 0xffff, 0xffff, 0xffff, 0xffff, 0xffff, 0xffff, 0xffff, 0xffff, 0xffff, 0xffff, 0xffff, 0xffff, 0xffff, 0xffff, 0xffff, 0xffff, 0xffff, 0xffff, 0xffff, 0xffff, 0xffff, 0xffff, 0xffff, 0xffff, 0xffff, 0xffff, 0xffff, 0xffff, 0xffff, 0xffff, 0xffff, 0xffff, 0xffff, 0xffff, 0xffff, 0xffff, 0xffff, 0xffff, 0xffff, 0xffff, 0xffff, 0xffff, 0xffff, 0xffff, 0xffff, 0xffff, 0xffff, 0xffff, 0xffff, 0xffff, 0xffff, 0xffff, 0xffff, 0xffff, 0xffff, 0xffff, 0xffff, 0xffff, 0xffff, 0xffff, 0xffff, 0xffff, 0xffff, 0xffff, 0xffff, 0xffff, 0xffff, 0xffff, 0xffff, 0xffff, 0xffff, 0xffff, 0xffff, 0xffff, 0xffff, 0xffff, 0xffff, 0xffff, 0xffff, 0xffff, 0xffff, 0xffff, 0xffff, 0xffff, 0xffff, 0xffff, 0xffff, 0xffff, 0xffff, 0xffff, 0xffff, 0xffff, 0xffff, 0xffff, 0xffff, 0xffff, 0xffff, 0xffff, 0xffff, 0xffff, 0xffff, 0xffff, 0xffff, 0xffff, 0xffff, 0xffff, 0xffff, 0xffff, 0xffff, 0xffff, 0xe71c, 0xb596, 0x9451, 0x6b2c, 0x630b, 0x6b2c, 0x6b2c, 0x6b4c, 0x6b4c, 0x6b4c, 0x6b4c, 0x6b4c, 0x6b4c, 0x6b4c, 0x6b4c, 0x6b4c, 0x6b4c, 0x6b4c, 0x6b4c, 0x6b4c, 0x6b4c, 0x6b4c, 0x6b4c, 0x6b4c, 0x6b4c, 0x734c, 0x734d, 0x738d, 0x7bae, 0x8c30, 0x9cb2, 0xbdd7, 0xe71c, 0xef5d, 0xf7be, 0xffdf, 0xffff, 0xffff, 0xffff, 0xffff, 0xf7be, 0xdefb, 0xc618, 0xa513, 0x8c51, 0x83ef, 0x7bae, 0x6b4c, 0x6b2c, 0x6b2c, 0x6b2c, 0x6b4c, 0x6b4c, 0x6b4c, 0x6b4c, 0x6b4c, 0x6b4c, 0x6b4c, 0x6b4c, 0x6b4c, 0x6b4c, 0x6b4c, 0x6b4c, 0x6b2c, 0x6b2c, 0x6b0b, 0x6b4c, 0x83ef, 0xad34, 0xc618, 0xd6ba, 0xe73c, 0xf79e, 0xffdf, 0xffff, 0xffff, 0xffff, 0xffdf, 0xf79f, 0xe71f, 0xd69f, 0xb57e, 0x8c5e, 0x4a5d, 0x107c, 0x083c, 0x081c, 0x101c, 0x181c, 0x181c, 0x181c, 0x181c, 0x181c, 0x181c, 0x181c, 0x181c, 0x181c, 0x181c, 0x181c, 0x181c, 0x181c, 0x181c, 0x181c, 0x181c, 0x101c, 0x081c, 0x083c, 0x087c, 0x4a5d, 0x841e, 0xad1e, 0xce1f, 0xdedf, 0xf77f, 0xffdf, 0xffff, 0xffff, 0xffff, 0xffff, 0xffff, 0xffff, 0xffff, 0xffff, 0xffff, 0xffff, 0xffff, 0xffff, 0xffff, 0xffff, 0xffff, 0xffff, 0xffff, 0xffff, 0xffff, 0xffff, 0xffff, 0xffff, 0xffff, 0xffff, 0xffff, 0xffff, 0xffff, 0xffff, 0xffff, 0xffff, 0xffff, 0xffff, 0xffff, 0xffff, 0xffff, 0xffff, 0xffff, 0xffff, 0xffff, 0xffff, 0xffff, 0xffff, 0xffff, 0xffff, 0xffff, 0xffff, 0xffff, 0xffff, 0xffff, 0xffff, 0xffff, 0xffff, 0xffff, 0xffff, 0xffff, 0xffff, 0xffff, 0xffff, 0xffff, 0xffff, 0xffff, 0xffff, 0xffff, 0xffff, 0xffff, 0xffff, 0xffff, 0xffff, 0xffff, 0xffff, 0xffff, 0xffff, 0xffff, 0xffff, 0xffff, 0xffff, 0xffff, 0xffff, 0xffff, 0xffff, 0xffff, 0xffff, 0xffff, 0xffff, 0xffff, 0xffff, 0xffff, 0xffff, 0xffff, 0xffff, 0xffff, 0xffff, 0xffff, 0xffff, 0xffff, 0xffff, 0xffff, 0xffff, 0xffff, 0xffff, 0xffff, 0xffff, 0xffff, 0xffff, 0xffff, 0xffff, 0xffff, 0xffff, 0xffff, 0xffff, 0xffff, 0xffff, 0xffff, 0xffff, 0xffff, 0xffff, 0xffff, 0xffff, 0xffff, 0xffff, 0xffff, 0xffff, 0xffff, 0xffff, 0xffff, 0xe71c, 0xb596, 0x9451, 0x6b2c, 0x630b, 0x6b2c, 0x6b2c, 0x6b4c, 0x6b4c, 0x6b4c, 0x6b4c, 0x6b4c, 0x6b4c, 0x6b4c, 0x6b4c, 0x6b4c, 0x6b4c, 0x6b4c, 0x6b4c, 0x6b4c, 0x6b4c, 0x6b4c, 0x6b4c, 0x6b4c, 0x6b4c, 0x734c, 0x734d, 0x738d, 0x7bae, 0x8c30, 0x9cb2, 0xbdd7, 0xe71c, 0xef5d, 0xf7be, 0xffdf, 0xffff, 0xffff, 0xffff, 0xffff, 0xf7be, 0xdefb, 0xc618, 0xa513, 0x8c51, 0x83ef, 0x7bae, 0x6b4c, 0x6b2c, 0x6b2c, 0x6b2c, 0x6b4c, 0x6b4c, 0x6b4c, 0x6b4c, 0x6b4c, 0x6b4c, 0x6b4c, 0x6b4c, 0x6b4c, 0x6b4c, 0x6b4c, 0x6b4c, 0x6b2c, 0x6b2c, 0x6b0b, 0x6b4c, 0x83ef, 0xad34, 0xc618, 0xd6ba, 0xe73c, 0xf79e, 0xffdf, 0xffff, 0xffff, 0xffff, 0xffdf, 0xf79f, 0xe71f, 0xd69f, 0xb57e, 0x8c5e, 0x4a5d, 0x107c, 0x083c, 0x081c, 0x101c, 0x181c, 0x181c, 0x181c, 0x181c, 0x181c, 0x181c, 0x181c, 0x181c, 0x181c, 0x181c, 0x181c, 0x181c, 0x181c, 0x181c, 0x181c, 0x181c, 0x101c, 0x081c, 0x083c, 0x087c, 0x4a5d, 0x841e, 0xad1e, 0xce1f, 0xdedf, 0xf77f, 0xffdf, 0xffff, 0xffff, 0xffff, 0xffff, 0xffff, 0xffff, 0xffff, 0xffff, 0xffff, 0xffff, 0xffff, 0xffff, 0xffff, 0xffff, 0xffff, 0xffff, 0xffff, 0xffff, 0xffff, 0xffff, 0xffff, 0xffff, 0xffff, 0xffff, 0xffff, 0xffff, 0xffff, 0xffff, 0xffff, 0xffff, 0xffff, 0xffff, 0xffff, 0xffff, 0xffff, 0xffff, 0xffff, 0xffff, 0xffff, 0xffff, 0xffff, 0xffff, 0xffff, 0xffff, 0xffff, 0xffff, 0xffff, 0xffff, 0xffff, 0xffff, 0xffff, 0xffff, 0xffff, 0xffff, 0xffff, 0xffff, 0xffff, 0xffff, 0xffff, 0xffff, 0xffff, 0xffff, 0xffff, 0xffff, 0xffff, 0xffff, 0xffff, 0xffff, 0xffff, 0xffff, 0xffff, 0xffff, 0xffff, 0xffff, 0xffff, 0xffff, 0xffff, 0xffff, 0xffff, 0xffff, 0xffff, 0xffff, 0xffff, 0xffff, 0xffff, 0xffff, 0xffff, 0xffff, 0xffff, 0xffff, 0xffff, 0xffff, 0xffff, 0xffff, 0xffff, 0xffff, 0xffff, 0xffff, 0xffff, 0xffff, 0xffff, 0xffff, 0xffff, 0xffff, 0xffff, 0xffff, 0xffff, 0xffff, 0xffff, 0xffff, 0xffff, 0xffff, 0xffff, 0xffff, 0xffff, 0xffff, 0xffff, 0xffff, 0xffff, 0xffff, 0xffff, 0xffff, 0xffff, 0xffff, 0xffff, 0xe71c, 0xb596, 0x9451, 0x6b2c, 0x630b, 0x6b2c, 0x6b2c, 0x6b4c, 0x6b4c, 0x6b4c, 0x6b4c, 0x6b4c, 0x6b4c, 0x6b4c, 0x6b4c, 0x6b4c, 0x6b4c, 0x6b4c, 0x6b4c, 0x6b4c, 0x6b4c, 0x6b4c, 0x6b4c, 0x6b4c, 0x6b4c, 0x734c, 0x734d, 0x738d, 0x7bae, 0x8c30, 0x9cb2, 0xbdd7, 0xe71c, 0xef5d, 0xf7be, 0xffdf, 0xffff, 0xffff, 0xffff, 0xffff, 0xf7be, 0xdefb, 0xc618, 0xa513, 0x8c51, 0x83ef, 0x7bae, 0x6b4c, 0x6b2c, 0x6b2c, 0x6b2c, 0x6b4c, 0x6b4c, 0x6b4c, 0x6b4c, 0x6b4c, 0x6b4c, 0x6b4c, 0x6b4c, 0x6b4c, 0x6b4c, 0x6b4c, 0x6b4c, 0x6b2c, 0x6b2c, 0x6b0b, 0x6b4c, 0x83ef, 0xad34, 0xc618, 0xd6ba, 0xe73c, 0xf79e, 0xffdf, 0xffff, 0xffff, 0xffff, 0xffdf, 0xf79f, 0xe71f, 0xd69f, 0xb57e, 0x8c5e, 0x4a5d, 0x107c, 0x083c, 0x081c, 0x101c, 0x181c, 0x181c, 0x181c, 0x181c, 0x181c, 0x181c, 0x181c, 0x181c, 0x181c, 0x181c, 0x181c, 0x181c, 0x181c, 0x181c, 0x181c, 0x181c, 0x101c, 0x081c, 0x083c, 0x087c, 0x4a5d, 0x841e, 0xad1e, 0xce1f, 0xdedf, 0xf77f, 0xffdf, 0xffff, 0xffff, 0xffff, 0xffff, 0xffff, 0xffff, 0xffff, 0xffff, 0xffff, 0xffff, 0xffff, 0xffff, 0xffff, 0xffff, 0xffff, 0xffff, 0xffff, 0xffff, 0xffff, 0xffff, 0xffff, 0xffff, 0xffff, 0xffff, 0xffff, 0xffff, 0xffff, 0xffff, 0xffff, 0xffff, 0xffff, 0xffff, 0xffff, 0xffff, 0xffff, 0xffff, 0xffff, 0xffff, 0xffff, 0xffff, 0xffff, 0xffff, 0xffff, 0xffff, 0xffff, 0xffff, 0xffff, 0xffff, 0xffff, 0xffff, 0xffff, 0xffff, 0xffff, 0xffff, 0xffff, 0xffff, 0xffff, 0xffff, 0xffff, 0xffff, 0xffff, 0xffff, 0xffff, 0xffff, 0xffff, 0xffff, 0xffff, 0xffff, 0xffff, 0xffff, 0xffff, 0xffff, 0xffff, 0xffff, 0xffff, 0xffff, 0xffff, 0xffff, 0xffff, 0xffff, 0xffff, 0xffff, 0xffff, 0xffff, 0xffff, 0xffff, 0xffff, 0xffff, 0xffff, 0xffff, 0xffff, 0xffff, 0xffff, 0xffff, 0xffff, 0xffff, 0xffff, 0xffff, 0xffff, 0xffff, 0xffff, 0xffff, 0xffff, 0xffff, 0xffff, 0xffff, 0xffff, 0xffff, 0xffff, 0xffff, 0xffff, 0xffff, 0xffff, 0xffff, 0xffff, 0xffff, 0xffff, 0xffff, 0xffff, 0xffff, 0xffff, 0xffff, 0xffff, 0xffff, 0xffff, 0xe71c, 0xb596, 0x8c50, 0x6b2c, 0x630b, 0x6b0c, 0x6b2c, 0x6b2c, 0x6b4c, 0x6b4c, 0x6b4c, 0x6b4c, 0x6b4c, 0x6b4c, 0x6b4c, 0x6b4c, 0x6b4c, 0x6b4c, 0x6b4c, 0x6b4c, 0x6b4c, 0x6b4c, 0x6b4c, 0x6b4c, 0x6b4c, 0x6b4c, 0x734d, 0x738d, 0x7bae, 0x8c30, 0x9cb2, 0xbdd7, 0xe71c, 0xef5d, 0xf7be, 0xffdf, 0xffff, 0xffff, 0xffff, 0xffff, 0xf7be, 0xdefb, 0xc618, 0xa513, 0x8c51, 0x83ef, 0x7bae, 0x6b4c, 0x6b2c, 0x6b2c, 0x6b2c, 0x6b4c, 0x6b4c, 0x6b4c, 0x6b4c, 0x6b4c, 0x6b4c, 0x6b4c, 0x6b4c, 0x6b4c, 0x6b4c, 0x6b4c, 0x6b4c, 0x6b2c, 0x6b2c, 0x6b0b, 0x6b4c, 0x83ef, 0xad34, 0xc618, 0xd6ba, 0xe73c, 0xf79e, 0xffdf, 0xffff, 0xffff, 0xffff, 0xffdf, 0xf79f, 0xe71f, 0xd69f, 0xb57e, 0x8c5e, 0x4a5d, 0x107c, 0x083c, 0x081c, 0x101c, 0x101c, 0x101c, 0x181c, 0x181c, 0x181c, 0x181c, 0x181c, 0x181c, 0x181c, 0x181c, 0x181c, 0x181c, 0x181c, 0x181c, 0x101c, 0x101c, 0x081c, 0x081c, 0x083c, 0x087c, 0x4a5d, 0x841e, 0xad1e, 0xce1f, 0xdedf, 0xf77f, 0xffdf, 0xffff, 0xffff, 0xffff, 0xffff, 0xffff, 0xffff, 0xffff, 0xffff, 0xffff, 0xffff, 0xffff, 0xffff, 0xffff, 0xffff, 0xffff, 0xffff, 0xffff, 0xffff, 0xffff, 0xffff, 0xffff, 0xffff, 0xffff, 0xffff, 0xffff, 0xffff, 0xffff, 0xffff, 0xffff, 0xffff, 0xffff, 0xffff, 0xffff, 0xffff, 0xffff, 0xffff, 0xffff, 0xffff, 0xffff, 0xffff, 0xffff, 0xffff, 0xffff, 0xffff, 0xffff, 0xffff, 0xffff, 0xffff, 0xffff, 0xffff, 0xffff, 0xffff, 0xffff, 0xffff, 0xffff, 0xffff, 0xffff, 0xffff, 0xffff, 0xffff, 0xffff, 0xffff, 0xffff, 0xffff, 0xffff, 0xffff, 0xffff, 0xffff, 0xffff, 0xffff, 0xffff, 0xffff, 0xffff, 0xffff, 0xffff, 0xffff, 0xffff, 0xffff, 0xffff, 0xffff, 0xffff, 0xffff, 0xffff, 0xffff, 0xffff, 0xffff, 0xffff, 0xffff, 0xffff, 0xffff, 0xffff, 0xffff, 0xffff, 0xffff, 0xffff, 0xffff, 0xffff, 0xffff, 0xffff, 0xffff, 0xffff, 0xffff, 0xffff, 0xffff, 0xffff, 0xffff, 0xffff, 0xffff, 0xffff, 0xffff, 0xffff, 0xffff, 0xffff, 0xffff, 0xffff, 0xffff, 0xffff, 0xffff, 0xffff, 0xffff, 0xffff, 0xffff, 0xffff, 0xffff, 0xffff, 0xe71b, 0xb595, 0x8c30, 0x630b, 0x62eb, 0x630b, 0x6b0b, 0x6b2c, 0x6b2c, 0x6b4c, 0x6b4c, 0x6b4c, 0x6b4c, 0x6b4c, 0x6b4c, 0x6b4c, 0x6b4c, 0x6b4c, 0x6b4c, 0x6b4c, 0x6b4c, 0x6b4c, 0x6b4c, 0x6b4c, 0x6b2c, 0x6b2c, 0x6b4c, 0x736d, 0x7bae, 0x8c30, 0x9cb2, 0xbdd7, 0xe71c, 0xef5d, 0xf7be, 0xffdf, 0xffff, 0xffff, 0xffff, 0xffff, 0xf7be, 0xdefb, 0xc618, 0xa513, 0x8c51, 0x83ef, 0x7bae, 0x6b4c, 0x6b2c, 0x6b2c, 0x6b2c, 0x6b4c, 0x6b4c, 0x6b4c, 0x6b4c, 0x6b4c, 0x6b4c, 0x6b4c, 0x6b4c, 0x6b4c, 0x6b4c, 0x6b4c, 0x6b4c, 0x6b2c, 0x6b2c, 0x6b0b, 0x6b4c, 0x83ef, 0xad34, 0xc618, 0xd6ba, 0xe73c, 0xf79e, 0xffdf, 0xffff, 0xffff, 0xffff, 0xffdf, 0xf79f, 0xe71f, 0xd69f, 0xb57e, 0x8c5e, 0x4a5d, 0x107c, 0x083c, 0x001c, 0x081c, 0x081c, 0x081c, 0x081c, 0x081c, 0x081c, 0x081c, 0x081c, 0x081c, 0x081c, 0x081c, 0x081c, 0x081c, 0x081c, 0x081c, 0x081c, 0x081c, 0x081c, 0x001c, 0x003c, 0x087c, 0x4a5d, 0x841e, 0xad1e, 0xce1f, 0xdedf, 0xf77f, 0xffdf, 0xffff, 0xffff, 0xffff, 0xffff, 0xffff, 0xffff, 0xffff, 0xffff, 0xffff, 0xffff, 0xffff, 0xffff, 0xffff, 0xffff, 0xffff, 0xffff, 0xffff, 0xffff, 0xffff, 0xffff, 0xffff, 0xffff, 0xffff, 0xffff, 0xffff, 0xffff, 0xffff, 0xffff, 0xffff, 0xffff, 0xffff, 0xffff, 0xffff, 0xffff, 0xffff, 0xffff, 0xffff, 0xffff, 0xffff, 0xffff, 0xffff, 0xffff, 0xffff, 0xffff, 0xffff, 0xffff, 0xffff, 0xffff, 0xffff, 0xffff, 0xffff, 0xffff, 0xffff, 0xffff, 0xffff, 0xffff, 0xffff, 0xffff, 0xffff, 0xffff, 0xffff, 0xffff, 0xffff, 0xffff, 0xffff, 0xffff, 0xffff, 0xffff, 0xffff, 0xffff, 0xffff, 0xffff, 0xffff, 0xffff, 0xffff, 0xffff, 0xffff, 0xffff, 0xffff, 0xffff, 0xffff, 0xffff, 0xffff, 0xffff, 0xffff, 0xffff, 0xffff, 0xffff, 0xffff, 0xffff, 0xffff, 0xffff, 0xffff, 0xffff, 0xffff, 0xffff, 0xffff, 0xffff, 0xffff, 0xffff, 0xffff, 0xffff, 0xffff, 0xffff, 0xffff, 0xffff, 0xffff, 0xffff, 0xffff, 0xffff, 0xffff, 0xffff, 0xffff, 0xffff, 0xffff, 0xffff, 0xffff, 0xffff, 0xffff, 0xffff, 0xffff, 0xffff, 0xffff, 0xffff, 0xffff, 0xe71c, 0xb596, 0x8c50, 0x6b2c, 0x630b, 0x6b2c, 0x6b2c, 0x6b4c, 0x6b4c, 0x736d, 0x736d, 0x736d, 0x736d, 0x736d, 0x736d, 0x736d, 0x736d, 0x736d, 0x736d, 0x736d, 0x736d, 0x736d, 0x736d, 0x734d, 0x734c, 0x734d, 0x736d, 0x738d, 0x7bce, 0x8c30, 0x9cd2, 0xbdd7, 0xe71c, 0xef5d, 0xf7be, 0xffdf, 0xffff, 0xffff, 0xffff, 0xffff, 0xf7be, 0xdefb, 0xc618, 0xa514, 0x9471, 0x840f, 0x7bae, 0x734d, 0x6b4c, 0x734c, 0x734d, 0x736d, 0x736d, 0x736d, 0x736d, 0x736d, 0x736d, 0x736d, 0x736d, 0x736d, 0x736d, 0x736d, 0x736d, 0x734d, 0x6b4c, 0x6b2c, 0x736d, 0x840f, 0xad54, 0xc638, 0xd6ba, 0xe73c, 0xf79e, 0xffdf, 0xffff, 0xffff, 0xffff, 0xffdf, 0xf79f, 0xe71f, 0xd69f, 0xb59e, 0x947e, 0x527d, 0x18bc, 0x107c, 0x085c, 0x105c, 0x107c, 0x107c, 0x107c, 0x107c, 0x107c, 0x107c, 0x107c, 0x107c, 0x107c, 0x107c, 0x107c, 0x107c, 0x107c, 0x107c, 0x107c, 0x107c, 0x105c, 0x105c, 0x107c, 0x18bc, 0x529d, 0x8c3e, 0xad3e, 0xce3f, 0xdedf, 0xf77f, 0xffdf, 0xffff, 0xffff, 0xffff, 0xffff, 0xffff, 0xffff, 0xffff, 0xffff, 0xffff, 0xffff, 0xffff, 0xffff, 0xffff, 0xffff, 0xffff, 0xffff, 0xffff, 0xffff, 0xffff, 0xffff, 0xffff, 0xffff, 0xffff, 0xffff, 0xffff, 0xffff, 0xffff, 0xffff, 0xffff, 0xffff, 0xffff, 0xffff, 0xffff, 0xffff, 0xffff, 0xffff, 0xffff, 0xffff, 0xffff, 0xffff, 0xffff, 0xffff, 0xffff, 0xffff, 0xffff, 0xffff, 0xffff, 0xffff, 0xffff, 0xffff, 0xffff, 0xffff, 0xffff, 0xffff, 0xffff, 0xffff, 0xffff, 0xffff, 0xffff, 0xffff, 0xffff, 0xffff, 0xffff, 0xffff, 0xffff, 0xffff, 0xffff, 0xffff, 0xffff, 0xffff, 0xffff, 0xffff, 0xffff, 0xffff, 0xffff, 0xffff, 0xffff, 0xffff, 0xffff, 0xffff, 0xffff, 0xffff, 0xffff, 0xffff, 0xffff, 0xffff, 0xffff, 0xffff, 0xffff, 0xffff, 0xffff, 0xffff, 0xffff, 0xffff, 0xffff, 0xffff, 0xffff, 0xffff, 0xffff, 0xffff, 0xffff, 0xffff, 0xffff, 0xffff, 0xffff, 0xffff, 0xffff, 0xffff, 0xffff, 0xffff, 0xffff, 0xffff, 0xffff, 0xffff, 0xffff, 0xffff, 0xffff, 0xffff, 0xffff, 0xffff, 0xffff, 0xffff, 0xffff, 0xffff, 0xffff, 0xe73c, 0xbdd7, 0x9cb2, 0x7b8e, 0x736d, 0x738d, 0x7bae, 0x7bae, 0x7bae, 0x7bce, 0x7bce, 0x7bce, 0x7bce, 0x7bce, 0x7bce, 0x7bce, 0x7bce, 0x7bce, 0x7bce, 0x7bce, 0x7bce, 0x7bce, 0x7bce, 0x7bae, 0x7bae, 0x7bce, 0x7bce, 0x83ef, 0x8c10, 0x9491, 0xa4f3, 0xc5f7, 0xe71c, 0xef5d, 0xf7be, 0xffdf, 0xffff, 0xffff, 0xffff, 0xffff, 0xffbe, 0xe71b, 0xce38, 0xad54, 0x94b2, 0x8c50, 0x83ef, 0x7bae, 0x7b8e, 0x7bae, 0x7bae, 0x7bae, 0x7bce, 0x7bce, 0x7bce, 0x7bce, 0x7bce, 0x7bce, 0x7bce, 0x7bce, 0x7bce, 0x7bae, 0x7bae, 0x7bae, 0x7bae, 0x7bae, 0x7bcf, 0x9471, 0xb595, 0xce59, 0xdedb, 0xef3c, 0xf79e, 0xffdf, 0xffff, 0xffff, 0xffff, 0xffdf, 0xf7bf, 0xef3f, 0xdebf, 0xbdde, 0x9cbe, 0x62fd, 0x317c, 0x315c, 0x313c, 0x317c, 0x399c, 0x399c, 0x399c, 0x399c, 0x399c, 0x399c, 0x399c, 0x399c, 0x399c, 0x399c, 0x399c, 0x399c, 0x399c, 0x399c, 0x399c, 0x399c, 0x317c, 0x315c, 0x315c, 0x399c, 0x6b1d, 0x9c9e, 0xb57e, 0xce5f, 0xe6ff, 0xf79f, 0xffdf, 0xffff, 0xffff, 0xffff, 0xffff, 0xffff, 0xffff, 0xffff, 0xffff, 0xffff, 0xffff, 0xffff, 0xffff, 0xffff, 0xffff, 0xffff, 0xffff, 0xffff, 0xffff, 0xffff, 0xffff, 0xffff, 0xffff, 0xffff, 0xffff, 0xffff, 0xffff, 0xffff, 0xffff, 0xffff, 0xffff, 0xffff, 0xffff, 0xffff, 0xffff, 0xffff, 0xffff, 0xffff, 0xffff, 0xffff, 0xffff, 0xffff, 0xffff, 0xffff, 0xffff, 0xffff, 0xffff, 0xffff, 0xffff, 0xffff, 0xffff, 0xffff, 0xffff, 0xffff, 0xffff, 0xffff, 0xffff, 0xffff, 0xffff, 0xffff, 0xffff, 0xffff, 0xffff, 0xffff, 0xffff, 0xffff, 0xffff, 0xffff, 0xffff, 0xffff, 0xffff, 0xffff, 0xffff, 0xffff, 0xffff, 0xffff, 0xffff, 0xffff, 0xffff, 0xffff, 0xffff, 0xffff, 0xffff, 0xffff, 0xffff, 0xffff, 0xffff, 0xffff, 0xffff, 0xffff, 0xffff, 0xffff, 0xffff, 0xffff, 0xffff, 0xffff, 0xffff, 0xffff, 0xffff, 0xffff, 0xffff, 0xffff, 0xffff, 0xffff, 0xffff, 0xffff, 0xffff, 0xffff, 0xffff, 0xffff, 0xffff, 0xffff, 0xffff, 0xffff, 0xffff, 0xffff, 0xffff, 0xffff, 0xffff, 0xffff, 0xffff, 0xffff, 0xffff, 0xffff, 0xffff, 0xffff, 0xef5d, 0xce79, 0xb596, 0x9cd2, 0x9cb2, 0x9cd2, 0x9cd3, 0x9cd3, 0xa4f3, 0xa4f3, 0xa4f3, 0xa4f3, 0xa4f3, 0xa4f3, 0xa4f3, 0xa4f3, 0xa4f3, 0xa4f3, 0xa4f3, 0xa4f3, 0xa4f3, 0xa4f3, 0xa4f3, 0xa4f3, 0xa4f3, 0xa4f3, 0xa4f3, 0xa513, 0xad34, 0xb575, 0xbdd6, 0xd699, 0xef5d, 0xf79e, 0xf7be, 0xffdf, 0xffff, 0xffff, 0xffff, 0xffff, 0xffdf, 0xef5d, 0xd6ba, 0xc5f7, 0xb595, 0xad54, 0xa514, 0x9cd3, 0x9cd2, 0x9cd3, 0x9cd3, 0x9cd3, 0xa4f3, 0xa4f3, 0xa4f3, 0xa4f3, 0xa4f3, 0xa4f3, 0xa4f3, 0xa4f3, 0xa4f3, 0xa4f3, 0xa4f3, 0x9cd3, 0x9cd3, 0x9cd3, 0xa4f3, 0xad55, 0xc638, 0xdeda, 0xe73c, 0xef7d, 0xf7be, 0xffdf, 0xffff, 0xffff, 0xffff, 0xffdf, 0xffbf, 0xef7f, 0xe71f, 0xce5f, 0xbdbe, 0x945e, 0x6b3d, 0x6b3d, 0x6b1d, 0x6b5d, 0x735d, 0x735d, 0x737d, 0x737d, 0x737d, 0x737d, 0x737d, 0x737d, 0x737d, 0x737d, 0x737d, 0x737d, 0x737d, 0x737d, 0x735d, 0x735d, 0x6b5d, 0x6b3d, 0x6b3d, 0x735d, 0x947e, 0xb59e, 0xce3f, 0xdedf, 0xef3f, 0xf7bf, 0xffdf, 0xffff, 0xffff, 0xffff, 0xffff, 0xffff, 0xffff, 0xffff, 0xffff, 0xffff, 0xffff, 0xffff, 0xffff, 0xffff, 0xffff, 0xffff, 0xffff, 0xffff, 0xffff, 0xffff, 0xffff, 0xffff, 0xffff, 0xffff, 0xffff, 0xffff, 0xffff, 0xffff, 0xffff, 0xffff, 0xffff, 0xffff, 0xffff, 0xffff, 0xffff, 0xffff, 0xffff, 0xffff, 0xffff, 0xffff, 0xffff, 0xffff, 0xffff, 0xffff, 0xffff, 0xffff, 0xffff, 0xffff, 0xffff, 0xffff, 0xffff, 0xffff, 0xffff, 0xffff, 0xffff, 0xffff, 0xffff, 0xffff, 0xffff, 0xffff, 0xffff, 0xffff, 0xffff, 0xffff, 0xffff, 0xffff, 0xffff, 0xffff, 0xffff, 0xffff, 0xffff, 0xffff, 0xffff, 0xffff, 0xffff, 0xffff, 0xffff, 0xffff, 0xffff, 0xffff, 0xffff, 0xffff, 0xffff, 0xffff, 0xffff, 0xffff, 0xffff, 0xffff, 0xffff, 0xffff, 0xffff, 0xffff, 0xffff, 0xffff, 0xffff, 0xffff, 0xffff, 0xffff, 0xffff, 0xffff, 0xffff, 0xffff, 0xffff, 0xffff, 0xffff, 0xffff, 0xffff, 0xffff, 0xffff, 0xffff, 0xffff, 0xffff, 0xffff, 0xffff, 0xffff, 0xffff, 0xffff, 0xffff, 0xffff, 0xffff, 0xffff, 0xffff, 0xffff, 0xffff, 0xffff, 0xffff, 0xffff, 0xffdf, 0xf7be, 0xf79e, 0xf79e, 0xf79e, 0xf79e, 0xf79e, 0xf79e, 0xf79e, 0xf79e, 0xf79e, 0xf79e, 0xf79e, 0xf79e, 0xf79e, 0xf79e, 0xf79e, 0xf79e, 0xf79e, 0xf79e, 0xf79e, 0xf79e, 0xf79e, 0xf79e, 0xf79e, 0xf79e, 0xf79e, 0xf79e, 0xf7be, 0xf7be, 0xffdf, 0xffdf, 0xffff, 0xffff, 0xffff, 0xffff, 0xffff, 0xffff, 0xffff, 0xffff, 0xffff, 0xffdf, 0xf7be, 0xf7be, 0xf7be, 0xf79e, 0xf79e, 0xf79e, 0xf79e, 0xf79e, 0xf79e, 0xf79e, 0xf79e, 0xf79e, 0xf79e, 0xf79e, 0xf79e, 0xf79e, 0xf79e, 0xf79e, 0xf79e, 0xf79e, 0xf79e, 0xf79e, 0xf79e, 0xf79e, 0xf7be, 0xffde, 0xffdf, 0xffdf, 0xffff, 0xffff, 0xffff, 0xffff, 0xffff, 0xffff, 0xffff, 0xffff, 0xffff, 0xffdf, 0xffdf, 0xf7bf, 0xf79f, 0xef7f, 0xef7f, 0xef7f, 0xef7f, 0xef7f, 0xef7f, 0xef7f, 0xef7f, 0xef7f, 0xef7f, 0xef7f, 0xef7f, 0xef7f, 0xef7f, 0xef7f, 0xef7f, 0xef7f, 0xef7f, 0xef7f, 0xef7f, 0xef7f, 0xef7f, 0xef7f, 0xef7f, 0xf79f, 0xf7bf, 0xffdf, 0xffdf, 0xffdf, 0xffff, 0xffff, 0xffff, 0xffff, 0xffff, 0xffff, 0xffff, 0xffff, 0xffff, 0xffff, 0xffff, 0xffff, 0xffff, 0xffff, 0xffff, 0xffff, 0xffff, 0xffff, 0xffff, 0xffff, 0xffff, 0xffff, 0xffff, 0xffff, 0xffff, 0xffff, 0xffff, 0xffff, 0xffff, 0xffff, 0xffff, 0xffff, 0xffff, 0xffff, 0xffff, 0xffff, 0xffff, 0xffff, 0xffff, 0xffff, 0xffff, 0xffff, 0xffff, 0xffff, 0xffff, 0xffff, 0xffff, 0xffff, 0xffff, 0xffff, 0xffff, 0xffff, 0xffff, 0xffff, 0xffff, 0xffff, 0xffff, 0xffff, 0xffff, 0xffff, 0xffff, 0xffff, 0xffff, 0xffff, 0xffff, 0xffff, 0xffff, 0xffff, 0xffff, 0xffff, 0xffff, 0xffff, 0xffff, 0xffff, 0xffff, 0xffff, 0xffff, 0xffff, 0xffff, 0xffff, 0xffff, 0xffff, 0xffff, 0xffff, 0xffff, 0xffff, 0xffff, 0xffff, 0xffff, 0xffff, 0xffff, 0xffff, 0xffff, 0xffff, 0xffff, 0xffff, 0xffff, 0xffff, 0xffff, 0xffff, 0xffff, 0xffff, 0xffff, 0xffff, 0xffff, 0xffff, 0xffff, 0xffff, 0xffff, 0xffff, 0xffff, 0xffff, 0xffff, 0xffff, 0xffff, 0xffff, 0xffff, 0xffff, 0xffff, 0xffff, 0xffff, 0xffff, 0xffff, 0xffff, 0xffff, 0xffff, 0xffff, 0xffff, 0xffff, 0xffff, 0xffff, 0xffff, 0xffff, 0xffff, 0xffff, 0xffff, 0xffff, 0xffff, 0xffff, 0xffff, 0xffff, 0xffff, 0xffff, 0xffff, 0xffff, 0xffff, 0xffff, 0xffff, 0xffff, 0xffff, 0xffff, 0xffff, 0xffff, 0xffff, 0xffff, 0xffff, 0xffff, 0xffff, 0xffff, 0xffff, 0xffff, 0xffff, 0xffff, 0xffff, 0xffff, 0xffff, 0xffff, 0xffff, 0xffff, 0xffff, 0xffff, 0xffff, 0xffff, 0xffff, 0xffff, 0xffff, 0xffff, 0xffff, 0xffff, 0xffff, 0xffff, 0xffff, 0xffff, 0xffff, 0xffff, 0xffff, 0xffff, 0xffff, 0xffff, 0xffff, 0xffff, 0xffff, 0xffff, 0xffff, 0xffff, 0xffff, 0xffff, 0xffff, 0xffff, 0xffff, 0xffff, 0xffff, 0xffff, 0xffff, 0xffff, 0xffff, 0xffff, 0xffff, 0xffff, 0xffff, 0xffff, 0xffff, 0xffff, 0xffff, 0xffff, 0xffff, 0xffff, 0xffff, 0xffff, 0xffff, 0xffff, 0xffff, 0xffff, 0xffff, 0xffff, 0xffff, 0xffff, 0xffff, 0xffff, 0xffff, 0xffff, 0xffff, 0xffff, 0xffff, 0xffff, 0xffff, 0xffff, 0xffff, 0xffff, 0xffff, 0xffff, 0xffff, 0xffff, 0xffff, 0xffff, 0xffff, 0xffff, 0xffff, 0xffff, 0xffff, 0xffff, 0xffff, 0xffff, 0xffff, 0xffff, 0xffff, 0xffff, 0xffff, 0xffff, 0xffff, 0xffff, 0xffff, 0xffff, 0xffff, 0xffff, 0xffff, 0xffff, 0xffff, 0xffff, 0xffff, 0xffff, 0xffff, 0xffff, 0xffff, 0xffff, 0xffff, 0xffff, 0xffff, 0xffff, 0xffff, 0xffff, 0xffff, 0xffff, 0xffff, 0xffff, 0xffff, 0xffff, 0xffff, 0xffff, 0xffff, 0xffff, 0xffff, 0xffff, 0xffff, 0xffff, 0xffff, 0xffff, 0xffff, 0xffff, 0xffff, 0xffff, 0xffff, 0xffff, 0xffff, 0xffff, 0xffff, 0xffff, 0xffff, 0xffff, 0xffff, 0xffff, 0xffff, 0xffff, 0xffff, 0xffff, 0xffff, 0xffff, 0xffff, 0xffff, 0xffff, 0xffff, 0xffff, 0xffff, 0xffff, 0xffff, 0xffff, 0xffff, 0xffff, 0xffff, 0xffff, 0xffff, 0xffff, 0xffff, 0xffff, 0xffff, 0xffff, 0xffff, 0xffff, 0xffff, 0xffff, 0xffff, 0xffff, 0xffff, 0xffff, 0xffff, 0xffff, 0xffff, 0xffff, 0xffff, 0xffff, 0xffff, 0xffff, 0xffff, 0xffff, 0xffff, 0xffff, 0xffff, 0xffff, 0xffff, 0xffff, 0xffff, 0xffff, 0xffff, 0xffff, 0xffff, 0xffff, 0xffff, 0xffff, 0xffff, 0xffff, 0xffff, 0xffff, 0xffff, 0xffff, 0xffff, 0xffff, 0xffff, 0xffff, 0xffff, 0xffff, 0xffff, 0xffff, 0xffff, 0xffff, 0xffff, 0xffff, 0xffff, 0xffff, 0xffff, 0xffff, 0xffff, 0xffff, 0xffff, 0xffff, 0xffff, 0xffff, 0xffff, 0xffff, 0xffff, 0xffff, 0xffff, 0xffff, 0xffff, 0xffff, 0xffff, 0xffff, 0xffff, 0xffff, 0xffff, 0xffff, 0xffff, 0xffff, 0xffff, 0xffff, 0xffff, 0xffff, 0xffff, 0xffff, 0xffff, 0xffff, 0xffff, 0xffff, 0xffff, 0xffff, 0xffff, 0xffff, 0xffff, 0xffff, 0xffff, 0xffff, 0xffff, 0xffff, 0xffff, 0xffff, 0xffff, 0xffff, 0xffff, 0xffff, 0xffff, 0xffff, 0xffff, 0xffff, 0xffff, 0xffff, 0xffff, 0xffff, 0xffff, 0xffff, 0xffff, 0xffff, 0xffff, 0xffff, 0xffff, 0xffff, 0xffff, 0xffff, 0xffff, 0xffff, 0xffff, 0xffff, 0xffff, 0xffff, 0xffff, 0xffff, 0xffff, 0xffff, 0xffff, 0xffff, 0xffff, 0xffff, 0xffff, 0xffff, 0xffff, 0xffff, 0xffff, 0xffff, 0xffff, 0xffff, 0xffff, 0xffff, 0xffff, 0xffff, 0xffff, 0xffff, 0xffff, 0xffff, 0xffff, 0xffff, 0xffff, 0xffff, 0xffff, 0xffff, 0xffff, 0xffff, 0xffff, 0xffff, 0xffff, 0xffff, 0xffff, 0xffff, 0xffff, 0xffff, 0xffff, 0xffff, 0xffff, 0xffff, 0xffff, 0xffff, 0xffff, 0xffff, 0xffff, 0xffff, 0xffff, 0xffff, 0xffff, 0xffff, 0xffff, 0xffff, 0xffff, 0xffff, 0xffff, 0xffff, 0xffff, 0xffff, 0xffff, 0xffff, 0xffff, 0xffff, 0xffff, 0xffff, 0xffff, 0xffff, 0xffff, 0xffff, 0xffff, 0xffff, 0xffff, 0xffff, 0xffff, 0xffff, 0xffff, 0xffff, 0xffff, 0xffff, 0xffff, 0xffff, 0xffff, 0xffff, 0xffff, 0xffff, 0xffff, 0xffff, 0xffff, 0xffff, 0xffff, 0xffff, 0xffff, 0xffff, 0xffff, 0xffff, 0xffff, 0xffff, 0xffff, 0xffff, 0xffff, 0xffff, 0xffff, 0xffff, 0xffff, 0xffff, 0xffff, 0xffff, 0xffff, 0xffff, 0xffff, 0xffff, 0xffff, 0xffff, 0xffff, 0xffff, 0xffff, 0xffff, 0xffff, 0xffff, 0xffff, 0xffff, 0xffff, 0xffff, 0xffff, 0xffff, 0xffff, 0xffff, 0xffff, 0xffff, 0xffff, 0xffff, 0xffff, 0xffff, 0xffff, 0xffff, 0xffff, 0xffff, 0xffff, 0xffff, 0xffff, 0xffff, 0xffff, 0xffff, 0xffff, 0xffff, 0xffff, 0xffff, 0xffff, 0xffff, 0xffff, 0xffff, 0xffff, 0xffff, 0xffff, 0xffff, 0xffff, 0xffff, 0xffff, 0xffff, 0xffff, 0xffff, 0xffff, 0xffff, 0xffff, 0xffff, 0xffff, 0xffff, 0xffff, 0xffff, 0xffff, 0xffff, 0xffff, 0xffff, 0xffff, 0xffff, 0xffff, 0xffff, 0xffff, 0xffff, 0xffff, 0xffff, 0xffff, 0xffff, 0xffff, 0xffff, 0xffff, 0xffff, 0xffff, 0xffff, 0xffff, 0xffff, 0xffff, 0xffff, 0xffff, 0xffff, 0xffff, 0xffff, 0xffff, 0xffff, 0xffff, 0xffff, 0xffff, 0xffff, 0xffff, 0xffff, 0xffff, 0xffff, 0xffff, 0xffff, 0xffff, 0xffff, 0xffff, 0xffff, 0xffff, 0xffff, 0xffff, 0xffff, 0xffff, 0xffff, 0xffff, 0xffff, 0xffff, 0xffff, 0xffff, 0xffff, 0xffff, 0xffff, 0xffff, 0xffff, 0xffff, 0xffff, 0xffff, 0xffff, 0xffff, 0xffff, 0xffff, 0xffff, 0xffff, 0xffff, 0xffff, 0xffff, 0xffff, 0xffff, 0xffff, 0xffff, 0xffff, 0xffff, 0xffff, 0xffff, 0xffff, 0xffff, 0xffff, 0xffff, 0xffff, 0xffff, 0xffff, 0xffff, 0xffff, 0xffff, 0xffff, 0xffff, 0xffff, 0xffff, 0xffff, 0xffff, 0xffff, 0xffff, 0xffff, 0xffff, 0xffff, 0xffff, 0xffff, 0xffff, 0xffff, 0xffff, 0xffff, 0xffff, 0xffff, 0xffff, 0xffff, 0xffff, 0xffff, 0xffff, 0xffff, 0xffff, 0xffff, 0xffff, 0xffff, 0xffff, 0xffff, 0xffff, 0xffff, 0xffff, 0xffff, 0xffff, 0xffff, 0xffff, 0xffff, 0xffff, 0xffff, 0xffff, 0xffff, 0xffff, 0xffff, 0xffff, 0xffff, 0xffff, 0xffff, 0xffff, 0xffff, 0xffff, 0xffff, 0xffff, 0xffff, 0xffff, 0xffff, 0xffff, 0xffff, 0xffff, 0xffff, 0xffff, 0xffff, 0xffff, 0xffff, 0xffff, 0xffff, 0xffff, 0xffff, 0xffff, 0xffff, 0xffff, 0xffff, 0xffff, 0xffff, 0xffff, 0xffff, 0xffff, 0xffff, 0xffff, 0xffff, 0xffff, 0xffff, 0xffff, 0xffff, 0xffff, 0xffff, 0xffff, 0xffff, 0xffff, 0xffff, 0xffff, 0xffff, 0xffff, 0xffff, 0xffff, 0xffff, 0xffff, 0xffff, 0xffff, 0xffff, 0xffff, 0xffff, 0xffff, 0xffff, 0xffff, 0xffff, 0xffff, 0xffff, 0xffff, 0xffff, 0xffff, 0xffff, 0xffff, 0xffff, 0xffff, 0xffff, 0xffff, 0xffff, 0xffff, 0xffff, 0xffff, 0xffff, 0xffff, 0xffff, 0xffff, 0xffff, 0xffff, 0xffff, 0xffff, 0xffff, 0xffff, 0xffff, 0xffff, 0xffff, 0xffff, 0xffff, 0xffff, 0xffff, 0xffff, 0xffff, 0xffff, 0xffff, 0xffff, 0xffff, 0xffff, 0xffff, 0xffff, 0xffff, 0xffff, 0xffff, 0xffff, 0xffff, 0xffff, 0xffff, 0xffff, 0xffff, 0xffff, 0xffff, 0xffff, 0xffff, 0xffff, 0xffff, 0xffff, 0xffff, 0xffff, 0xffff, 0xffff, 0xffff, 0xffff, 0xffff, 0xffff, 0xffff, 0xffff, 0xffff, 0xffff, 0xffff, 0xffff, 0xffff, 0xffff, 0xffff, 0xffff, 0xffff, 0xffff, 0xffff, 0xffff, 0xffff, 0xffff, 0xffff, 0xffff, 0xffff, 0xffff, 0xffff, 0xffff, 0xffff, 0xffff, 0xffff, 0xffff, 0xffff, 0xffff, 0xffff, 0xffff, 0xffff, 0xffff, 0xffff, 0xffff, 0xffff, 0xffff, 0xffff, 0xffff, 0xffff, 0xffff, 0xffff, 0xffff, 0xffff, 0xffff, 0xffff, 0xffff, 0xffff, 0xffff, 0xffff, 0xffff, 0xffff, 0xffff, 0xffff, 0xffff, 0xffff, 0xffff, 0xffff, 0xffff, 0xffff, 0xffff, 0xffff, 0xffff, 0xffff, 0xffff, 0xffff, 0xffff, 0xffff, 0xffff, 0xffff, 0xffff, 0xffff, 0xffff, 0xffff, 0xffff, 0xffff, 0xffff, 0xffff, 0xffff, 0xffff, 0xffff, 0xffff, 0xffff, 0xffff, 0xffff, 0xffff, 0xffff, 0xffff, 0xffff, 0xffff, 0xffff, 0xffff, 0xffff, 0xffff, 0xffff, 0xffff, 0xffff, 0xffff, 0xffff, 0xffff, 0xffff, 0xffff, 0xffff, 0xffff, 0xffff, 0xffff, 0xffff, 0xffff, 0xffff, 0xffff, 0xffff, 0xffff, 0xffff, 0xffff, 0xffff, 0xffff, 0xffff, 0xffff, 0xffff, 0xffff, 0xffff, 0xffff, 0xffff, 0xffff, 0xffff, 0xffff, 0xffff, 0xffff, 0xffff, 0xffff, 0xffff, 0xffff, 0xffff, 0xffff, 0xffff, 0xffff, 0xffff, 0xffff, 0xffff, 0xffff, 0xffff, 0xffff, 0xffff, 0xffff, 0xffff, 0xffff, 0xffff, 0xffff, 0xffff, 0xffff, 0xffff, 0xffff, 0xffff, 0xffff, 0xffff, 0xffff, 0xffff, 0xffff, 0xffff, 0xffff, 0xffff, 0xffff, 0xffff, 0xffff, 0xffff, 0xffff, 0xffff, 0xffff, 0xffff, 0xffff, 0xffff, 0xffff, 0xffff, 0xffff, 0xffff, 0xffff, 0xffff, 0xffff, 0xffff, 0xffff, 0xffff, 0xffff, 0xffff, 0xffff, 0xffff, 0xffff, 0xffff, 0xffff, 0xffff, 0xffff, 0xffff, 0xffff, 0xffff, 0xffff, 0xffff, 0xffff, 0xffff, 0xffff, 0xffff, 0xffff, 0xffff, 0xffff, 0xffff, 0xffff, 0xffff, 0xffff, 0xffff, 0xffff, 0xffff, 0xffff, 0xffff, 0xffff, 0xffff, 0xffff, 0xffff, 0xffff, 0xffff, 0xffff, 0xffff, 0xffff, 0xffff, 0xffff, 0xffff, 0xffff, 0xffff, 0xffff, 0xffff, 0xffff, 0xffff, 0xffff, 0xffff, 0xffff, 0xffff, 0xffff, 0xffff, 0xffff, 0xffff, 0xffff, 0xffff, 0xffff, 0xffff, 0xffff, 0xffff, 0xffff, 0xffff, 0xffff, 0xffff, 0xffff, 0xffff, 0xffff, 0xffff, 0xffff, 0xffff, 0xffff, 0xffff, 0xffff, 0xffff, 0xffff, 0xffff, 0xffff, 0xffff, 0xffff, 0xffff, 0xffff, 0xffff, 0xffff, 0xffff, 0xffff, 0xffff, 0xffff, 0xffff, 0xffff, 0xffff, 0xffff, 0xffff, 0xffff, 0xffff, 0xffff, 0xffff, 0xffff, 0xffff, 0xffff, 0xffff, 0xffff, 0xffff, 0xffff, 0xffff, 0xffff, 0xffff, 0xffff, 0xffff, 0xffff, 0xffff, 0xffff, 0xffff, 0xffff, 0xffff, 0xffff, 0xffff, 0xffff, 0xffff, 0xffff, 0xffff, 0xffff, 0xffff, 0xffff, 0xffff, 0xffff, 0xffff, 0xffff, 0xffff, 0xffff, 0xffff, 0xffff, 0xffff, 0xffff, 0xffff, 0xffff, 0xffff, 0xffff, 0xffff, 0xffff, 0xffff, 0xffff, 0xffff, 0xffff, 0xffff, 0xffff, 0xffff, 0xffff, 0xffff, 0xffff, 0xffff, 0xffff, 0xffff, 0xffff, 0xffff, 0xffff, 0xffff, 0xffff, 0xffff, 0xffff, 0xffff, 0xffff, 0xffff, 0xffff, 0xffff, 0xffff, 0xffff, 0xffff, 0xffff, 0xffff, 0xffff, 0xffff, 0xffff, 0xffff, 0xffff, 0xffff, 0xffff, 0xffff, 0xffff, 0xffff, 0xffff, 0xffff, 0xffff, 0xffff, 0xffff, 0xffff, 0xffff, 0xffff, 0xffff, 0xffff, 0xffff, 0xffff, 0xffff, 0xffff, 0xffff, 0xffff, 0xffff, 0xffff, 0xffff, 0xffff, 0xffff, 0xffff, 0xffff, 0xffff, 0xffff, 0xffff, 0xffff, 0xffff, 0xffff, 0xffff, 0xffff, 0xffff, 0xffff, 0xffff, 0xffff, 0xffff, 0xffff, 0xffff, 0xffff, 0xffff, 0xffff, 0xffff, 0xffff, 0xffff, 0xffff, 0xffff, 0xffff, 0xffff, 0xffff, 0xffff, 0xffff, 0xffff, 0xffff, 0xffff, 0xffff, 0xffff, 0xffff, 0xffff, 0xffff, 0xffff, 0xffff, 0xffff, 0xffff, 0xffff, 0xffff, 0xffff, 0xffff, 0xffff, 0xffff, 0xffff, 0xffff, 0xffff, 0xffff, 0xffff, 0xffff, 0xffff, 0xffff, 0xffff, 0xffff, 0xffff, 0xffff, 0xffff, 0xffff, 0xffff, 0xffff, 0xffff, 0xffff, 0xffff, 0xffff, 0xffff, 0xffff, 0xffff, 0xffff, 0xffff, 0xffff, 0xffff, 0xffff, 0xffff, 0xffff, 0xffff, 0xffff, 0xffff, 0xffff, 0xffff, 0xffff, 0xffff, 0xffff, 0xffff, 0xffff, 0xffff, 0xffff, 0xffff, 0xffff, 0xffff, 0xffff, 0xffff, 0xffff, 0xffff, 0xffff, 0xffff, 0xffff, 0xffff, 0xffff, 0xffff, 0xffff, 0xffff, 0xffff, 0xffff, 0xffff, 0xffff, 0xffff, 0xffff, 0xffff, 0xffff, 0xffff, 0xffff, 0xffff, 0xffff, 0xffff, 0xffff, 0xffff, 0xffff, 0xffff, 0xffff, 0xffff, 0xffff, 0xffff, 0xffff, 0xffff, 0xffff, 0xffff, 0xffff, 0xffff, 0xffff, 0xffff, 0xffff, 0xffff, 0xffff, 0xffff, 0xffff, 0xffff, 0xffff, 0xffff, 0xffff, 0xffff, 0xffff, 0xffff, 0xffff, 0xffff, 0xffff, 0xffff, 0xffff, 0xffff, 0xffff, 0xffff, 0xffff, 0xffff, 0xffff, 0xffff, 0xffff, 0xffff, 0xffff, 0xffff, 0xffff, 0xffff, 0xffff, 0xffff, 0xffff, 0xffff, 0xffff, 0xffff, 0xffff, 0xffff, 0xffff, 0xffff, 0xffff, 0xffff, 0xffff, 0xffff, 0xffff, 0xffff, 0xffff, 0xffff, 0xffff, 0xffff, 0xffff, 0xffff, 0xffff, 0xffff, 0xffff, 0xffff, 0xffff, 0xffff, 0xffff, 0xffff, 0xffff, 0xffff, 0xffff, 0xffff, 0xffff, 0xffff, 0xffff, 0xffff, 0xffff, 0xffff, 0xffff, 0xffff, 0xffff, 0xffff, 0xffff, 0xffff, 0xffff, 0xffff, 0xffff, 0xffff, 0xffff, 0xffff, 0xffff, 0xffff, 0xffff, 0xffff, 0xffff, 0xffff, 0xffff, 0xffff, 0xffff, 0xffff, 0xffff, 0xffff, 0xffff, 0xffff, 0xffff, 0xffff, 0xffff, 0xffff, 0xffff, 0xffff, 0xffff, 0xffff, 0xffff, 0xffff, 0xffff, 0xffff, 0xffff, 0xffff, 0xffff, 0xffff, 0xffff, 0xffff, 0xffff, 0xffff, 0xffff, 0xffff, 0xffff, 0xffff, 0xffff, 0xffff, 0xffff, 0xffff, 0xffff, 0xffff, 0xffff, 0xffff, 0xffff, 0xffff, 0xffff, 0xffff, 0xffff, 0xffff, 0xffff, 0xffff, 0xffff, 0xffff, 0xffff, 0xffff, 0xffff, 0xffff, 0xffff, 0xffff, 0xffff, 0xffff, 0xffff, 0xffff, 0xffff, 0xffff, 0xffff, 0xffff, 0xffff, 0xffff, 0xffff, 0xffff, 0xffff, 0xffff, 0xffff, 0xffff, 0xffff, 0xffff, 0xffff, 0xffff, 0xffff, 0xffff, 0xffff, 0xffff, 0xffff, 0xffff, 0xffff, 0xffff, 0xffff, 0xffff, 0xffff, 0xffff, 0xffff, 0xffff, 0xffff, 0xffff, 0xffff, 0xffff, 0xffff, 0xffff, 0xffff, 0xffff, 0xffff, 0xffff, 0xffff, 0xffff, 0xffff, 0xffff, 0xffff, 0xffff, 0xffff, 0xffff, 0xffff, 0xffff, 0xffff, 0xffff, 0xffff, 0xffff, 0xffff, 0xffff, 0xffff, 0xffff, 0xffff, 0xffff, 0xffff, 0xffff, 0xffff, 0xffff, 0xffff, 0xffff, 0xffff, 0xffff, 0xffff, 0xffff, 0xffff, 0xffff, 0xffff, 0xffff, 0xffff, 0xffff, 0xffff, 0xffff, 0xffff, 0xffff, 0xffff, 0xffff, 0xffff, 0xffff, 0xffff, 0xffff, 0xffff, 0xffff, 0xffff, 0xffff, 0xffff, 0xffff, 0xffff, 0xffff, 0xffff, 0xffff, 0xffff, 0xffff, 0xffff, 0xffff, 0xffff, 0xffff, 0xffff, 0xffff, 0xffff, 0xffff, 0xffff, 0xffff, 0xffff, 0xffff, 0xffff, 0xffff, 0xffff, 0xffff, 0xffff, 0xffff, 0xffff, 0xffff, 0xffff, 0xffff, 0xffff, 0xffff, 0xffff, 0xffff, 0xffff, 0xffff, 0xffff, 0xffff, 0xffff, 0xffff, 0xffff, 0xffff, 0xffff, 0xffff, 0xffff, 0xffff, 0xffff, 0xffff, 0xffff, 0xffff, 0xffff, 0xffff, 0xffff, 0xffff, 0xffff, 0xffff, 0xffff, 0xffff, 0xffff, 0xffff, 0xffff, 0xffff, 0xffff, 0xffff, 0xffff, 0xffff, 0xffff, 0xffff, 0xffff, 0xffff, 0xffff, 0xffff, 0xffff, 0xffff, 0xffff, 0xffff, 0xffff, 0xffff, 0xffff, 0xffff, 0xffff, 0xffff, 0xffff, 0xffff, 0xffff, 0xffff, 0xffff, 0xffff, 0xffff, 0xffff, 0xffff, 0xffff, 0xffff, 0xffff, 0xffff, 0xffff, 0xffff, 0xffff, 0xffff, 0xffff, 0xffff, 0xffff, 0xffff, 0xffff, 0xffff, 0xffff, 0xffff, 0xffff, 0xffff, 0xffff, 0xffff, 0xffff, 0xffff, 0xffff, 0xffff, 0xffff, 0xffff, 0xffff, 0xffff, 0xffff, 0xffff, 0xffff, 0xffff, 0xffff, 0xffff, 0xffff, 0xffff, 0xffff, 0xffff, 0xffff, 0xffff, 0xffff, 0xffff, 0xffff, 0xffff, 0xffff, 0xffff, 0xffff, 0xffff, 0xffff, 0xffff, 0xffff, 0xffff, 0xffff, 0xffff, 0xffff, 0xffff, 0xffff, 0xffff, 0xffff, 0xffff, 0xffff, 0xffff, 0xffff, 0xffff, 0xffff, 0xffff, 0xffff, 0xffff, 0xffff, 0xffff, 0xffff, 0xffff, 0xffff, 0xffff, 0xffff, 0xffff, 0xffff, 0xffff, 0xffff, 0xffff, 0xffff, 0xffff, 0xffff, 0xffff, 0xffff, 0xffff, 0xffff, 0xffff, 0xffff, 0xffff, 0xffff, 0xffff, 0xffff, 0xffff, 0xffff, 0xffff, 0xffff, 0xffff, 0xffff, 0xffff, 0xffff, 0xffff, 0xffff, 0xffff, 0xffff, 0xffff, 0xffff, 0xffff, 0xffff, 0xffff, 0xffff, 0xffff, 0xffff, 0xffff, 0xffff, 0xffff, 0xffff, 0xffff, 0xffff, 0xffff, 0xffff, 0xffff, 0xffff, 0xffff, 0xffff, 0xffff, 0xffff, 0xffff, 0xffff, 0xffff, 0xffff, 0xffff, 0xffff, 0xffff, 0xffff, 0xffff, 0xffff, 0xffff, 0xffff, 0xffff, 0xffff, 0xffff, 0xffff, 0xffff, 0xffff, 0xffff, 0xffff, 0xffff, 0xffff, 0xffff, 0xffff, 0xffff, 0xffff, 0xffff, 0xffff, 0xffff, 0xffff, 0xffff, 0xffff, 0xffff, 0xffff, 0xffff, 0xffff, 0xffff, 0xffff, 0xffff, 0xffff, 0xffff, 0xffff, 0xffff, 0xffff, 0xffff, 0xffff, 0xffff, 0xffff, 0xffff, 0xffff, 0xffff, 0xffff, 0xffff, 0xffff, 0xffff, 0xffff, 0xffff, 0xffff, 0xffff, 0xffff, 0xffff, 0xffff, 0xffff, 0xffff, 0xffff, 0xffff, 0xffff, 0xffff, 0xffff, 0xffff, 0xffff, 0xffff, 0xffff, 0xffff, 0xffff, 0xffff, 0xffff, 0xffff, 0xffff, 0xffff, 0xffff, 0xffff, 0xffff, 0xffff, 0xffff, 0xffff, 0xffff, 0xffff, 0xffff, 0xffff, 0xffff, 0xffff, 0xffff, 0xffff, 0xffff, 0xffff, 0xffff, 0xffff, 0xffff, 0xffff, 0xffff, 0xffff, 0xffff, 0xffff, 0xffff, 0xffff, 0xffff, 0xffff, 0xffff, 0xffff, 0xffff, 0xffff, 0xffff, 0xffff, 0xffff, 0xffff, 0xffff, 0xffff, 0xffff, 0xffff, 0xffff, 0xffff, 0xffff, 0xffff, 0xffff, 0xffff, 0xffff, 0xffff, 0xffff, 0xffff, 0xffff, 0xffff, 0xffff, 0xffff, 0xffff, 0xffff, 0xffff, 0xffff, 0xffff, 0xffff, 0xffff, 0xffff, 0xffff, 0xffff, 0xffff, 0xffff, 0xffff, 0xffff, 0xffff, 0xffff, 0xffff, 0xffff, 0xffff, 0xffff, 0xffff, 0xffff, 0xffff, 0xffff, 0xffff, 0xffff, 0xffff, 0xffff, 0xffff, 0xffff, 0xffff, 0xffff, 0xffff, 0xffff, 0xffff, 0xffff, 0xffff, 0xffff, 0xffff, 0xffff, 0xffff, 0xffff, 0xffff, 0xffff, 0xffff, 0xffff, 0xffff, 0xffff, 0xffff, 0xffff, 0xffff, 0xffff, 0xffff, 0xffff, 0xffff, 0xffff, 0xffff, 0xffff, 0xffff, 0xffff, 0xffff, 0xffff, 0xffff, 0xffff, 0xffff, 0xffff, 0xffff, 0xffff, 0xffff, 0xffff, 0xffff, 0xffff, 0xffff, 0xffff, 0xffff, 0xffff, 0xffff, 0xffff, 0xffff, 0xffff, 0xffff, 0xffff, 0xffff, 0xffff, 0xffff, 0xffff, 0xffff, 0xffff, 0xffff, 0xffff, 0xffff, 0xffff, 0xffff, 0xffff, 0xffff, 0xffff, 0xffff, 0xffff, 0xffff, 0xffff, 0xffff, 0xffff, 0xffff, 0xffff, 0xffff, 0xffff, 0xffff, 0xffff, 0xffff, 0xffff, 0xffff, 0xffff, 0xffff, 0xffff, 0xffff, 0xffff, 0xffff, 0xffff, 0xffff, 0xffff, 0xffff, 0xffff, 0xffff, 0xffff, 0xffff, 0xffff, 0xffff, 0xffff, 0xffff, 0xffff, 0xffff, 0xffff, 0xffff, 0xffff, 0xffff, 0xffff, 0xffff, 0xffff, 0xffff, 0xffff, 0xffff, 0xffff, 0xffff, 0xffff, 0xffff, 0xffff, 0xffff, 0xffff, 0xffff, 0xffff, 0xffff, 0xffff, 0xffff, 0xffff, 0xffff, 0xffff, 0xffff, 0xffff, 0xffff, 0xffff, 0xffff, 0xffff, 0xffff, 0xffff, 0xffff, 0xffff, 0xffff, 0xffff, 0xffff, 0xffff, 0xffff, 0xffff, 0xffff, 0xffff, 0xffff, 0xffff, 0xffff, 0xffff, 0xffff, 0xffff, 0xffff, 0xffff, 0xffff, 0xffff, 0xffff, 0xffff, 0xffff, 0xffff, 0xffff, 0xffff, 0xffff, 0xffff, 0xffff, 0xffff, 0xffff, 0xffff, 0xffff, 0xffff, 0xffff, 0xffff, 0xffff, 0xffff, 0xffff, 0xffff, 0xffff, 0xffff, 0xffff, 0xffff, 0xffff, 0xffff, 0xffff, 0xffff, 0xffff, 0xffff, 0xffff, 0xffff, 0xffff, 0xffff, 0xffff, 0xffff, 0xffff, 0xffff, 0xffff, 0xffff, 0xffff, 0xffff, 0xffff, 0xffff, 0xffff, 0xffff, 0xffff, 0xffff, 0xffff, 0xffff
    };



int main()
{
	//uint32_t dir, port;
	counter = 0;
	printf("Lets start counting \n");


	// Configurer les 32 bits du port en sortie
	IOWR_32DIRECT(PARALLELPORT_0_BASE, GPIO_REG_DIR, 0xFFFFFFFF);
	IOWR_8DIRECT(GPIO_LCD_0_BASE, GPIO_REG_DIR_LCD, 0xFF);

	//stop timer
	IOWR_16DIRECT(TIMER_0_BASE, 0x4, 0x08);

	//clear pending interrupt
	IOWR_16DIRECT(TIMER_0_BASE, 0, 0x00);


	//Register ISR function
	alt_ic_isr_register(TIMER_0_IRQ_INTERRUPT_CONTROLLER_ID, TIMER_0_IRQ, (alt_isr_func)timer_interrupt, NULL, NULL);
	alt_ic_isr_register(DMA_LCD_CTRL_0_IRQ_INTERRUPT_CONTROLLER_ID, DMA_LCD_CTRL_0_IRQ, (alt_isr_func)dma_interrupt, NULL, NULL);

	//start timer (bit0 = interrupt enable, bit1 = continous count, bit2 = start)
	IOWR_16DIRECT(TIMER_0_BASE, 0x4, 0x07);


	init_LCD();
	//init_transfer_img_DMA(0);
	LCD_Write_Command(0x002C); // indique qu'on va écrire des pixels


	printf("Writing pixels on LCD...\n");
	//Ask DMA to read 240x360x16bits in SDRAM
	IOWR_32DIRECT(DMA_LCD_CTRL_0_BASE, DMA_LCD_PTR, image_MSE);
	IOWR_32DIRECT(DMA_LCD_CTRL_0_BASE, DMA_LCD_SIZE, LCD_HEIGHT*LCD_WIDTH);

	//Start DMA transfer by writing 0x01 to control register
	IOWR_32DIRECT(DMA_LCD_CTRL_0_BASE, DMA_LCD_CTRL, 0x01);

	//img_select = 0;


	while(1)
	{

		/*if(img_transfered) {
			delay(400);
			for(int i=0; i<(LCD_WIDTH*LCD_HEIGHT); i++)
			{
				LCD_Write_Data(image_MSE[i]);
			}
			img_transfered = 0;
		}*/

		/*if(img_transfered) {
			if(img_select == 0)
			{
				delay(400);
				//Ask DMA to read 240x360x16bits in SDRAM
				IOWR_32DIRECT(DMA_LCD_CTRL_0_BASE, DMA_LCD_PTR, image_MSE);
				IOWR_32DIRECT(DMA_LCD_CTRL_0_BASE, DMA_LCD_SIZE, LCD_HEIGHT*LCD_WIDTH);

				//Start DMA transfer by writing 0x01 to control register
				IOWR_32DIRECT(DMA_LCD_CTRL_0_BASE, DMA_LCD_CTRL, 0x01);
				img_transfered = 0;
				img_select = 1;

			} else
			{
				delay(400);
				//Ask DMA to read 240x360x16bits in SDRAM
				IOWR_32DIRECT(DMA_LCD_CTRL_0_BASE, DMA_LCD_PTR, image_DMA);
				IOWR_32DIRECT(DMA_LCD_CTRL_0_BASE, DMA_LCD_SIZE, LCD_HEIGHT*LCD_WIDTH);

				//Start DMA transfer by writing 0x01 to control register
				IOWR_32DIRECT(DMA_LCD_CTRL_0_BASE, DMA_LCD_CTRL, 0x01);
				img_transfered = 0;
				img_select = 0;
			}
		}*/



























		/*for(int i=0; i<(LCD_WIDTH*LCD_HEIGHT); i++)
		{
			LCD_Write_Data(image_MSE[i]);
		}*/


		/*if(100<=counter_before_next_transfer){
			if(image_transfered)
			{
				switch(img_select)
				{
					case 0:
						image_transfered = 0;
						//Ask DMA to read 240x360x16bits in SDRAM
						IOWR_32DIRECT(DMA_LCD_CTRL_0_BASE, DMA_LCD_PTR, image_DMA);
						IOWR_32DIRECT(DMA_LCD_CTRL_0_BASE, DMA_LCD_SIZE, LCD_HEIGHT*LCD_WIDTH);

						//Start DMA transfer by writing 0x01 to control register
						IOWR_32DIRECT(DMA_LCD_CTRL_0_BASE, DMA_LCD_CTRL, 0x01);
						img_select = 1;
						break;
					case 1:
						image_transfered = 0;
						IOWR_32DIRECT(DMA_LCD_CTRL_0_BASE, DMA_LCD_PTR, image_MSE);
						IOWR_32DIRECT(DMA_LCD_CTRL_0_BASE, DMA_LCD_SIZE, LCD_HEIGHT*LCD_WIDTH);

						//Start DMA transfer by writing 0x01 to control register
						IOWR_32DIRECT(DMA_LCD_CTRL_0_BASE, DMA_LCD_CTRL, 0x01);


						img_select = 0;
						break;
					default:
						break;
				}
			}
			counter_before_next_transfer = 0;
		}*/

		/*for(int i=0; i<(LCD_WIDTH*LCD_HEIGHT); i++)
								{
									LCD_Write_Data(image_MSE[i]);
								}*/




		/*while(1){
				for(int i = 0 ; i <= (LCD_HEIGHT - 1) ; i++){
					//Write in the LCD memory
					for(int j = 0 ; j <= (LCD_WIDTH - 1) ; j++){
						LCD_Write_Data(0x0000);
					}
				}

				delay(200);
				for(int i = 0 ; i <= (LCD_HEIGHT - 1) ; i++){
					//Write in the LCD memory
					for(int j = 0 ; j <= (LCD_WIDTH - 1) ; j++){
						LCD_Write_Data(0xffff);
					}
				}

				delay(200);
			}*/
		//delay(400);
	}

	//port = IORD_32DIRECT(PARALLELPORT_0_BASE, 2);
	//printf("Port register = 0x%08X\n", port);
}
